Formula,Band Gap,Is Gap Direct,B1_radius,B2_radius,A_electroneg,B1_row,B2_row,B2_ionic_radius,B1_electrons,B_electroneg_diff,B_radius_diff,tolerance_factor,octahedral_factor,X_is_Cl,X_is_Br,X_is_I,X_is_F,B1_B2_ionic_radius_diff,B2_X_ionic_radius_ratio,B1_X_electroneg_diff,B2_X_electroneg_diff,B1_B2_valence_electrons_diff,A_ionic_radius,lattice_constant,A_radius_ratio_in_cell,A_X_bond_length,B1_X_bond_length,B1_B2_charge_density_ratio,X_electron_affinity,B_electroneg_avg
Cs2AgBiCl6,1.8663,False,1.6,1.6,0.79,5,6.0,1.03,47.0,0.09,0.0,0.899732422,0.602209945,1,0,0,0,0.12,0.569060773,1.23,1.14,36,1.67,5.8,0.575862069,3.48,2.96,0.298550725,3.61272,1.975
Cs2NaCeCl6,0.3601,False,1.8,1.85,0.79,3,6.0,1.01,11.0,0.19,0.05,0.923619123,0.560773481,1,0,0,0,0.01,0.55801105,2.23,2.04,47,1.67,5.65,0.591150442,3.48,2.83,0.330065359,3.61272,1.025
Cs2KSmCl6,5.0573,True,2.2,1.85,0.79,4,6.0,0.958,19.0,0.35,0.35,0.875872448,0.645856354,1,0,0,0,0.422,0.529281768,2.34,1.99,43,1.67,5.958,0.560590802,3.48,3.19,0.231400966,3.61272,0.995
Cs2NaLaCl6,4.6183,True,1.8,1.95,0.79,3,6.0,1.032,11.0,0.17,0.15,0.920036679,0.566850829,1,0,0,0,0.012,0.570165746,2.23,2.06,46,1.67,5.672,0.588857546,3.48,2.83,0.337254902,3.61272,1.015
Cs2NaBiCl6,3.7126,False,1.8,1.6,0.79,3,6.0,1.03,11.0,1.09,0.2,0.920361207,0.566298343,1,0,0,0,0.01,0.569060773,2.23,1.14,72,1.67,5.67,0.589065256,3.48,2.83,0.336601307,3.61272,1.475
Cs2InAgCl6,1.3421,True,1.6,1.55,0.79,5,5.0,0.8,47.0,0.15,0.05,0.936884748,0.538674033,1,0,0,0,0.35,0.44198895,1.23,1.38,2,1.67,5.57,0.599640934,3.48,2.96,0.231884058,3.61272,1.855
Cs2NaDyCl6,4.9885,True,1.8,1.75,0.79,3,6.0,0.912,11.0,0.29,0.05,0.939922198,0.533701657,1,0,0,0,0.108,0.503867403,2.23,1.94,55,1.67,5.552,0.601585014,3.48,2.83,0.298039216,3.61272,1.075
Cs2LiMoCl6,1.5978,True,1.45,1.45,0.79,2,5.0,0.69,3.0,1.18,0.0,1.029279693,0.400552486,1,0,0,0,0.07,0.38121547,2.18,1.0,39,1.67,5.07,0.65877712,3.48,2.57,0.302631579,3.61272,1.57
Cs2NaScCl6,3.8894,False,1.8,1.6,0.79,3,4.0,0.745,11.0,0.43,0.2,0.969071132,0.487569061,1,0,0,0,0.275,0.41160221,2.23,1.8,10,1.67,5.385,0.620241411,3.48,2.83,0.243464052,3.61272,1.145
Cs2NaMoCl6,1.6371,True,1.8,1.45,0.79,3,5.0,0.69,11.0,1.23,0.35,0.979070928,0.472375691,1,0,0,0,0.33,0.38121547,2.23,1.0,31,1.67,5.33,0.626641651,3.48,2.83,0.225490196,3.61272,1.545
Cs2LiSbCl6,2.9508,False,1.45,1.45,0.79,2,5.0,0.76,3.0,1.07,0.0,1.015262266,0.419889503,1,0,0,0,0.0,0.419889503,2.18,1.11,48,1.67,5.14,0.649805447,3.48,2.57,0.333333333,3.61272,1.515
Cs2LiErCl6,5.1941,True,1.45,1.75,0.79,2,6.0,0.89,3.0,0.26,0.3,0.990217845,0.455801105,1,0,0,0,0.13,0.491712707,2.18,1.92,65,1.67,5.27,0.633776091,3.48,2.57,0.390350877,3.61272,1.11
Cs2TmCuCl6,2.4365,False,1.35,1.75,0.79,4,6.0,0.88,29.0,0.65,0.4,0.990217845,0.455801105,1,0,0,0,0.11,0.486187845,1.26,1.91,40,1.67,5.27,0.633776091,3.48,2.58,0.380952381,3.61272,1.575
Cs2SmCuCl6,2.57,False,1.35,1.85,0.79,4,6.0,0.958,29.0,0.73,0.5,0.975775625,0.477348066,1,0,0,0,0.188,0.529281768,1.26,1.99,33,1.67,5.348,0.624532536,3.48,2.58,0.414718615,3.61272,1.535
Cs2CuSbCl6,0.898,False,1.35,1.45,0.79,4,5.0,0.76,29.0,0.15,0.1,1.013290883,0.422651934,1,0,0,0,0.01,0.419889503,1.26,1.11,22,1.67,5.15,0.648543689,3.48,2.58,0.329004329,3.61272,1.975
Cs2PrCuCl6,2.3465,False,1.35,1.85,0.79,4,6.0,0.99,29.0,0.77,0.5,0.969971756,0.486187845,1,0,0,0,0.22,0.546961326,1.26,2.03,30,1.67,5.38,0.620817844,3.48,2.58,0.428571429,3.61272,1.515
Cs2CuBiCl6,1.1184,False,1.35,1.6,0.79,4,6.0,1.03,29.0,0.12,0.25,0.962813292,0.497237569,1,0,0,0,0.26,0.569060773,1.26,1.14,54,1.67,5.42,0.616236162,3.48,2.58,0.445887446,3.61272,1.96
Cs2RbTmCl6,5.0734,True,2.35,1.75,0.79,5,6.0,0.88,37.0,0.43,0.6,0.866851835,0.662983425,1,0,0,0,0.64,0.486187845,2.34,1.91,32,1.67,6.02,0.554817276,3.48,3.33,0.192982456,3.61272,1.035
Cs2NaPrCl6,4.9676,True,1.8,1.85,0.79,3,6.0,0.99,11.0,0.2,0.05,0.926900186,0.555248619,1,0,0,0,0.03,0.546961326,2.23,2.03,48,1.67,5.63,0.593250444,3.48,2.83,0.323529412,3.61272,1.03
Cs2NaNdCl6,4.9943,True,1.8,1.85,0.79,3,6.0,0.983,11.0,0.21,0.05,0.928054072,0.553314917,1,0,0,0,0.037,0.543093923,2.23,2.02,49,1.67,5.623,0.593988974,3.48,2.83,0.32124183,3.61272,1.035
Cs2NaLuCl6,5.494,True,1.8,1.75,0.79,3,6.0,0.861,11.0,0.34,0.05,0.948636256,0.51961326,1,0,0,0,0.159,0.475690608,2.23,1.89,60,1.67,5.501,0.607162334,3.48,2.83,0.281372549,3.61272,1.1
Cs2LiPrCl6,4.7971,True,1.45,1.85,0.79,2,6.0,0.99,3.0,0.15,0.4,0.971778034,0.483425414,1,0,0,0,0.23,0.546961326,2.18,2.03,56,1.67,5.37,0.621973929,3.48,2.57,0.434210526,3.61272,1.055
Cs2LiNdCl6,4.8227,True,1.45,1.85,0.79,2,6.0,0.983,3.0,0.16,0.4,0.973046438,0.481491713,1,0,0,0,0.223,0.543093923,2.18,2.02,57,1.67,5.363,0.622785754,3.48,2.57,0.431140351,3.61272,1.06
Cs2LiBiCl6,3.6075,False,1.45,1.6,0.79,2,6.0,1.03,3.0,1.04,0.15,0.964592984,0.494475138,1,0,0,0,0.27,0.569060773,2.18,1.14,80,1.67,5.41,0.617375231,3.48,2.57,0.451754386,3.61272,1.5
Cs2KSbCl6,3.393,True,2.2,1.45,0.79,4,5.0,0.76,19.0,1.23,0.75,0.905980563,0.591160221,1,0,0,0,0.62,0.419889503,2.34,1.11,32,1.67,5.76,0.579861111,3.48,3.19,0.183574879,3.61272,1.435
Cs2KMoCl6,1.666,True,2.2,1.45,0.79,4,5.0,0.69,19.0,1.34,0.75,0.917126194,0.571823204,1,0,0,0,0.69,0.38121547,2.34,1.0,23,1.67,5.69,0.586994728,3.48,3.19,0.166666667,3.61272,1.49
Cs2KBiCl6,4.0357,True,2.2,1.6,0.79,4,6.0,1.03,19.0,1.2,0.6,0.86541427,0.665745856,1,0,0,0,0.35,0.569060773,2.34,1.14,64,1.67,6.03,0.553897181,3.48,3.19,0.248792271,3.61272,1.42
Cs2ScTlCl6,3.5792,True,1.9,1.6,0.79,6,4.0,0.745,81.0,0.26,0.3,0.889760963,0.620165746,1,0,0,0,0.755,0.41160221,1.54,1.8,60,1.67,5.865,0.569479966,3.48,3.31,0.165555556,3.61272,1.49
Cs2TlGaCl6,2.6597,False,1.9,1.3,0.79,6,4.0,0.62,81.0,0.19,0.6,0.90913729,0.585635359,1,0,0,0,0.88,0.342541436,1.54,1.35,50,1.67,5.74,0.581881533,3.48,3.31,0.137777778,3.61272,1.715
Cs2TlSbCl6,2.0043,True,1.9,1.45,0.79,6,5.0,0.76,81.0,0.43,0.45,0.887491164,0.624309392,1,0,0,0,0.74,0.419889503,1.54,1.11,30,1.67,5.88,0.568027211,3.48,3.31,0.168888889,3.61272,1.835
Cs2RbTlCl6,2.4689,True,2.35,1.9,0.79,5,6.0,1.5,37.0,0.8,0.45,0.78591085,0.834254144,1,0,0,0,0.02,0.828729282,2.34,1.54,44,1.67,6.64,0.503012048,3.48,3.33,0.328947368,3.61272,1.22
Cs2RbAsCl6,3.4685,True,2.35,1.15,0.79,5,4.0,0.58,37.0,1.36,1.2,0.912316092,0.580110497,1,0,0,0,0.94,0.320441989,2.34,0.98,4,1.67,5.72,0.583916084,3.48,3.33,0.127192982,3.61272,1.5
Cs2YTlCl6,4.3248,True,1.9,1.8,0.79,6,5.0,0.9,81.0,0.4,0.1,0.866851835,0.662983425,1,0,0,0,0.6,0.497237569,1.54,1.94,42,1.67,6.02,0.554817276,3.48,3.31,0.2,3.61272,1.42
Cs2TlBiCl6,2.2018,True,1.9,1.6,0.79,6,6.0,1.03,81.0,0.4,0.3,0.848528137,0.698895028,1,0,0,0,0.47,0.569060773,1.54,1.14,2,1.67,6.15,0.543089431,3.48,3.31,0.228888889,3.61272,1.82
Cs2RbYCl6,4.9337,True,2.35,1.8,0.79,5,5.0,0.9,37.0,0.4,0.55,0.863981464,0.668508287,1,0,0,0,0.62,0.497237569,2.34,1.94,2,1.67,6.04,0.552980132,3.48,3.33,0.197368421,3.61272,1.02
Cs2RbTbCl6,4.9233,True,2.35,1.75,0.79,5,6.0,0.923,37.0,0.28,0.6,0.860703949,0.674861878,1,0,0,0,0.597,0.509944751,2.34,2.06,28,1.67,6.063,0.550882401,3.48,3.33,0.202412281,3.61272,0.96
Cs2RbSmCl6,4.8937,True,2.35,1.85,0.79,5,6.0,0.958,37.0,0.35,0.5,0.855763864,0.684530387,1,0,0,0,0.562,0.529281768,2.34,1.99,25,1.67,6.098,0.547720564,3.48,3.33,0.210087719,3.61272,0.995
Cs2RbScCl6,4.0707,False,2.35,1.6,0.79,5,4.0,0.745,37.0,0.54,0.75,0.886737136,0.625690608,1,0,0,0,0.775,0.41160221,2.34,1.8,16,1.67,5.885,0.567544605,3.48,3.33,0.163377193,3.61272,1.09
Cs2RbSbCl6,3.4707,True,2.35,1.45,0.79,5,5.0,0.76,37.0,1.23,0.9,0.88448272,0.629834254,1,0,0,0,0.76,0.419889503,2.34,1.11,14,1.67,5.9,0.566101695,3.48,3.33,0.166666667,3.61272,1.435
Cs2RbNdCl6,4.8574,True,2.35,1.85,0.79,5,6.0,0.983,37.0,0.32,0.5,0.85226981,0.691436464,1,0,0,0,0.537,0.543093923,2.34,2.02,23,1.67,6.123,0.54548424,3.48,3.33,0.215570175,3.61272,0.98
Cs2RbPrCl6,4.8296,True,2.35,1.85,0.79,5,6.0,0.99,37.0,0.31,0.5,0.851296582,0.693370166,1,0,0,0,0.53,0.546961326,2.34,2.03,22,1.67,6.13,0.544861338,3.48,3.33,0.217105263,3.61272,0.975
Cs2RbInCl6,3.6668,True,2.35,1.55,0.79,5,5.0,0.8,37.0,0.96,0.8,0.878526607,0.640883978,1,0,0,0,0.72,0.44198895,2.34,1.38,12,1.67,5.94,0.562289562,3.48,3.33,0.175438596,3.61272,1.3
Cs2RbLaCl6,4.4364,True,2.35,1.95,0.79,5,6.0,1.032,37.0,0.28,0.4,0.845503572,0.704972376,1,0,0,0,0.488,0.570165746,2.34,2.06,20,1.67,6.172,0.541153597,3.48,3.33,0.226315789,3.61272,0.96
Cs2RbErCl6,5.067,True,2.35,1.75,0.79,5,6.0,0.89,37.0,0.42,0.6,0.86541427,0.665745856,1,0,0,0,0.63,0.491712707,2.34,1.92,31,1.67,6.03,0.553897181,3.48,3.33,0.195175439,3.61272,1.03
Cs2RbBiCl6,4.1316,True,2.35,1.6,0.79,5,6.0,1.03,37.0,1.2,0.75,0.845777641,0.70441989,1,0,0,0,0.49,0.569060773,2.34,1.14,46,1.67,6.17,0.541329011,3.48,3.33,0.225877193,3.61272,1.42
Cs2RbDyCl6,5.0592,True,2.35,1.75,0.79,5,6.0,0.912,37.0,0.4,0.6,0.862268349,0.671823204,1,0,0,0,0.608,0.503867403,2.34,1.94,29,1.67,6.052,0.551883675,3.48,3.33,0.2,3.61272,1.02
Cs2YAgCl6,3.8705,False,1.6,1.8,0.79,5,5.0,0.9,47.0,0.71,0.2,0.920361207,0.566298343,1,0,0,0,0.25,0.497237569,1.23,1.94,8,1.67,5.67,0.589065256,3.48,2.96,0.260869565,3.61272,1.575
Cs2TlInCl6,2.7015,False,1.9,1.55,0.79,6,5.0,0.8,81.0,0.16,0.35,0.881494602,0.635359116,1,0,0,0,0.7,0.44198895,1.54,1.38,32,1.67,5.92,0.564189189,3.48,3.31,0.177777778,3.61272,1.7
Cs2TlAsCl6,2.0627,True,1.9,1.15,0.79,6,4.0,0.58,81.0,0.56,0.75,0.915517201,0.574585635,1,0,0,0,0.92,0.320441989,1.54,0.98,48,1.67,5.7,0.585964912,3.48,3.31,0.128888889,3.61272,1.9
Cs2AlTlCl6,3.9209,False,1.9,1.25,0.79,6,3.0,0.535,81.0,0.01,0.65,0.922802484,0.562154696,1,0,0,0,0.965,0.29558011,1.54,1.55,68,1.67,5.655,0.590627763,3.48,3.31,0.118888889,3.61272,1.615
Cs2RbLuCl6,5.0606,False,2.35,1.75,0.79,5,6.0,0.861,37.0,0.45,0.6,0.869596408,0.657734807,1,0,0,0,0.659,0.475690608,2.34,1.89,34,1.67,6.001,0.556573904,3.48,3.33,0.188815789,3.61272,1.045
Cs2RbGdCl6,3.2357,True,2.35,1.8,0.79,5,6.0,0.938,37.0,0.38,0.55,0.858579803,0.679005525,1,0,0,0,0.582,0.518232044,2.34,1.96,27,1.67,6.078,0.549522869,3.48,3.33,0.205701754,3.61272,1.01
Cs2RbGaCl6,3.4534,True,2.35,1.3,0.79,5,4.0,0.62,37.0,0.99,1.05,0.905980563,0.591160221,1,0,0,0,0.9,0.342541436,2.34,1.35,6,1.67,5.76,0.579861111,3.48,3.33,0.135964912,3.61272,1.315
Cs2RbEuCl6,0.0,False,2.35,1.85,0.79,5,6.0,0.947,37.0,0.38,0.5,0.857310341,0.681491713,1,0,0,0,0.573,0.52320442,2.34,1.96,26,1.67,6.087,0.548710366,3.48,3.33,0.207675439,3.61272,1.01
Cs2RbCeCl6,4.1198,False,2.35,1.85,0.79,5,6.0,1.01,37.0,0.3,0.5,0.848528137,0.698895028,1,0,0,0,0.51,0.55801105,2.34,2.04,21,1.67,6.15,0.543089431,3.48,3.33,0.221491228,3.61272,0.97
Cs2RbAuCl6,0.1911,False,2.35,1.35,0.79,5,6.0,0.85,37.0,1.72,1.0,0.87119333,0.654696133,1,0,0,0,0.67,0.46961326,2.34,0.62,42,1.67,5.99,0.557595993,3.48,3.33,0.186403509,3.61272,1.68
Cs2RbAlCl6,4.6551,True,2.35,1.25,0.79,5,3.0,0.535,37.0,0.79,1.1,0.919550316,0.567679558,1,0,0,0,0.985,0.29558011,2.34,1.55,24,1.67,5.675,0.588546256,3.48,3.33,0.117324561,3.61272,1.215
Cs2NaTlCl6,1.9178,True,1.8,1.9,0.79,3,6.0,1.5,11.0,0.69,0.1,0.849910105,0.696132597,1,0,0,0,0.48,0.828729282,2.23,1.54,70,1.67,6.14,0.543973941,3.48,2.83,0.490196078,3.61272,1.275
Cs2NaTmCl6,5.4487,True,1.8,1.75,0.79,3,6.0,0.88,11.0,0.32,0.05,0.945371023,0.524861878,1,0,0,0,0.14,0.486187845,2.23,1.91,58,1.67,5.52,0.605072464,3.48,2.83,0.287581699,3.61272,1.09
Cs2InCuCl6,0.0,False,1.35,1.55,0.79,4,5.0,0.8,29.0,0.12,0.2,1.005481319,0.433701657,1,0,0,0,0.03,0.44198895,1.26,1.38,20,1.67,5.19,0.643545279,3.48,2.58,0.346320346,3.61272,1.84
Cs2CuAsCl6,0.8647,False,1.35,1.15,0.79,4,4.0,0.58,29.0,0.28,0.2,1.049989546,0.372928177,1,0,0,0,0.19,0.320441989,1.26,0.98,4,1.67,4.97,0.672032193,3.48,2.58,0.251082251,3.61272,2.04
Cs2AlHgCl6,0.0,False,1.5,1.25,0.79,6,3.0,0.535,80.0,0.39,0.25,0.993044347,0.451657459,1,0,0,0,0.565,0.29558011,1.16,1.55,67,1.67,5.255,0.635585157,3.48,2.91,0.162121212,3.61272,1.805
Cs2AsAuCl6,0.3048,False,1.35,1.15,0.79,6,4.0,0.58,79.0,0.36,0.2,1.033356049,0.395027624,1,0,0,0,0.27,0.320441989,0.62,0.98,46,1.67,5.05,0.661386139,3.48,2.66,0.22745098,3.61272,2.36
Cs2InAuCl6,0.0,False,1.55,1.35,0.79,6,0.85,79.0,0.8,0.76,0.2,0.990217845,0.455801105,1,0,0,0,0.05,0.62,0.44198895,2.66,30,1.67,5.27,0.633776091,3.48,1.38,0.31372549,3.61272,2.16
Cs2ScAgCl6,3.3916,False,1.6,1.6,0.79,5,4.0,0.745,47.0,0.57,0.0,0.946228113,0.523480663,1,0,0,0,0.405,0.41160221,1.23,1.8,26,1.67,5.515,0.605621034,3.48,2.96,0.215942029,3.61272,1.645
Cs2LiGdCl6,2.782,True,1.45,1.8,0.79,2,6.0,0.938,3.0,0.22,0.35,0.981280189,0.469060773,1,0,0,0,0.178,0.518232044,2.18,1.96,61,1.67,5.318,0.62805566,3.48,2.57,0.411403509,3.61272,1.09
Cs2KAsCl6,3.4599,True,2.2,1.15,0.79,4,4.0,0.58,19.0,1.36,1.05,0.935205743,0.541436464,1,0,0,0,0.8,0.320441989,2.34,0.98,14,1.67,5.58,0.598566308,3.48,3.19,0.140096618,3.61272,1.5
Cs2KAuCl6,0.2103,False,2.2,1.35,0.79,4,6.0,0.85,19.0,1.72,0.85,0.892042401,0.616022099,1,0,0,0,0.53,0.46961326,2.34,0.62,60,1.67,5.85,0.570940171,3.48,3.19,0.20531401,3.61272,1.68
Cs2YInCl6,3.496,True,1.55,1.8,0.79,5,5.0,0.9,49.0,0.56,0.25,0.980911287,0.46961326,1,0,0,0,0.1,0.497237569,1.38,1.94,10,1.67,5.32,0.627819549,3.48,2.61,0.375,3.61272,1.5
Cs2GdAuCl6,1.5111,False,1.35,1.8,0.79,6,6.0,0.938,79.0,1.34,0.45,0.964949712,0.493922652,1,0,0,0,0.088,0.518232044,0.62,1.96,15,1.67,5.408,0.61760355,3.48,2.66,0.367843137,3.61272,1.87
Cs2NaGdCl6,3.0186,True,1.8,1.8,0.79,3,6.0,0.938,11.0,0.27,0.0,0.935541062,0.540883978,1,0,0,0,0.082,0.518232044,2.23,1.96,53,1.67,5.578,0.598780925,3.48,2.83,0.306535948,3.61272,1.065
Cs2LiTbCl6,5.0434,True,1.45,1.75,0.79,2,6.0,0.923,3.0,0.12,0.3,0.984055826,0.464917127,1,0,0,0,0.163,0.509944751,2.18,2.06,62,1.67,5.303,0.62983217,3.48,2.57,0.404824561,3.61272,1.04
Cs2LiSmCl6,4.9508,True,1.45,1.85,0.79,2,6.0,0.958,3.0,0.19,0.4,0.977603605,0.474585635,1,0,0,0,0.198,0.529281768,2.18,1.99,59,1.67,5.338,0.62570251,3.48,2.57,0.420175439,3.61272,1.075
Cs2LiLaCl6,4.4927,True,1.45,1.95,0.79,2,6.0,1.032,3.0,0.12,0.5,0.96423652,0.495027624,1,0,0,0,0.272,0.570165746,2.18,2.06,54,1.67,5.412,0.617147081,3.48,2.57,0.452631579,3.61272,1.04
Cs2KYCl6,5.1935,True,2.2,1.8,0.79,4,5.0,0.9,19.0,0.4,0.4,0.88448272,0.629834254,1,0,0,0,0.48,0.497237569,2.34,1.94,20,1.67,5.9,0.566101695,3.48,3.19,0.217391304,3.61272,1.02
Cs2KPrCl6,4.9664,True,2.2,1.85,0.79,4,6.0,0.99,19.0,0.31,0.35,0.87119333,0.654696133,1,0,0,0,0.39,0.546961326,2.34,2.03,40,1.67,5.99,0.557595993,3.48,3.19,0.239130435,3.61272,0.975
Cs2KNdCl6,5.1287,True,2.2,1.85,0.79,4,6.0,0.983,19.0,0.32,0.35,0.87221261,0.652762431,1,0,0,0,0.397,0.543093923,2.34,2.02,41,1.67,5.983,0.55824837,3.48,3.19,0.237439614,3.61272,0.98
Cs2KInCl6,3.5784,True,2.2,1.55,0.79,4,5.0,0.8,19.0,0.96,0.65,0.899732422,0.602209945,1,0,0,0,0.58,0.44198895,2.34,1.38,30,1.67,5.8,0.575862069,3.48,3.19,0.193236715,3.61272,1.3
Cs2KLuCl6,5.2423,True,2.2,1.75,0.79,4,6.0,0.861,19.0,0.45,0.45,0.890368204,0.619060773,1,0,0,0,0.519,0.475690608,2.34,1.89,52,1.67,5.861,0.569868623,3.48,3.19,0.207971014,3.61272,1.045
Cs2KDyCl6,5.1988,True,2.2,1.75,0.79,4,6.0,0.912,19.0,0.4,0.45,0.882687423,0.633149171,1,0,0,0,0.468,0.503867403,2.34,1.94,47,1.67,5.912,0.564952639,3.48,3.19,0.220289855,3.61272,1.02
Cs2KCeCl6,4.0361,False,2.2,1.85,0.79,4,6.0,1.01,19.0,0.3,0.35,0.868294184,0.660220994,1,0,0,0,0.37,0.55801105,2.34,2.04,39,1.67,6.01,0.555740433,3.48,3.19,0.243961353,3.61272,0.97
Cs2InSbCl6,1.3727,True,1.55,1.45,0.79,5,0.76,51.0,0.8,0.27,0.1,1.007422403,0.430939227,1,0,0,0,0.04,1.11,0.44198895,2.57,2,1.67,5.18,0.644787645,3.48,1.38,0.350877193,3.61272,1.915
Cs2InBiCl6,1.7612,True,1.55,1.6,0.79,6,1.03,83.0,0.8,0.24,0.05,0.957513403,0.505524862,1,0,0,0,0.23,1.14,0.44198895,2.84,34,1.67,5.45,0.612844037,3.48,1.38,0.258899676,3.61272,1.9
Cs2InAsCl6,1.3524,False,1.55,1.15,0.79,4,0.58,33.0,0.8,0.4,0.4,1.043689609,0.38121547,1,0,0,0,0.22,0.98,0.44198895,2.39,16,1.67,5.0,0.668,3.48,1.38,0.459770115,3.61272,1.98
Cs2YHgCl6,0.0,False,1.5,1.8,0.79,6,5.0,0.9,80.0,0.78,0.3,0.928549474,0.552486188,1,0,0,0,0.2,0.497237569,1.16,1.94,41,1.67,5.62,0.59430605,3.48,2.91,0.272727273,3.61272,1.61
Cs2HgSbCl6,0.0,False,1.5,1.45,0.79,6,5.0,0.76,80.0,0.05,0.05,0.952271541,0.513812155,1,0,0,0,0.34,0.419889503,1.16,1.11,29,1.67,5.48,0.609489051,3.48,2.91,0.23030303,3.61272,2.025
Cs2InHgCl6,0.0,False,1.5,1.55,0.79,6,5.0,0.8,80.0,0.22,0.05,0.945371023,0.524861878,1,0,0,0,0.3,0.44198895,1.16,1.38,31,1.67,5.52,0.605072464,3.48,2.91,0.242424242,3.61272,1.89
Cs2HgBiCl6,0.0,False,1.5,1.6,0.79,6,6.0,1.03,80.0,0.02,0.1,0.907556182,0.58839779,1,0,0,0,0.07,0.569060773,1.16,1.14,3,1.67,5.75,0.580869565,3.48,2.91,0.312121212,3.61272,2.01
Cs2HgAsCl6,0.0,False,1.5,1.15,0.79,6,4.0,0.58,80.0,0.18,0.35,0.984612839,0.464088398,1,0,0,0,0.52,0.320441989,1.16,0.98,47,1.67,5.3,0.630188679,3.48,2.91,0.175757576,3.61272,2.09
Cs2YCuCl6,2.5338,False,1.35,1.8,0.79,4,5.0,0.9,29.0,0.68,0.45,0.986474111,0.461325967,1,0,0,0,0.13,0.497237569,1.26,1.94,10,1.67,5.29,0.631379962,3.48,2.58,0.38961039,3.61272,1.56
Cs2ErCuCl6,2.0815,False,1.35,1.75,0.79,4,6.0,0.89,29.0,0.66,0.4,0.988342433,0.458563536,1,0,0,0,0.12,0.491712707,1.26,1.92,39,1.67,5.28,0.632575758,3.48,2.58,0.385281385,3.61272,1.57
Cs2YAuCl6,2.2263,False,1.35,1.8,0.79,6,5.0,0.9,79.0,1.32,0.45,0.971778034,0.483425414,1,0,0,0,0.05,0.497237569,0.62,1.94,40,1.67,5.37,0.621973929,3.48,2.66,0.352941176,3.61272,1.88
Cs2TbAuCl6,2.181,False,1.35,1.75,0.79,6,6.0,0.923,79.0,1.44,0.4,0.967633607,0.489779006,1,0,0,0,0.073,0.509944751,0.62,2.06,14,1.67,5.393,0.619321342,3.48,2.66,0.361960784,3.61272,1.82
Cs2SbAuCl6,0.4039,False,1.35,1.45,0.79,6,5.0,0.76,79.0,0.49,0.1,0.997791213,0.444751381,1,0,0,0,0.09,0.419889503,0.62,1.11,28,1.67,5.23,0.638623327,3.48,2.66,0.298039216,3.61272,2.295
Cs2DyAuCl6,2.1667,False,1.35,1.75,0.79,6,6.0,0.912,79.0,1.32,0.4,0.969611305,0.486740331,1,0,0,0,0.062,0.503867403,0.62,1.94,13,1.67,5.382,0.620587142,3.48,2.66,0.357647059,3.61272,1.88
Cs2ErAuCl6,2.0871,False,1.35,1.75,0.79,6,6.0,0.89,79.0,1.3,0.4,0.973591053,0.480662983,1,0,0,0,0.04,0.491712707,0.62,1.92,11,1.67,5.36,0.623134328,3.48,2.66,0.349019608,3.61272,1.89
Cs2AgSbCl6,1.6624,False,1.6,1.45,0.79,5,5.0,0.76,47.0,0.12,0.15,0.943661491,0.527624309,1,0,0,0,0.39,0.419889503,1.23,1.11,4,1.67,5.53,0.6039783,3.48,2.96,0.220289855,3.61272,1.99
Cs2NdAgCl6,3.8207,False,1.6,1.85,0.79,5,6.0,0.983,47.0,0.79,0.25,0.907082921,0.589226519,1,0,0,0,0.167,0.543093923,1.23,2.02,13,1.67,5.753,0.580566661,3.48,2.96,0.284927536,3.61272,1.535
Cs2DyCuCl6,2.2443,False,1.35,1.75,0.79,4,6.0,0.912,29.0,0.68,0.4,0.984241427,0.464640884,1,0,0,0,0.142,0.503867403,1.26,1.94,37,1.67,5.302,0.629950962,3.48,2.58,0.394805195,3.61272,1.56
Cs2NaGaCl6,2.8347,True,1.8,1.3,0.79,3,4.0,0.62,11.0,0.88,0.5,0.992100389,0.453038674,1,0,0,0,0.4,0.342541436,2.23,1.35,20,1.67,5.26,0.634980989,3.48,2.83,0.202614379,3.61272,1.37
Cs2NaEuCl6,0.0,False,1.8,1.85,0.79,3,6.0,0.947,11.0,0.27,0.05,0.934034016,0.543370166,1,0,0,0,0.073,0.52320442,2.23,1.96,52,1.67,5.587,0.597816359,3.48,2.83,0.309477124,3.61272,1.065
Cs2NaAuCl6,0.0,False,1.8,1.35,0.79,3,6.0,0.85,11.0,1.61,0.45,0.950536985,0.516574586,1,0,0,0,0.17,0.46961326,2.23,0.62,68,1.67,5.49,0.608378871,3.48,2.83,0.277777778,3.61272,1.735
Cs2NaAlCl6,4.1213,True,1.8,1.25,0.79,3,3.0,0.535,11.0,0.68,0.55,1.008395758,0.429558011,1,0,0,0,0.485,0.29558011,2.23,1.55,2,1.67,5.175,0.645410628,3.48,2.83,0.174836601,3.61272,1.27
Cs2LiTmCl6,5.2527,True,1.45,1.75,0.79,2,6.0,0.88,3.0,0.27,0.3,0.992100389,0.453038674,1,0,0,0,0.12,0.486187845,2.18,1.91,66,1.67,5.26,0.634980989,3.48,2.57,0.385964912,3.61272,1.115
Cs2LiTlCl6,1.5236,True,1.45,1.9,0.79,2,6.0,1.5,3.0,0.64,0.45,0.887491164,0.624309392,1,0,0,0,0.74,0.828729282,2.18,1.54,78,1.67,5.88,0.568027211,3.48,2.57,0.657894737,3.61272,1.3
Cs2LiScCl6,3.7738,False,1.45,1.6,0.79,2,4.0,0.745,3.0,0.38,0.15,1.018233765,0.415745856,1,0,0,0,0.015,0.41160221,2.18,1.8,18,1.67,5.125,0.651707317,3.48,2.57,0.326754386,3.61272,1.17
Cs2LiInCl6,2.7765,True,1.45,1.55,0.79,2,5.0,0.8,3.0,0.8,0.1,1.007422403,0.430939227,1,0,0,0,0.04,0.44198895,2.18,1.38,46,1.67,5.18,0.644787645,3.48,2.57,0.350877193,3.61272,1.38
Cs2LiDyCl6,5.0917,True,1.45,1.75,0.79,2,6.0,0.912,3.0,0.24,0.3,0.986101293,0.461878453,1,0,0,0,0.152,0.503867403,2.18,1.94,63,1.67,5.292,0.631141345,3.48,2.57,0.4,3.61272,1.1
Cs2LiAuCl6,0.0,False,1.45,1.35,0.79,2,6.0,0.85,3.0,1.56,0.1,0.997791213,0.444751381,1,0,0,0,0.09,0.46961326,2.18,0.62,76,1.67,5.23,0.638623327,3.48,2.57,0.372807018,3.61272,1.76
Cs2KTlCl6,2.3439,True,2.2,1.9,0.79,4,6.0,1.5,19.0,0.8,0.3,0.802838161,0.79558011,1,0,0,0,0.12,0.828729282,2.34,1.54,62,1.67,6.5,0.513846154,3.48,3.19,0.362318841,3.61272,1.22
Cs2KLaCl6,4.842,True,2.2,1.95,0.79,4,6.0,1.032,19.0,0.28,0.25,0.865127328,0.666298343,1,0,0,0,0.348,0.570165746,2.34,2.06,38,1.67,6.032,0.553713528,3.48,3.19,0.249275362,3.61272,0.96
Cs2KGaCl6,3.3316,True,2.2,1.3,0.79,4,4.0,0.62,19.0,0.99,0.9,0.928549474,0.552486188,1,0,0,0,0.76,0.342541436,2.34,1.35,12,1.67,5.62,0.59430605,3.48,3.19,0.149758454,3.61272,1.315
Cs2KAlCl6,4.6198,True,2.2,1.25,0.79,4,3.0,0.535,19.0,0.79,0.95,0.942809042,0.529005525,1,0,0,0,0.845,0.29558011,2.34,1.55,6,1.67,5.535,0.603432701,3.48,3.19,0.129227053,3.61272,1.215
Cs2ScInCl6,2.8043,True,1.55,1.6,0.79,5,4.0,0.745,49.0,0.42,0.05,1.010348121,0.42679558,1,0,0,0,0.055,0.41160221,1.38,1.8,28,1.67,5.165,0.646660213,3.48,2.61,0.310416667,3.61272,1.57
Cs2ScCuCl6,1.9388,False,1.35,1.6,0.79,4,4.0,0.745,29.0,0.54,0.25,1.016250836,0.418508287,1,0,0,0,0.025,0.41160221,1.26,1.8,8,1.67,5.135,0.650438169,3.48,2.58,0.322510823,3.61272,1.63
Cs2CuMoCl6,0.8536,True,1.35,1.45,0.79,4,5.0,0.69,29.0,0.26,0.1,1.027253552,0.403314917,1,0,0,0,0.08,0.38121547,1.26,1.0,13,1.67,5.08,0.657480315,3.48,2.58,0.298701299,3.61272,2.03
Cs2GaCuCl6,0.0,False,1.35,1.3,0.79,4,4.0,0.62,29.0,0.09,0.05,1.041606396,0.383977901,1,0,0,0,0.15,0.342541436,1.26,1.35,2,1.67,5.01,0.666666667,3.48,2.58,0.268398268,3.61272,1.855
Cs2AlCuCl6,0.8612,True,1.35,1.25,0.79,4,3.0,0.535,29.0,0.29,0.1,1.059583359,0.360497238,1,0,0,0,0.235,0.29558011,1.26,1.55,16,1.67,4.925,0.678172589,3.48,2.58,0.231601732,3.61272,1.755
Cs2LiEuCl6,0.0,False,1.45,1.85,0.79,2,6.0,0.947,3.0,0.22,0.4,0.97962231,0.471546961,1,0,0,0,0.187,0.52320442,2.18,1.96,60,1.67,5.327,0.626994556,3.48,2.57,0.415350877,3.61272,1.09
Cs2InGaCl6,1.9897,False,1.3,1.55,0.79,4,5.0,0.8,31.0,0.03,0.25,1.035406358,0.392265193,1,0,0,0,0.18,0.44198895,1.35,1.38,18,1.67,5.04,0.662698413,3.48,2.43,0.430107527,3.61272,1.795
Cs2GaHgCl6,0.0,False,1.5,1.3,0.79,6,4.0,0.62,80.0,0.19,0.2,0.977237462,0.475138122,1,0,0,0,0.48,0.342541436,1.16,1.35,49,1.67,5.34,0.625468165,3.48,2.91,0.187878788,3.61272,1.905
Cs2TlCuCl6,0.0,False,1.35,1.9,0.79,6,1.5,81.0,0.77,0.28,0.55,0.885984388,0.627071823,1,0,0,0,0.73,1.54,0.425414365,3.31,52,1.67,5.89,0.567062818,3.48,1.26,0.171111111,3.61272,1.76
Cs2TbCuCl6,2.5342,False,1.35,1.75,0.79,4,6.0,0.923,29.0,0.8,0.4,0.98220366,0.467679558,1,0,0,0,0.153,0.509944751,1.26,2.06,36,1.67,5.313,0.628646716,3.48,2.58,0.3995671,3.61272,1.5
Cs2ScAuCl6,2.0233,False,1.35,1.6,0.79,6,4.0,0.745,79.0,1.18,0.25,1.000661178,0.440607735,1,0,0,0,0.105,0.41160221,0.62,1.8,58,1.67,5.215,0.640460211,3.48,2.66,0.292156863,3.61272,1.95
Cs2GaAuCl6,0.0,False,1.35,1.3,0.79,6,4.0,0.62,79.0,0.73,0.05,1.025235372,0.406077348,1,0,0,0,0.23,0.342541436,0.62,1.35,48,1.67,5.09,0.656188605,3.48,2.66,0.243137255,3.61272,2.175
Cs2AlAuCl6,0.8686,False,1.35,1.25,0.79,6,3.0,0.535,79.0,0.93,0.1,1.042646962,0.382596685,1,0,0,0,0.315,0.29558011,0.62,1.55,66,1.67,5.005,0.667332667,3.48,2.66,0.209803922,3.61272,2.075
Cs2AgMoCl6,0.9531,True,1.6,1.45,0.79,5,5.0,0.69,47.0,0.23,0.15,0.955759715,0.508287293,1,0,0,0,0.46,0.38121547,1.23,1.0,5,1.67,5.46,0.611721612,3.48,2.96,0.2,3.61272,2.045
Cs2PrAgCl6,3.826,False,1.6,1.85,0.79,5,6.0,0.99,47.0,0.8,0.25,0.905980563,0.591160221,1,0,0,0,0.16,0.546961326,1.23,2.03,12,1.67,5.76,0.579861111,3.48,2.96,0.286956522,3.61272,1.53
Cs2AlInCl6,3.1183,False,1.55,1.25,0.79,5,3.0,0.535,49.0,0.17,0.3,1.053168122,0.36878453,1,0,0,0,0.265,0.29558011,1.38,1.55,36,1.67,4.955,0.674066599,3.48,2.61,0.222916667,3.61272,1.695
Cs2TlHgCl6,0.0,False,1.5,1.9,0.79,6,1.5,81.0,1.1,0.38,0.4,0.838978785,0.718232044,1,0,0,0,0.4,1.54,0.607734807,3.31,1,1.67,6.22,0.536977492,3.48,1.16,0.244444444,3.61272,1.81
Cs2ScHgCl6,0.0,False,1.5,1.6,0.79,6,4.0,0.745,80.0,0.64,0.1,0.954885278,0.509668508,1,0,0,0,0.355,0.41160221,1.16,1.8,59,1.67,5.465,0.61116194,3.48,2.91,0.225757576,3.61272,1.68
Cs2CeCuCl6,1.6741,False,1.35,1.85,0.79,4,6.0,1.01,29.0,0.78,0.5,0.966379268,0.491712707,1,0,0,0,0.24,0.55801105,1.26,2.04,29,1.67,5.4,0.618518519,3.48,2.58,0.437229437,3.61272,1.51
Cs2PrAuCl6,1.8745,False,1.35,1.85,0.79,6,6.0,0.99,79.0,1.41,0.5,0.955759715,0.508287293,1,0,0,0,0.14,0.546961326,0.62,2.03,20,1.67,5.46,0.611721612,3.48,2.66,0.388235294,3.61272,1.835
Cs2NdAuCl6,2.2148,False,1.35,1.85,0.79,6,6.0,0.983,79.0,1.4,0.5,0.956986621,0.506353591,1,0,0,0,0.133,0.543093923,0.62,2.02,19,1.67,5.453,0.612506877,3.48,2.66,0.385490196,3.61272,1.84
Cs2LaAuCl6,2.275,False,1.35,1.95,0.79,6,6.0,1.032,79.0,1.44,0.6,0.94846384,0.519889503,1,0,0,0,0.182,0.570165746,0.62,2.06,22,1.67,5.502,0.607051981,3.48,2.66,0.404705882,3.61272,1.82
Cs2EuAuCl6,0.0,False,1.35,1.85,0.79,6,6.0,0.947,79.0,1.34,0.5,0.96334651,0.49640884,1,0,0,0,0.097,0.52320442,0.62,1.96,16,1.67,5.417,0.616577441,3.48,2.66,0.371372549,3.61272,1.87
Cs2TlAgCl6,0.0,False,1.6,1.9,0.79,6,1.5,81.0,1.15,0.31,0.3,0.832288364,0.732044199,1,0,0,0,0.35,1.54,0.635359116,3.31,34,1.67,6.27,0.532695375,3.48,1.23,0.255555556,3.61272,1.775
Cs2BiAuCl6,0.9914,False,1.6,1.35,0.79,6,0.85,79.0,1.03,0.52,0.25,0.948808735,0.519337017,1,0,0,0,0.18,0.62,0.569060773,2.66,4,1.67,5.5,0.607272727,3.48,1.14,0.403921569,3.61272,2.28
Cs2CuAuCl6,0.0,False,1.35,1.35,0.79,4,6.0,0.85,29.0,0.64,0.0,0.995887032,0.447513812,1,0,0,0,0.08,0.46961326,1.26,0.62,50,1.67,5.24,0.63740458,3.48,2.58,0.367965368,3.61272,2.22
Cs2LaCuCl6,2.1808,False,1.35,1.95,0.79,4,6.0,1.032,29.0,0.8,0.6,0.962458142,0.497790055,1,0,0,0,0.262,0.570165746,1.26,2.06,28,1.67,5.422,0.616008853,3.48,2.58,0.446753247,3.61272,1.5
Cs2TlAuCl6,0.0,False,1.9,1.35,0.79,6,6.0,0.85,81.0,0.92,0.55,0.8741119,0.649171271,1,0,0,0,0.65,0.46961326,1.54,0.62,2,1.67,5.97,0.559463987,3.48,3.31,0.188888889,3.61272,2.08
Cs2LuAgCl6,3.7052,False,1.6,1.75,0.79,5,6.0,0.861,47.0,0.66,0.15,0.926735579,0.555524862,1,0,0,0,0.289,0.475690608,1.23,1.89,24,1.67,5.631,0.59314509,3.48,2.96,0.249565217,3.61272,1.6
Cs2AgAsCl6,1.5886,False,1.6,1.15,0.79,5,4.0,0.58,47.0,0.25,0.45,0.97541085,0.477900552,1,0,0,0,0.57,0.320441989,1.23,0.98,14,1.67,5.35,0.624299065,3.48,2.96,0.168115942,3.61272,2.055
Cs2CeAgCl6,2.9041,False,1.6,1.85,0.79,5,6.0,1.01,47.0,0.81,0.25,0.902845683,0.596685083,1,0,0,0,0.14,0.55801105,1.23,2.04,11,1.67,5.78,0.577854671,3.48,2.96,0.292753623,3.61272,1.525
Cs2LaAgCl6,3.6099,False,1.6,1.95,0.79,5,6.0,1.032,47.0,0.83,0.35,0.899422276,0.602762431,1,0,0,0,0.118,0.570165746,1.23,2.06,10,1.67,5.802,0.575663564,3.48,2.96,0.299130435,3.61272,1.515
Cs2GdAgCl6,0.0,False,1.6,1.8,0.79,5,6.0,0.938,47.0,0.73,0.2,0.914234065,0.57679558,1,0,0,0,0.212,0.518232044,1.23,1.96,17,1.67,5.708,0.585143658,3.48,2.96,0.271884058,3.61272,1.565
Cs2AlAgCl6,2.4585,True,1.6,1.25,0.79,5,3.0,0.535,47.0,0.32,0.35,0.983684834,0.465469613,1,0,0,0,0.615,0.29558011,1.23,1.55,34,1.67,5.305,0.629594722,3.48,2.96,0.155072464,3.61272,1.77
Cs2GaAgCl6,1.2972,True,1.6,1.3,0.79,5,4.0,0.62,47.0,0.12,0.3,0.968172179,0.488950276,1,0,0,0,0.53,0.342541436,1.23,1.35,16,1.67,5.39,0.619666048,3.48,2.96,0.179710145,3.61272,1.87
Cs2KCrCl6,1.5535,True,2.2,1.4,0.79,4,4.0,0.615,19.0,0.84,0.8,0.929376321,0.551104972,1,0,0,0,0.765,0.339779006,2.34,1.5,5,1.67,5.615,0.594835263,3.48,3.19,0.148550725,3.61272,1.24
Cs2NaCrCl6,1.3532,True,1.8,1.4,0.79,3,4.0,0.615,11.0,0.73,0.4,0.993044347,0.451657459,1,0,0,0,0.405,0.339779006,2.23,1.5,13,1.67,5.255,0.635585157,3.48,2.83,0.200980392,3.61272,1.295
Cs2KYbCl6,0.0,False,2.2,1.75,0.79,4,6.0,0.868,19.0,0.28,0.45,0.889306074,0.620994475,1,0,0,0,0.512,0.479558011,2.34,2.06,51,1.67,5.868,0.569188821,3.48,3.19,0.209661836,3.61272,0.96
Cs2KHoCl6,5.2294,True,2.2,1.75,0.79,4,6.0,0.901,19.0,0.41,0.45,0.884332833,0.630110497,1,0,0,0,0.479,0.497790055,2.34,1.93,48,1.67,5.901,0.566005762,3.48,3.19,0.21763285,3.61272,1.025
Cs2NaUCl6,0.5004,False,1.8,1.75,0.79,3,7.0,1.025,11.0,0.45,0.05,0.92117353,0.564917127,1,0,0,0,0.005,0.566298343,2.23,1.78,81,1.67,5.665,0.589585172,3.48,2.83,0.33496732,3.61272,1.155
Cs2NaYCl6,5.0774,True,1.8,1.8,0.79,3,5.0,0.9,11.0,0.29,0.0,0.941958131,0.53038674,1,0,0,0,0.12,0.497237569,2.23,1.94,28,1.67,5.54,0.602888087,3.48,2.83,0.294117647,3.61272,1.075
Cs2NaHoCl6,5.2906,True,1.8,1.75,0.79,3,6.0,0.901,11.0,0.3,0.05,0.941788133,0.530662983,1,0,0,0,0.119,0.497790055,2.23,1.93,56,1.67,5.541,0.602779282,3.48,2.83,0.294444444,3.61272,1.08
Cs2NaYbCl6,0.0,False,1.8,1.75,0.79,3,6.0,0.868,11.0,0.17,0.05,0.947430655,0.521546961,1,0,0,0,0.152,0.479558011,2.23,2.06,59,1.67,5.508,0.606390704,3.48,2.83,0.283660131,3.61272,1.015
Cs2LiYCl6,4.8986,True,1.45,1.8,0.79,2,5.0,0.9,3.0,0.24,0.35,0.988342433,0.458563536,1,0,0,0,0.14,0.497237569,2.18,1.94,36,1.67,5.28,0.632575758,3.48,2.57,0.394736842,3.61272,1.1
Cs2AgAuCl6,0.0,False,1.6,1.35,0.79,5,6.0,0.85,47.0,0.61,0.25,0.928549474,0.552486188,1,0,0,0,0.3,0.46961326,1.23,0.62,32,1.67,5.62,0.59430605,3.48,2.96,0.246376812,3.61272,2.235
Cs2NaTbCl6,5.2046,True,1.8,1.75,0.79,3,6.0,0.923,11.0,0.17,0.05,0.938063643,0.536740331,1,0,0,0,0.097,0.509944751,2.23,2.06,54,1.67,5.563,0.60039547,3.48,2.83,0.301633987,3.61272,1.015
Cs2LiLuCl6,5.3389,True,1.45,1.75,0.79,2,6.0,0.861,3.0,0.29,0.3,0.995697013,0.447790055,1,0,0,0,0.101,0.475690608,2.18,1.89,68,1.67,5.241,0.637282961,3.48,2.57,0.377631579,3.61272,1.125
Cs2KScCl6,3.7113,False,2.2,1.6,0.79,4,4.0,0.745,19.0,0.54,0.6,0.908346048,0.587016575,1,0,0,0,0.635,0.41160221,2.34,1.8,2,1.67,5.745,0.581375109,3.48,3.19,0.179951691,3.61272,1.09
Cs2KEuCl6,0.0,False,2.2,1.85,0.79,4,6.0,0.947,19.0,0.38,0.35,0.877492525,0.64281768,1,0,0,0,0.433,0.52320442,2.34,1.96,44,1.67,5.947,0.561627711,3.48,3.19,0.228743961,3.61272,1.01
Cs2NaSmCl6,5.1745,True,1.8,1.85,0.79,3,6.0,0.958,11.0,0.24,0.05,0.93219865,0.54640884,1,0,0,0,0.062,0.529281768,2.23,1.99,51,1.67,5.598,0.596641658,3.48,2.83,0.313071895,3.61272,1.05
Cs2NaErCl6,5.3424,True,1.8,1.75,0.79,3,6.0,0.89,11.0,0.31,0.05,0.943661491,0.527624309,1,0,0,0,0.13,0.491712707,2.23,1.92,57,1.67,5.53,0.6039783,3.48,2.83,0.290849673,3.61272,1.085
Cs2KTbCl6,5.0878,True,2.2,1.75,0.79,4,6.0,0.923,19.0,0.28,0.45,0.881048125,0.636187845,1,0,0,0,0.457,0.509944751,2.34,2.06,46,1.67,5.923,0.563903427,3.48,3.19,0.22294686,3.61272,0.96
Cs2NaSbCl6,2.8096,False,1.8,1.45,0.79,3,5.0,0.76,11.0,1.12,0.35,0.966379268,0.491712707,1,0,0,0,0.26,0.419889503,2.23,1.11,40,1.67,5.4,0.618518519,3.48,2.83,0.248366013,3.61272,1.49
Cs2NaInCl6,2.9904,True,1.8,1.55,0.79,3,5.0,0.8,11.0,0.85,0.25,0.959273538,0.502762431,1,0,0,0,0.22,0.44198895,2.23,1.38,38,1.67,5.44,0.613970588,3.48,2.83,0.261437908,3.61272,1.355
Cs2NaAsCl6,2.8421,False,1.8,1.15,0.79,3,4.0,0.58,11.0,1.25,0.65,0.999702691,0.44198895,1,0,0,0,0.44,0.320441989,2.23,0.98,22,1.67,5.22,0.639846743,3.48,2.83,0.189542484,3.61272,1.555
Cs2LiCrF6,4.3359,False,1.45,1.4,0.79,2,4.0,0.615,3.0,0.68,0.05,1.134597193,0.535019455,0,0,0,1,0.145,0.478599222,3.0,2.32,21,1.67,3.945,0.846641318,2.955,2.045,0.269736842,3.40119,1.32
Cs2LiAlF6,6.8832,True,1.45,1.25,0.79,2,3.0,0.535,3.0,0.63,0.2,1.15808174,0.503891051,0,0,0,1,0.225,0.416342412,3.0,2.37,10,1.67,3.865,0.864165589,2.955,2.045,0.234649123,3.40119,1.295
Cs2LiGaF6,6.1115,True,1.45,1.3,0.79,2,4.0,0.62,3.0,0.83,0.15,1.133160994,0.536964981,0,0,0,1,0.14,0.482490272,3.0,2.17,28,1.67,3.95,0.84556962,2.955,2.045,0.271929825,3.40119,1.395
Cs2NaTiF6,0.0,False,1.8,1.4,0.79,3,4.0,0.67,11.0,0.61,0.4,1.050700921,0.657587549,0,0,0,1,0.35,0.521400778,3.05,2.44,11,1.67,4.26,0.784037559,2.955,2.305,0.218954248,3.40119,1.235
Cs2NaFeF6,3.841,True,1.8,1.4,0.79,3,4.0,0.645,11.0,0.9,0.4,1.056903406,0.647859922,0,0,0,1,0.375,0.501945525,3.05,2.15,15,1.67,4.235,0.78866588,2.955,2.305,0.210784314,3.40119,1.38
Cs2NaMnF6,0.0,False,1.8,1.4,0.79,3,4.0,0.645,11.0,0.62,0.4,1.056903406,0.647859922,0,0,0,1,0.375,0.501945525,3.05,2.43,14,1.67,4.235,0.78866588,2.955,2.305,0.210784314,3.40119,1.24
Cs2NaCrF6,4.2707,True,1.8,1.4,0.79,3,4.0,0.615,11.0,0.73,0.4,1.06444374,0.63618677,0,0,0,1,0.405,0.478599222,3.05,2.32,13,1.67,4.205,0.794292509,2.955,2.305,0.200980392,3.40119,1.295
Cs2NaCoF6,2.801,False,1.8,1.35,0.79,3,4.0,0.61,11.0,0.95,0.45,1.065710935,0.634241245,0,0,0,1,0.41,0.474708171,3.05,2.1,16,1.67,4.2,0.795238095,2.955,2.305,0.199346405,3.40119,1.405
Cs2NaVF6,0.0,False,1.8,1.35,0.79,3,4.0,0.64,11.0,0.7,0.45,1.058152701,0.645914397,0,0,0,1,0.38,0.498054475,3.05,2.35,12,1.67,4.23,0.789598109,2.955,2.305,0.209150327,3.40119,1.28
Cs2NaAlF6,6.697,True,1.8,1.25,0.79,3,3.0,0.535,11.0,0.68,0.55,1.085087497,0.605058366,0,0,0,1,0.485,0.416342412,3.05,2.37,2,1.67,4.125,0.80969697,2.955,2.305,0.174836601,3.40119,1.27
Cs2NaMoF6,4.3824,False,1.8,1.45,0.79,3,5.0,0.69,11.0,1.23,0.35,1.045791104,0.66536965,0,0,0,1,0.33,0.536964981,3.05,1.82,31,1.67,4.28,0.780373832,2.955,2.305,0.225490196,3.40119,1.545
Cs2LiYF6,7.2663,True,1.45,1.8,0.79,2,5.0,0.9,3.0,0.24,0.35,1.058152701,0.645914397,0,0,0,1,0.14,0.700389105,3.0,2.76,36,1.67,4.23,0.789598109,2.955,2.045,0.394736842,3.40119,1.1
Cs2LiSbF6,4.1258,False,1.45,1.45,0.79,2,5.0,0.76,3.0,1.07,0.0,1.094373087,0.591439689,0,0,0,1,0.0,0.591439689,3.0,1.93,48,1.67,4.09,0.816625917,2.955,2.045,0.333333333,3.40119,1.515
Cs2LiPrF6,6.9993,False,1.45,1.85,0.79,2,6.0,0.99,3.0,0.15,0.4,1.036107853,0.680933852,0,0,0,1,0.23,0.770428016,3.0,2.85,56,1.67,4.32,0.773148148,2.955,2.045,0.434210526,3.40119,1.055
Cs2LiNdF6,7.055,False,1.45,1.85,0.79,2,6.0,0.983,3.0,0.16,0.4,1.037789456,0.678210117,0,0,0,1,0.223,0.764980545,3.0,2.84,57,1.67,4.313,0.774402968,2.955,2.045,0.431140351,3.40119,1.06
Cs2LiMoF6,4.8178,True,1.45,1.45,0.79,2,5.0,0.69,3.0,1.18,0.0,1.113429335,0.564202335,0,0,0,1,0.07,0.536964981,3.0,1.82,39,1.67,4.02,0.830845771,2.955,2.045,0.302631579,3.40119,1.57
Cs2LiCeF6,0.5299,False,1.45,1.85,0.79,2,6.0,1.01,3.0,0.14,0.4,1.031333162,0.688715953,0,0,0,1,0.25,0.785992218,3.0,2.86,55,1.67,4.34,0.769585253,2.955,2.045,0.442982456,3.40119,1.05
Cs2LiBiF6,4.8946,False,1.45,1.6,0.79,2,6.0,1.03,3.0,1.04,0.15,1.026602276,0.696498054,0,0,0,1,0.27,0.80155642,3.0,1.96,80,1.67,4.36,0.766055046,2.955,2.045,0.451754386,3.40119,1.5
Cs2CuBiF6,1.1623,False,1.35,1.6,0.79,4,6.0,1.03,29.0,0.12,0.25,1.024253072,0.700389105,0,0,0,1,0.26,0.80155642,2.08,1.96,54,1.67,4.37,0.764302059,2.955,2.055,0.445887446,3.40119,1.96
Cs2NaSbF6,4.2317,False,1.8,1.45,0.79,3,5.0,0.76,11.0,1.12,0.35,1.028962282,0.692607004,0,0,0,1,0.26,0.591439689,3.05,1.93,40,1.67,4.35,0.767816092,2.955,2.305,0.248366013,3.40119,1.49
Cs2NaPrF6,6.6211,False,1.8,1.85,0.79,3,6.0,0.99,11.0,0.2,0.05,0.977289503,0.782101167,0,0,0,1,0.03,0.770428016,3.05,2.85,48,1.67,4.58,0.729257642,2.955,2.305,0.323529412,3.40119,1.03
Cs2NaNdF6,6.7399,True,1.8,1.85,0.79,3,6.0,0.983,11.0,0.21,0.05,0.978785464,0.779377432,0,0,0,1,0.037,0.764980545,3.05,2.84,49,1.67,4.573,0.730373934,2.955,2.305,0.32124183,3.40119,1.035
Cs2NaCeF6,6.3611,False,1.8,1.85,0.79,3,6.0,1.01,11.0,0.19,0.05,0.973040418,0.789883268,0,0,0,1,0.01,0.785992218,3.05,2.86,47,1.67,4.6,0.726086957,2.955,2.305,0.330065359,3.40119,1.025
Cs2KCeF6,0.4187,False,2.2,1.85,0.79,4,6.0,1.01,19.0,0.3,0.35,0.902416517,0.929961089,0,0,0,1,0.37,0.785992218,3.16,2.86,39,1.67,4.96,0.673387097,2.955,2.665,0.243961353,3.40119,0.97
Cs2YAgF6,3.3465,False,1.6,1.8,0.79,5,5.0,0.9,47.0,0.71,0.2,0.968828122,0.79766537,0,0,0,1,0.25,0.700389105,2.05,2.76,8,1.67,4.62,0.722943723,2.955,2.435,0.260869565,3.40119,1.575
Cs2KSbF6,4.1778,False,2.2,1.45,0.79,4,5.0,0.76,19.0,1.23,0.75,0.950315483,0.832684825,0,0,0,1,0.62,0.591439689,3.16,1.93,32,1.67,4.71,0.709129512,2.955,2.665,0.183574879,3.40119,1.435
Cs2KPrF6,6.2956,False,2.2,1.85,0.79,4,6.0,0.99,19.0,0.31,0.35,0.906070025,0.922178988,0,0,0,1,0.39,0.770428016,3.16,2.85,40,1.67,4.94,0.67611336,2.955,2.665,0.239130435,3.40119,0.975
Cs2NaNiF6,0.0,False,1.8,1.35,0.79,3,4.0,0.6,11.0,0.98,0.45,1.068254397,0.630350195,0,0,0,1,0.42,0.46692607,3.05,2.07,17,1.67,4.19,0.797136038,2.955,2.305,0.196078431,3.40119,1.42
Cs2AlTlF6,5.6085,False,1.9,1.25,0.79,6,3.0,0.535,81.0,0.01,0.65,0.971983914,0.791828794,0,0,0,1,0.965,0.416342412,2.36,2.37,68,1.67,4.605,0.725298588,2.955,2.785,0.118888889,3.40119,1.615
Cs2RbScF6,6.6555,True,2.35,1.6,0.79,5,4.0,0.745,37.0,0.54,0.75,0.92574683,0.881322957,0,0,0,1,0.775,0.579766537,3.16,2.62,16,1.67,4.835,0.690796277,2.955,2.805,0.163377193,3.40119,1.09
Cs2RbIrF6,2.5113,True,2.35,1.35,0.79,5,6.0,0.68,37.0,1.38,1.0,0.938361829,0.856031128,0,0,0,1,0.84,0.529182879,3.16,1.78,40,1.67,4.77,0.700209644,2.955,2.805,0.149122807,3.40119,1.51
Cs2RbAsF6,4.5627,False,2.35,1.15,0.79,5,4.0,0.58,37.0,1.36,1.2,0.95845523,0.817120623,0,0,0,1,0.94,0.451361868,3.16,1.8,4,1.67,4.67,0.715203426,2.955,2.805,0.127192982,3.40119,1.5
Cs2RbAuF6,0.7939,False,2.35,1.35,0.79,5,6.0,0.85,37.0,1.72,1.0,0.906070025,0.922178988,0,0,0,1,0.67,0.661478599,3.16,1.44,42,1.67,4.94,0.67611336,2.955,2.805,0.186403509,3.40119,1.68
Cs2NaRhF6,1.9082,True,1.8,1.35,0.79,3,5.0,0.665,11.0,1.35,0.45,1.051935588,0.655642023,0,0,0,1,0.355,0.517509728,3.05,1.7,34,1.67,4.255,0.784958872,2.955,2.305,0.217320261,3.40119,1.605
Cs2NaRuF6,0.0,False,1.8,1.3,0.79,3,5.0,0.68,11.0,1.27,0.5,1.048240263,0.661478599,0,0,0,1,0.34,0.529182879,3.05,1.78,33,1.67,4.27,0.782201405,2.955,2.305,0.222222222,3.40119,1.565
Cs2NaIrF6,2.2607,True,1.8,1.35,0.79,3,6.0,0.68,11.0,1.27,0.45,1.048240263,0.661478599,0,0,0,1,0.34,0.529182879,3.05,1.78,66,1.67,4.27,0.782201405,2.955,2.305,0.222222222,3.40119,1.565
Cs2RbRuF6,0.0,False,2.35,1.3,0.79,5,5.0,0.68,37.0,1.38,1.05,0.938361829,0.856031128,0,0,0,1,0.84,0.529182879,3.16,1.78,7,1.67,4.77,0.700209644,2.955,2.805,0.149122807,3.40119,1.51
Cs2RbFeF6,4.1178,False,2.35,1.4,0.79,5,4.0,0.645,37.0,1.01,0.95,0.945297978,0.842412451,0,0,0,1,0.875,0.501945525,3.16,2.15,11,1.67,4.735,0.705385428,2.955,2.805,0.141447368,3.40119,1.325
Cs2ScTlF6,5.2805,False,1.9,1.6,0.79,6,4.0,0.745,81.0,0.26,0.3,0.929592092,0.873540856,0,0,0,1,0.755,0.579766537,2.36,2.62,60,1.67,4.815,0.693665628,2.955,2.785,0.165555556,3.40119,1.49
Cs2TlRuF6,0.5579,False,1.9,1.3,0.79,6,5.0,0.68,81.0,0.58,0.6,0.942312826,0.848249027,0,0,0,1,0.82,0.529182879,2.36,1.78,37,1.67,4.75,0.703157895,2.955,2.785,0.151111111,3.40119,1.91
Cs2TlRhF6,1.9056,False,1.9,1.35,0.79,6,5.0,0.665,81.0,0.66,0.55,0.945297978,0.842412451,0,0,0,1,0.835,0.517509728,2.36,1.7,36,1.67,4.735,0.705385428,2.955,2.785,0.147777778,3.40119,1.95
Cs2YTlF6,4.7054,False,1.9,1.8,0.79,6,5.0,0.9,81.0,0.4,0.1,0.90060079,0.93385214,0,0,0,1,0.6,0.700389105,2.36,2.76,42,1.67,4.97,0.672032193,2.955,2.785,0.2,3.40119,1.42
Cs2TlCrF6,4.1533,False,1.9,1.4,0.79,6,4.0,0.615,81.0,0.04,0.5,0.955386537,0.822957198,0,0,0,1,0.885,0.478599222,2.36,2.32,57,1.67,4.685,0.712913554,2.955,2.785,0.136666667,3.40119,1.64
Cs2TlAuF6,0.0,False,1.9,1.35,0.79,6,6.0,0.85,81.0,0.92,0.55,0.909753237,0.914396887,0,0,0,1,0.65,0.661478599,2.36,1.44,2,1.67,4.92,0.678861789,2.955,2.785,0.188888889,3.40119,2.08
Cs2TlAsF6,2.9734,True,1.9,1.15,0.79,6,4.0,0.58,81.0,0.56,0.75,0.962577618,0.809338521,0,0,0,1,0.92,0.451361868,2.36,1.8,48,1.67,4.65,0.71827957,2.955,2.785,0.128888889,3.40119,1.9
Cs2RbSbF6,4.0614,False,2.35,1.45,0.79,5,5.0,0.76,37.0,1.23,0.9,0.922883696,0.887159533,0,0,0,1,0.76,0.591439689,3.16,1.93,14,1.67,4.85,0.688659794,2.955,2.805,0.166666667,3.40119,1.435
Cs2TlSbF6,2.4839,True,1.9,1.45,0.79,6,5.0,0.76,81.0,0.43,0.45,0.92670516,0.879377432,0,0,0,1,0.74,0.591439689,2.36,1.93,30,1.67,4.83,0.691511387,2.955,2.785,0.168888889,3.40119,1.835
Cs2TlCoF6,2.9239,False,1.9,1.35,0.79,6,4.0,0.61,81.0,0.26,0.55,0.956407249,0.821011673,0,0,0,1,0.89,0.474708171,2.36,2.1,54,1.67,4.68,0.713675214,2.955,2.785,0.135555556,3.40119,1.75
Cs2NaGaF6,5.8467,True,1.8,1.3,0.79,3,4.0,0.62,11.0,0.88,0.5,1.063179555,0.638132296,0,0,0,1,0.4,0.482490272,3.05,2.17,20,1.67,4.21,0.793349169,2.955,2.305,0.202614379,3.40119,1.37
Cs2LiAuF6,0.5298,True,1.45,1.35,0.79,2,6.0,0.85,3.0,1.56,0.1,1.07081003,0.626459144,0,0,0,1,0.09,0.661478599,3.0,1.44,76,1.67,4.18,0.799043062,2.955,2.045,0.372807018,3.40119,1.76
Cs2KRuF6,0.0,False,2.2,1.3,0.79,4,5.0,0.68,19.0,1.38,0.9,0.966735621,0.80155642,0,0,0,1,0.7,0.529182879,3.16,1.78,25,1.67,4.63,0.721382289,2.955,2.665,0.164251208,3.40119,1.51
Cs2AlInF6,4.5643,False,1.55,1.25,0.79,5,3.0,0.535,49.0,0.17,0.3,1.146219187,0.519455253,0,0,0,1,0.265,0.416342412,2.2,2.37,36,1.67,3.905,0.8553137,2.955,2.085,0.222916667,3.40119,1.695
Cs2MnHgF6,0.3874,False,1.5,1.4,0.79,6,4.0,0.645,80.0,0.45,0.1,1.037308441,0.678988327,0,0,0,1,0.455,0.501945525,1.98,2.43,55,1.67,4.315,0.774044032,2.955,2.385,0.195454545,3.40119,1.775
Cs2ScCuF6,1.8308,False,1.35,1.6,0.79,4,4.0,0.745,29.0,0.54,0.25,1.095712589,0.589494163,0,0,0,1,0.025,0.579766537,2.08,2.62,8,1.67,4.085,0.817625459,2.955,2.055,0.322510823,3.40119,1.63
Cs2CrHgF6,0.0,False,1.5,1.4,0.79,6,4.0,0.615,80.0,0.34,0.1,1.044570811,0.667315175,0,0,0,1,0.485,0.478599222,1.98,2.32,56,1.67,4.285,0.779463244,2.955,2.385,0.186363636,3.40119,1.83
Cs2RhAuF6,0.6011,False,1.35,1.35,0.79,6,5.0,0.665,79.0,0.26,0.0,1.095712589,0.589494163,0,0,0,1,0.185,0.517509728,1.44,1.7,34,1.67,4.085,0.817625459,2.955,2.135,0.260784314,3.40119,2.41
Cs2ScAuF6,1.8594,False,1.35,1.6,0.79,6,4.0,0.745,79.0,1.18,0.25,1.074666489,0.620622568,0,0,0,1,0.105,0.579766537,1.44,2.62,58,1.67,4.165,0.801920768,2.955,2.135,0.292156863,3.40119,1.95
Cs2NaAsF6,4.5578,False,1.8,1.15,0.79,3,4.0,0.58,11.0,1.25,0.65,1.07337792,0.622568093,0,0,0,1,0.44,0.451361868,3.05,1.8,22,1.67,4.17,0.800959233,2.955,2.305,0.189542484,3.40119,1.555
Cs2KAuF6,0.788,False,2.2,1.35,0.79,4,6.0,0.85,19.0,1.72,0.85,0.932497068,0.86770428,0,0,0,1,0.53,0.661478599,3.16,1.44,60,1.67,4.8,0.695833333,2.955,2.665,0.20531401,3.40119,1.68
Cs2CoHgF6,0.0,False,1.5,1.35,0.79,6,4.0,0.61,80.0,0.12,0.15,1.045791104,0.66536965,0,0,0,1,0.49,0.474708171,1.98,2.1,53,1.67,4.28,0.780373832,2.955,2.385,0.184848485,3.40119,1.94
Cs2HgAsF6,0.0,False,1.5,1.15,0.79,6,4.0,0.58,80.0,0.18,0.35,1.053173159,0.653696498,0,0,0,1,0.52,0.451361868,1.98,1.8,47,1.67,4.25,0.785882353,2.955,2.385,0.175757576,3.40119,2.09
Cs2YHgF6,0.0,False,1.5,1.8,0.79,6,5.0,0.9,80.0,0.78,0.3,0.979427992,0.778210117,0,0,0,1,0.2,0.700389105,1.98,2.76,41,1.67,4.57,0.730853392,2.955,2.385,0.272727273,3.40119,1.61
Cs2InAuF6,0.6895,False,1.55,1.35,0.79,6,0.85,79.0,0.8,0.76,0.2,1.060660172,0.642023346,0,0,0,1,0.05,1.44,0.622568093,2.135,30,1.67,4.22,0.791469194,2.955,2.2,0.31372549,3.40119,2.16
Cs2TlCuF6,0.0,False,1.35,1.9,0.79,6,1.5,81.0,0.77,0.28,0.55,0.92479048,0.883268482,0,0,0,1,0.73,2.36,0.59922179,2.785,52,1.67,4.84,0.690082645,2.955,2.08,0.171111111,3.40119,1.76
Cs2VAgF6,0.0,False,1.6,1.35,0.79,5,4.0,0.64,47.0,0.3,0.25,1.026602276,0.696498054,0,0,0,1,0.51,0.498054475,2.05,2.35,24,1.67,4.36,0.766055046,2.955,2.435,0.185507246,3.40119,1.78
Cs2HgAuF6,0.0,False,1.5,1.35,0.79,6,6.0,0.85,80.0,0.54,0.15,0.990262373,0.758754864,0,0,0,1,0.25,0.661478599,1.98,1.44,1,1.67,4.52,0.738938053,2.955,2.385,0.257575758,3.40119,2.27
Cs2GaAuF6,0.9632,False,1.35,1.3,0.79,6,4.0,0.62,79.0,0.73,0.05,1.107917308,0.571984436,0,0,0,1,0.23,0.482490272,1.44,2.17,48,1.67,4.04,0.826732673,2.955,2.135,0.243137255,3.40119,2.175
Cs2HgIrF6,0.0,False,1.5,1.35,0.79,6,6.0,0.68,80.0,0.2,0.15,1.028962282,0.692607004,0,0,0,1,0.42,0.529182879,1.98,1.78,3,1.67,4.35,0.767816092,2.955,2.385,0.206060606,3.40119,2.1
Cs2HgSbF6,0.0,False,1.5,1.45,0.79,6,5.0,0.76,80.0,0.05,0.05,1.01038057,0.723735409,0,0,0,1,0.34,0.591439689,1.98,1.93,29,1.67,4.43,0.753950339,2.955,2.385,0.23030303,3.40119,2.025
Cs2CuAuF6,0.0,False,1.35,1.35,0.79,4,6.0,0.85,29.0,0.64,0.0,1.068254397,0.630350195,0,0,0,1,0.08,0.661478599,2.08,1.44,50,1.67,4.19,0.797136038,2.955,2.055,0.367965368,3.40119,2.22
Cs2LiInF6,5.227,False,1.45,1.55,0.79,2,5.0,0.8,3.0,0.8,0.1,1.083773832,0.607003891,0,0,0,1,0.04,0.622568093,3.0,2.2,46,1.67,4.13,0.808716707,2.955,2.045,0.350877193,3.40119,1.38
Cs2RbAlF6,8.3194,False,2.35,1.25,0.79,5,3.0,0.535,37.0,0.79,1.1,0.967780741,0.799610895,0,0,0,1,0.985,0.416342412,3.16,2.37,24,1.67,4.625,0.722162162,2.955,2.805,0.117324561,3.40119,1.215
Cs2YInF6,4.0503,False,1.55,1.8,0.79,5,5.0,0.9,49.0,0.56,0.25,1.048240263,0.661478599,0,0,0,1,0.1,0.700389105,2.2,2.76,10,1.67,4.27,0.782201405,2.955,2.085,0.375,3.40119,1.5
Cs2NaAuF6,0.6262,True,1.8,1.35,0.79,3,6.0,0.85,11.0,1.61,0.45,1.008104938,0.727626459,0,0,0,1,0.17,0.661478599,3.05,1.44,68,1.67,4.44,0.752252252,2.955,2.305,0.277777778,3.40119,1.735
Cs2LiScF6,6.6268,False,1.45,1.6,0.79,2,4.0,0.745,3.0,0.38,0.15,1.098401454,0.585603113,0,0,0,1,0.015,0.579766537,3.0,2.62,18,1.67,4.075,0.819631902,2.955,2.045,0.326754386,3.40119,1.17
Cs2InSbF6,2.2147,True,1.55,1.45,0.79,5,0.76,51.0,0.8,0.27,0.1,1.083773832,0.607003891,0,0,0,1,0.04,1.93,0.622568093,2.045,2,1.67,4.13,0.808716707,2.955,2.2,0.350877193,3.40119,1.915
Cs2KAlF6,6.6738,True,2.2,1.25,0.79,4,3.0,0.535,19.0,0.79,0.95,0.997990173,0.745136187,0,0,0,1,0.845,0.416342412,3.16,2.37,6,1.67,4.485,0.744704571,2.955,2.665,0.129227053,3.40119,1.215
Cs2GaHgF6,0.0,False,1.5,1.3,0.79,6,4.0,0.62,80.0,0.19,0.2,1.043353362,0.6692607,0,0,0,1,0.48,0.482490272,1.98,2.17,49,1.67,4.29,0.778554779,2.955,2.385,0.187878788,3.40119,1.905
Cs2InGaF6,3.3133,False,1.3,1.55,0.79,4,5.0,0.8,31.0,0.03,0.25,1.121800984,0.552529183,0,0,0,1,0.18,0.622568093,2.17,2.2,18,1.67,3.99,0.837092732,2.955,1.905,0.430107527,3.40119,1.795
Cs2AlHgF6,0.0,False,1.5,1.25,0.79,6,3.0,0.535,80.0,0.39,0.25,1.06444374,0.63618677,0,0,0,1,0.565,0.416342412,1.98,2.37,67,1.67,4.205,0.794292509,2.955,2.385,0.162121212,3.40119,1.805
Cs2InCuF6,0.0917,False,1.35,1.55,0.79,4,5.0,0.8,29.0,0.12,0.2,1.081156021,0.610894942,0,0,0,1,0.03,0.622568093,2.08,2.2,20,1.67,4.14,0.806763285,2.955,2.055,0.346320346,3.40119,1.84
Cs2YAuF6,2.0605,False,1.35,1.8,0.79,6,5.0,0.9,79.0,1.32,0.45,1.036107853,0.680933852,0,0,0,1,0.05,0.700389105,1.44,2.76,40,1.67,4.32,0.773148148,2.955,2.135,0.352941176,3.40119,1.88
Cs2RuAuF6,0.0,False,1.35,1.3,0.79,6,5.0,0.68,79.0,0.34,0.05,1.091703884,0.595330739,0,0,0,1,0.17,0.529182879,1.44,1.78,35,1.67,4.1,0.814634146,2.955,2.135,0.266666667,3.40119,2.37
Cs2AlAuF6,1.5293,False,1.35,1.25,0.79,6,3.0,0.535,79.0,0.93,0.1,1.131728426,0.538910506,0,0,0,1,0.315,0.416342412,1.44,2.37,66,1.67,3.955,0.844500632,2.955,2.135,0.209803922,3.40119,2.075
Cs2ScAgF6,3.6511,False,1.6,1.6,0.79,5,4.0,0.745,47.0,0.57,0.0,1.002460454,0.737354086,0,0,0,1,0.405,0.579766537,2.05,2.62,26,1.67,4.465,0.748040314,2.955,2.435,0.215942029,3.40119,1.645
Cs2KScF6,6.8201,True,2.2,1.6,0.79,4,4.0,0.745,19.0,0.54,0.6,0.953351635,0.826848249,0,0,0,1,0.635,0.579766537,3.16,2.62,2,1.67,4.695,0.711395101,2.955,2.665,0.179951691,3.40119,1.09
Cs2KAsF6,4.6474,False,2.2,1.15,0.79,4,4.0,0.58,19.0,1.36,1.05,0.988076363,0.762645914,0,0,0,1,0.8,0.451361868,3.16,1.8,14,1.67,4.53,0.737306843,2.955,2.665,0.140096618,3.40119,1.5
Cs2ScInF6,4.1422,False,1.55,1.6,0.79,5,4.0,0.745,49.0,0.42,0.05,1.087724405,0.601167315,0,0,0,1,0.055,0.579766537,2.2,2.62,28,1.67,4.115,0.811664642,2.955,2.085,0.310416667,3.40119,1.57
Cs2InAsF6,2.1016,True,1.55,1.15,0.79,4,0.58,33.0,0.8,0.4,0.4,1.133160994,0.536964981,0,0,0,1,0.22,1.8,0.622568093,1.865,16,1.67,3.95,0.84556962,2.955,2.2,0.459770115,3.40119,1.98
Cs2TlHgF6,0.0,False,1.5,1.9,0.79,6,1.5,81.0,1.1,0.38,0.4,0.865761301,1.011673152,0,0,0,1,0.4,2.36,0.856031128,2.785,1,1.67,5.17,0.646034816,2.955,1.98,0.244444444,3.40119,1.81
Cs2ScHgF6,0.0,False,1.5,1.6,0.79,6,4.0,0.745,80.0,0.64,0.1,1.013813347,0.717898833,0,0,0,1,0.355,0.579766537,1.98,2.62,59,1.67,4.415,0.756511891,2.955,2.385,0.225757576,3.40119,1.68
Cs2InHgF6,0.0,False,1.5,1.55,0.79,6,5.0,0.8,80.0,0.22,0.05,1.001339133,0.739299611,0,0,0,1,0.3,0.622568093,1.98,2.2,31,1.67,4.47,0.747203579,2.955,2.385,0.242424242,3.40119,1.89
Cs2SbAuF6,0.8002,False,1.35,1.45,0.79,6,5.0,0.76,79.0,0.49,0.1,1.07081003,0.626459144,0,0,0,1,0.09,0.591439689,1.44,1.93,28,1.67,4.18,0.799043062,2.955,2.135,0.298039216,3.40119,2.295
Cs2BiAuF6,1.2369,False,1.6,1.35,0.79,6,0.85,79.0,1.03,0.52,0.25,1.005839534,0.73151751,0,0,0,1,0.18,1.44,0.80155642,2.135,4,1.67,4.45,0.750561798,2.955,1.96,0.403921569,3.40119,2.28
Cs2AsAuF6,0.8565,False,1.35,1.15,0.79,6,4.0,0.58,79.0,0.36,0.2,1.118996481,0.556420233,0,0,0,1,0.27,0.451361868,1.44,1.8,46,1.67,4.0,0.835,2.955,2.135,0.22745098,3.40119,2.36
Cs2TlAgF6,0.8053,False,1.6,1.9,0.79,6,1.5,81.0,1.15,0.31,0.3,0.857468568,1.031128405,0,0,0,1,0.35,2.36,0.894941634,2.785,34,1.67,5.22,0.639846743,2.955,2.05,0.255555556,3.40119,1.775
Cs2HgMoF6,0.0,False,1.5,1.45,0.79,6,5.0,0.69,80.0,0.16,0.05,1.026602276,0.696498054,0,0,0,1,0.41,0.536964981,1.98,1.82,38,1.67,4.36,0.766055046,2.955,2.385,0.209090909,3.40119,2.08
Cs2HgBiF6,0.0,False,1.5,1.6,0.79,6,6.0,1.03,80.0,0.02,0.1,0.952337431,0.828793774,0,0,0,1,0.07,0.80155642,1.98,1.96,3,1.67,4.7,0.710638298,2.955,2.385,0.312121212,3.40119,2.01
Cs2AgMoF6,2.7943,True,1.6,1.45,0.79,5,5.0,0.69,47.0,0.23,0.15,1.014962795,0.715953307,0,0,0,1,0.46,0.536964981,2.05,1.82,5,1.67,4.41,0.757369615,2.955,2.435,0.2,3.40119,2.045
Cs2AgSbF6,2.3185,False,1.6,1.45,0.79,5,5.0,0.76,47.0,0.12,0.15,0.999104001,0.743190661,0,0,0,1,0.39,0.591439689,2.05,1.93,4,1.67,4.48,0.745535714,2.955,2.435,0.220289855,3.40119,1.99
Cs2NdAgF6,3.3086,False,1.6,1.85,0.79,5,6.0,0.983,47.0,0.79,0.25,0.951729944,0.829961089,0,0,0,1,0.167,0.764980545,2.05,2.84,13,1.67,4.703,0.710184988,2.955,2.435,0.284927536,3.40119,1.535
Cs2PrAgF6,3.2577,False,1.6,1.85,0.79,5,6.0,0.99,47.0,0.8,0.25,0.950315483,0.832684825,0,0,0,1,0.16,0.770428016,2.05,2.85,12,1.67,4.71,0.709129512,2.955,2.435,0.286956522,3.40119,1.53
Cs2CeAgF6,0.0,False,1.6,1.85,0.79,5,6.0,1.01,47.0,0.81,0.25,0.946297236,0.840466926,0,0,0,1,0.14,0.785992218,2.05,2.86,11,1.67,4.73,0.706131078,2.955,2.435,0.292753623,3.40119,1.525
Cs2CoAgF6,1.8768,False,1.6,1.35,0.79,5,4.0,0.61,47.0,0.05,0.25,1.033714994,0.684824903,0,0,0,1,0.54,0.474708171,2.05,2.1,20,1.67,4.33,0.771362587,2.955,2.435,0.176811594,3.40119,1.905
Cs2AgAuF6,0.0,False,1.6,1.35,0.79,5,6.0,0.85,47.0,0.61,0.25,0.979427992,0.778210117,0,0,0,1,0.3,0.661478599,2.05,1.44,32,1.67,4.57,0.730853392,2.955,2.435,0.246376812,3.40119,2.235
Cs2GaAgF6,2.7308,False,1.6,1.3,0.79,5,4.0,0.62,47.0,0.12,0.3,1.031333162,0.688715953,0,0,0,1,0.53,0.482490272,2.05,2.17,16,1.67,4.34,0.769585253,2.955,2.435,0.179710145,3.40119,1.87
Cs2InAgF6,2.1888,False,1.6,1.55,0.79,5,5.0,0.8,47.0,0.15,0.05,0.990262373,0.758754864,0,0,0,1,0.35,0.622568093,2.05,2.2,2,1.67,4.52,0.738938053,2.955,2.435,0.231884058,3.40119,1.855
Cs2AlAgF6,3.4974,False,1.6,1.25,0.79,5,3.0,0.535,47.0,0.32,0.35,1.051935588,0.655642023,0,0,0,1,0.615,0.416342412,2.05,2.37,34,1.67,4.255,0.784958872,2.955,2.435,0.155072464,3.40119,1.77
Cs2AgIrF6,1.3698,True,1.6,1.35,0.79,5,6.0,0.68,47.0,0.27,0.25,1.017269528,0.712062257,0,0,0,1,0.47,0.529182879,2.05,1.78,30,1.67,4.4,0.759090909,2.955,2.435,0.197101449,3.40119,2.065
Cs2AgAsF6,2.4428,False,1.6,1.15,0.79,5,4.0,0.58,47.0,0.25,0.45,1.040926959,0.673151751,0,0,0,1,0.57,0.451361868,2.05,1.8,14,1.67,4.3,0.776744186,2.955,2.435,0.168115942,3.40119,2.055
Cs2AgBiF6,2.7645,False,1.6,1.6,0.79,5,6.0,1.03,47.0,0.09,0.0,0.942312826,0.848249027,0,0,0,1,0.12,0.80155642,2.05,1.96,36,1.67,4.75,0.703157895,2.955,2.435,0.298550725,3.40119,1.975
Cs2NaSmF6,6.9248,True,1.8,1.85,0.79,3,6.0,0.958,11.0,0.24,0.05,0.984165771,0.769649805,0,0,0,1,0.062,0.745525292,3.05,2.81,51,1.67,4.548,0.734388742,2.955,2.305,0.313071895,3.40119,1.05
Cs2NaTbF6,6.8618,True,1.8,1.75,0.79,3,6.0,0.923,11.0,0.17,0.05,0.991798344,0.756031128,0,0,0,1,0.097,0.718287938,3.05,2.88,54,1.67,4.513,0.740084201,2.955,2.305,0.301633987,3.40119,1.015
Cs2NaTlF6,3.6228,True,1.8,1.9,0.79,3,6.0,1.5,11.0,0.69,0.1,0.879368551,0.980544747,0,0,0,1,0.48,1.167315175,3.05,2.36,70,1.67,5.09,0.656188605,2.955,2.305,0.490196078,3.40119,1.275
Cs2NaErF6,6.8647,True,1.8,1.75,0.79,3,6.0,0.89,11.0,0.31,0.05,0.999104001,0.743190661,0,0,0,1,0.13,0.692607004,3.05,2.74,57,1.67,4.48,0.745535714,2.955,2.305,0.290849673,3.40119,1.085
Cs2NaInF6,5.304,True,1.8,1.55,0.79,3,5.0,0.8,11.0,0.85,0.25,1.019586771,0.708171206,0,0,0,1,0.22,0.622568093,3.05,2.2,38,1.67,4.39,0.760820046,2.955,2.305,0.261437908,3.40119,1.355
Cs2NaYF6,6.8639,True,1.8,1.8,0.79,3,5.0,0.9,11.0,0.29,0.0,0.996878825,0.747081712,0,0,0,1,0.12,0.700389105,3.05,2.76,28,1.67,4.49,0.743875278,2.955,2.305,0.294117647,3.40119,1.075
Cs2TlFeF6,2.9057,False,1.9,1.4,0.79,6,4.0,0.645,81.0,0.21,0.5,0.949307725,0.83463035,0,0,0,1,0.855,0.501945525,2.36,2.15,55,1.67,4.715,0.708377519,2.955,2.785,0.143333333,3.40119,1.725
Cs2KCoF6,3.0136,False,2.2,1.35,0.79,4,4.0,0.61,19.0,1.06,0.85,0.981575861,0.774319066,0,0,0,1,0.77,0.474708171,3.16,2.1,8,1.67,4.56,0.73245614,2.955,2.665,0.147342995,3.40119,1.35
Cs2KMoF6,4.1117,False,2.2,1.45,0.79,4,5.0,0.69,19.0,1.34,0.75,0.964652139,0.805447471,0,0,0,1,0.69,0.536964981,3.16,1.82,23,1.67,4.64,0.719827586,2.955,2.665,0.166666667,3.40119,1.49
Cs2TlVF6,0.0,False,1.9,1.35,0.79,6,4.0,0.64,81.0,0.01,0.55,0.950315483,0.832684825,0,0,0,1,0.86,0.498054475,2.36,2.35,58,1.67,4.71,0.709129512,2.955,2.785,0.142222222,3.40119,1.625
Cs2TlBiF6,3.0939,True,1.9,1.6,0.79,6,6.0,1.03,81.0,0.4,0.3,0.877644299,0.984435798,0,0,0,1,0.47,0.80155642,2.36,1.96,2,1.67,5.1,0.654901961,2.955,2.785,0.228888889,3.40119,1.82
Cs2KNiF6,0.0,False,2.2,1.35,0.79,4,4.0,0.6,19.0,1.09,0.85,0.98373317,0.770428016,0,0,0,1,0.78,0.46692607,3.16,2.07,9,1.67,4.55,0.734065934,2.955,2.665,0.144927536,3.40119,1.365
Cs2KVF6,0.0,False,2.2,1.35,0.79,4,4.0,0.64,19.0,0.81,0.85,0.975160332,0.785992218,0,0,0,1,0.74,0.498054475,3.16,2.35,4,1.67,4.59,0.727668845,2.955,2.665,0.154589372,3.40119,1.225
Cs2KFeF6,4.0956,False,2.2,1.4,0.79,4,4.0,0.645,19.0,1.01,0.8,0.974099222,0.787937743,0,0,0,1,0.735,0.501945525,3.16,2.15,7,1.67,4.595,0.72687704,2.955,2.665,0.155797101,3.40119,1.325
Cs2RbBiF6,4.7749,False,2.35,1.6,0.79,5,6.0,1.03,37.0,1.2,0.75,0.874216001,0.992217899,0,0,0,1,0.49,0.80155642,3.16,1.96,46,1.67,5.12,0.65234375,2.955,2.805,0.225877193,3.40119,1.42
Cs2TlMoF6,3.8865,False,1.9,1.45,0.79,6,5.0,0.69,81.0,0.54,0.45,0.940333178,0.852140078,0,0,0,1,0.81,0.536964981,2.36,1.82,39,1.67,4.76,0.701680672,2.955,2.785,0.153333333,3.40119,1.89
Cs2NaBiF6,5.021,False,1.8,1.6,0.79,3,6.0,1.03,11.0,1.09,0.2,0.968828122,0.79766537,0,0,0,1,0.01,0.80155642,3.05,1.96,72,1.67,4.62,0.722943723,2.955,2.305,0.336601307,3.40119,1.475
Cs2KCrF6,4.287,False,2.2,1.4,0.79,4,4.0,0.615,19.0,0.84,0.8,0.98050075,0.776264591,0,0,0,1,0.765,0.478599222,3.16,2.32,5,1.67,4.565,0.731653888,2.955,2.665,0.148550725,3.40119,1.24
Cs2KMnF6,0.0,False,2.2,1.4,0.79,4,4.0,0.645,19.0,0.73,0.8,0.974099222,0.787937743,0,0,0,1,0.735,0.501945525,3.16,2.43,6,1.67,4.595,0.72687704,2.955,2.665,0.155797101,3.40119,1.185
Cs2KRhF6,2.1013,True,2.2,1.35,0.79,4,5.0,0.665,19.0,1.46,0.85,0.969877774,0.795719844,0,0,0,1,0.715,0.517509728,3.16,1.7,26,1.67,4.615,0.723726977,2.955,2.665,0.160628019,3.40119,1.55
Cs2KBiF6,4.9469,False,2.2,1.6,0.79,4,6.0,1.03,19.0,1.2,0.6,0.898792354,0.937743191,0,0,0,1,0.35,0.80155642,3.16,1.96,64,1.67,4.98,0.670682731,2.955,2.665,0.248792271,3.40119,1.42
Cs2KYF6,6.464,True,2.2,1.8,0.79,4,5.0,0.9,19.0,0.4,0.4,0.922883696,0.887159533,0,0,0,1,0.48,0.700389105,3.16,2.76,20,1.67,4.85,0.688659794,2.955,2.665,0.217391304,3.40119,1.02
Cs2KTiF6,0.0,False,2.2,1.4,0.79,4,4.0,0.67,19.0,0.72,0.8,0.968828122,0.79766537,0,0,0,1,0.71,0.521400778,3.16,2.44,3,1.67,4.62,0.722943723,2.955,2.665,0.161835749,3.40119,1.18
Cs2NaScF6,6.8066,True,1.8,1.6,0.79,3,4.0,0.745,11.0,0.43,0.2,1.032522705,0.686770428,0,0,0,1,0.275,0.579766537,3.05,2.62,10,1.67,4.335,0.770472895,2.955,2.305,0.243464052,3.40119,1.145
Cs2RbYF6,6.1978,True,2.35,1.8,0.79,5,5.0,0.9,37.0,0.4,0.55,0.896991167,0.941634241,0,0,0,1,0.62,0.700389105,3.16,2.76,2,1.67,4.99,0.669338677,2.955,2.805,0.197368421,3.40119,1.02
Cs2KTlF6,3.605,False,2.2,1.9,0.79,4,6.0,1.5,19.0,0.8,0.3,0.821281821,1.120622568,0,0,0,1,0.12,1.167315175,3.16,2.36,62,1.67,5.45,0.612844037,2.955,2.665,0.362318841,3.40119,1.22
Cs2KGaF6,6.0476,True,2.2,1.3,0.79,4,4.0,0.62,19.0,0.99,0.9,0.979427992,0.778210117,0,0,0,1,0.76,0.482490272,3.16,2.17,12,1.67,4.57,0.730853392,2.955,2.665,0.149758454,3.40119,1.315
Cs2TlInF6,3.9896,False,1.9,1.55,0.79,6,5.0,0.8,81.0,0.16,0.35,0.919093619,0.894941634,0,0,0,1,0.7,0.622568093,2.36,2.2,32,1.67,4.87,0.685831622,2.955,2.785,0.177777778,3.40119,1.7
Cs2InBiF6,2.2862,True,1.55,1.6,0.79,6,1.03,83.0,0.8,0.24,0.05,1.017269528,0.712062257,0,0,0,1,0.23,1.96,0.622568093,2.315,34,1.67,4.4,0.759090909,2.955,2.2,0.258899676,3.40119,1.9
Cs2TlGaF6,4.7634,False,1.9,1.3,0.79,6,4.0,0.62,81.0,0.19,0.6,0.954368001,0.824902724,0,0,0,1,0.88,0.482490272,2.36,2.17,50,1.67,4.69,0.712153518,2.955,2.785,0.137777778,3.40119,1.715
Cs2LiTlF6,3.4518,True,1.45,1.9,0.79,2,6.0,1.5,3.0,0.64,0.45,0.92670516,0.879377432,0,0,0,1,0.74,1.167315175,3.0,2.36,78,1.67,4.83,0.691511387,2.955,2.045,0.657894737,3.40119,1.3
Cs2RbTlF6,3.7422,False,2.35,1.9,0.79,5,6.0,1.5,37.0,0.8,0.45,0.800713046,1.175097276,0,0,0,1,0.02,1.167315175,3.16,2.36,44,1.67,5.59,0.597495528,2.955,2.805,0.328947368,3.40119,1.22
Cs2RbInF6,5.3728,False,2.35,1.55,0.79,5,5.0,0.8,37.0,0.96,0.8,0.915334545,0.902723735,0,0,0,1,0.72,0.622568093,3.16,2.2,12,1.67,4.89,0.683026585,2.955,2.805,0.175438596,3.40119,1.3
Cs2RbGaF6,5.9411,True,2.35,1.3,0.79,5,4.0,0.62,37.0,0.99,1.05,0.950315483,0.832684825,0,0,0,1,0.9,0.482490272,3.16,2.17,6,1.67,4.71,0.709129512,2.955,2.805,0.135964912,3.40119,1.315
Cs2KInF6,5.4629,True,2.2,1.55,0.79,4,5.0,0.8,19.0,0.96,0.65,0.942312826,0.848249027,0,0,0,1,0.58,0.622568093,3.16,2.2,30,1.67,4.75,0.703157895,2.955,2.665,0.193236715,3.40119,1.3
K2NaMnF6,1.5314,True,1.8,1.4,0.82,3,4.0,0.645,11.0,0.62,0.4,0.976759072,0.647859922,0,0,0,1,0.375,0.501945525,3.05,2.43,14,1.38,4.235,0.651711924,2.665,2.305,0.210784314,3.40119,1.24
K2LiAlF6,7.2688,True,1.45,1.25,0.82,2,3.0,0.535,3.0,0.63,0.2,1.070265115,0.503891051,0,0,0,1,0.225,0.416342412,3.0,2.37,10,1.38,3.865,0.714100906,2.665,2.045,0.234649123,3.40119,1.295
K2NaVF6,0.0,False,1.8,1.35,0.82,3,4.0,0.64,11.0,0.7,0.45,0.977913634,0.645914397,0,0,0,1,0.38,0.498054475,3.05,2.35,12,1.38,4.23,0.65248227,2.665,2.305,0.209150327,3.40119,1.28
K2RbMoF6,3.0563,False,2.35,1.45,0.82,5,5.0,0.69,37.0,1.34,0.9,0.86539219,0.859922179,0,0,0,1,0.83,0.536964981,3.16,1.82,5,1.38,4.78,0.577405858,2.665,2.805,0.151315789,3.40119,1.49
K2RbYF6,5.6436,True,2.35,1.8,0.82,5,5.0,0.9,37.0,0.4,0.55,0.82897288,0.941634241,0,0,0,1,0.62,0.700389105,3.16,2.76,2,1.38,4.99,0.553106212,2.665,2.805,0.197368421,3.40119,1.02
K2RbSbF6,3.5055,False,2.35,1.45,0.82,5,5.0,0.76,37.0,1.23,0.9,0.852901994,0.887159533,0,0,0,1,0.76,0.591439689,3.16,1.93,14,1.38,4.85,0.569072165,2.665,2.805,0.166666667,3.40119,1.435
K2RbPrF6,5.2136,False,2.35,1.85,0.82,5,6.0,0.99,37.0,0.31,0.5,0.814286352,0.976653696,0,0,0,1,0.53,0.770428016,3.16,2.85,22,1.38,5.08,0.543307087,2.665,2.805,0.217105263,3.40119,0.975
K2RbNdF6,5.2708,False,2.35,1.85,0.82,5,6.0,0.983,37.0,0.32,0.5,0.815409949,0.973929961,0,0,0,1,0.537,0.764980545,3.16,2.84,23,1.38,5.073,0.544056771,2.665,2.805,0.215570175,3.40119,0.98
K2RbCeF6,0.0,False,2.35,1.85,0.82,5,6.0,1.01,37.0,0.3,0.5,0.811093073,0.984435798,0,0,0,1,0.51,0.785992218,3.16,2.86,21,1.38,5.1,0.541176471,2.665,2.805,0.221491228,3.40119,0.97
K2RbBiF6,4.2159,False,2.35,1.6,0.82,5,6.0,1.03,37.0,1.2,0.75,0.80792474,0.992217899,0,0,0,1,0.49,0.80155642,3.16,1.96,46,1.38,5.12,0.5390625,2.665,2.805,0.225877193,3.40119,1.42
K2NaSbF6,3.9986,False,1.8,1.45,0.82,3,5.0,0.76,11.0,1.12,0.35,0.950936706,0.692607004,0,0,0,1,0.26,0.591439689,3.05,1.93,40,1.38,4.35,0.634482759,2.665,2.305,0.248366013,3.40119,1.49
K2NaPrF6,5.9483,False,1.8,1.85,0.82,3,6.0,0.99,11.0,0.2,0.05,0.903182242,0.782101167,0,0,0,1,0.03,0.770428016,3.05,2.85,48,1.38,4.58,0.602620087,2.665,2.305,0.323529412,3.40119,1.03
K2NaNdF6,5.9905,True,1.8,1.85,0.82,3,6.0,0.983,11.0,0.21,0.05,0.904564765,0.779377432,0,0,0,1,0.037,0.764980545,3.05,2.84,49,1.38,4.573,0.603542532,2.665,2.305,0.32124183,3.40119,1.035
K2NaBiF6,4.8062,False,1.8,1.6,0.82,3,6.0,1.03,11.0,1.09,0.2,0.895362483,0.79766537,0,0,0,1,0.01,0.80155642,3.05,1.96,72,1.38,4.62,0.597402597,2.665,2.305,0.336601307,3.40119,1.475
K2LiYF6,6.6971,True,1.45,1.8,0.82,2,5.0,0.9,3.0,0.24,0.35,0.977913634,0.645914397,0,0,0,1,0.14,0.700389105,3.0,2.76,36,1.38,4.23,0.65248227,2.665,2.045,0.394736842,3.40119,1.1
K2LiSbF6,4.1086,False,1.45,1.45,0.82,2,5.0,0.76,3.0,1.07,0.0,1.01138745,0.591439689,0,0,0,1,0.0,0.591439689,3.0,1.93,48,1.38,4.09,0.674816626,2.665,2.045,0.333333333,3.40119,1.515
K2LiNdF6,6.3791,True,1.45,1.85,0.82,2,6.0,0.983,3.0,0.16,0.4,0.959094521,0.678210117,0,0,0,1,0.223,0.764980545,3.0,2.84,57,1.38,4.313,0.639925806,2.665,2.045,0.431140351,3.40119,1.06
K2LiMoF6,4.4161,False,1.45,1.45,0.82,2,5.0,0.69,3.0,1.18,0.0,1.028998674,0.564202335,0,0,0,1,0.07,0.536964981,3.0,1.82,39,1.38,4.02,0.686567164,2.665,2.045,0.302631579,3.40119,1.57
K2LiBiF6,4.8822,False,1.45,1.6,0.82,2,6.0,1.03,3.0,1.04,0.15,0.948755658,0.696498054,0,0,0,1,0.27,0.80155642,3.0,1.96,80,1.38,4.36,0.633027523,2.665,2.045,0.451754386,3.40119,1.5
K2CuSbF6,0.8543,False,1.35,1.45,0.82,4,5.0,0.76,29.0,0.15,0.1,1.008920651,0.595330739,0,0,0,1,0.01,0.591439689,2.08,1.93,22,1.38,4.1,0.673170732,2.665,2.055,0.329004329,3.40119,1.975
K2PrCuF6,0.316,False,1.35,1.85,0.82,4,6.0,0.99,29.0,0.77,0.5,0.955329023,0.684824903,0,0,0,1,0.22,0.770428016,2.08,2.85,30,1.38,4.33,0.637413395,2.665,2.055,0.428571429,3.40119,1.515
K2CuBiF6,0.8218,False,1.35,1.6,0.82,4,6.0,1.03,29.0,0.12,0.25,0.946584593,0.700389105,0,0,0,1,0.26,0.80155642,2.08,1.96,54,1.38,4.37,0.631578947,2.665,2.055,0.445887446,3.40119,1.96
K2AgMoF6,2.5573,True,1.6,1.45,0.82,5,5.0,0.69,47.0,0.23,0.15,0.937998791,0.715953307,0,0,0,1,0.46,0.536964981,2.05,1.82,5,1.38,4.41,0.62585034,2.665,2.435,0.2,3.40119,2.045
K2YAgF6,2.6382,False,1.6,1.8,0.82,5,5.0,0.9,47.0,0.71,0.2,0.895362483,0.79766537,0,0,0,1,0.25,0.700389105,2.05,2.76,8,1.38,4.62,0.597402597,2.665,2.435,0.260869565,3.40119,1.575
K2AgSbF6,2.0454,False,1.6,1.45,0.82,5,5.0,0.76,47.0,0.12,0.15,0.92334256,0.743190661,0,0,0,1,0.39,0.591439689,2.05,1.93,4,1.38,4.48,0.616071429,2.665,2.435,0.220289855,3.40119,1.99
K2PrAgF6,2.5361,False,1.6,1.85,0.82,5,6.0,0.99,47.0,0.8,0.25,0.878253645,0.832684825,0,0,0,1,0.16,0.770428016,2.05,2.85,12,1.38,4.71,0.585987261,2.665,2.435,0.286956522,3.40119,1.53
K2NdAgF6,2.4403,False,1.6,1.85,0.82,5,6.0,0.983,47.0,0.79,0.25,0.879560848,0.829961089,0,0,0,1,0.167,0.764980545,2.05,2.84,13,1.38,4.703,0.586859451,2.665,2.435,0.284927536,3.40119,1.535
K2AgBiF6,2.3982,False,1.6,1.6,0.82,5,6.0,1.03,47.0,0.09,0.0,0.870857825,0.848249027,0,0,0,1,0.12,0.80155642,2.05,1.96,36,1.38,4.75,0.581052632,2.665,2.435,0.298550725,3.40119,1.975
K2TlCoF6,2.5182,False,1.9,1.35,0.82,6,4.0,0.61,81.0,0.26,0.55,0.883883476,0.821011673,0,0,0,1,0.89,0.474708171,2.36,2.1,54,1.38,4.68,0.58974359,2.665,2.785,0.135555556,3.40119,1.75
K2NaCoF6,2.9932,True,1.8,1.35,0.82,3,4.0,0.61,11.0,0.95,0.45,0.984898731,0.634241245,0,0,0,1,0.41,0.474708171,3.05,2.1,16,1.38,4.2,0.657142857,2.665,2.305,0.199346405,3.40119,1.405
K2NaGaF6,5.952,True,1.8,1.3,0.82,3,4.0,0.62,11.0,0.88,0.5,0.982559304,0.638132296,0,0,0,1,0.4,0.482490272,3.05,2.17,20,1.38,4.21,0.655581948,2.665,2.305,0.202614379,3.40119,1.37
K2LiTiF6,0.0,False,1.45,1.4,0.82,2,4.0,0.67,3.0,0.56,0.05,1.034143667,0.556420233,0,0,0,1,0.09,0.521400778,3.0,2.44,19,1.38,4.0,0.69,2.665,2.045,0.293859649,3.40119,1.26
K2NaAsF6,4.4981,False,1.8,1.15,0.82,3,4.0,0.58,11.0,1.25,0.65,0.991984333,0.622568093,0,0,0,1,0.44,0.451361868,3.05,1.8,22,1.38,4.17,0.661870504,2.665,2.305,0.189542484,3.40119,1.555
K2LiScF6,6.7733,True,1.45,1.6,0.82,2,4.0,0.745,3.0,0.38,0.15,1.015110348,0.585603113,0,0,0,1,0.015,0.579766537,3.0,2.62,18,1.38,4.075,0.677300613,2.665,2.045,0.326754386,3.40119,1.17
K2LiAuF6,0.4499,True,1.45,1.35,0.82,2,6.0,0.85,3.0,1.56,0.1,0.989611165,0.626459144,0,0,0,1,0.09,0.661478599,3.0,1.44,76,1.38,4.18,0.660287081,2.665,2.045,0.372807018,3.40119,1.76
K2LiGaF6,6.1271,True,1.45,1.3,0.82,2,4.0,0.62,3.0,0.83,0.15,1.047234094,0.536964981,0,0,0,1,0.14,0.482490272,3.0,2.17,28,1.38,3.95,0.698734177,2.665,2.045,0.271929825,3.40119,1.395
K2RbScF6,5.8541,True,2.35,1.6,0.82,5,4.0,0.745,37.0,0.54,0.75,0.855548019,0.881322957,0,0,0,1,0.775,0.579766537,3.16,2.62,16,1.38,4.835,0.570837642,2.665,2.805,0.163377193,3.40119,1.09
K2YInF6,3.3664,True,1.55,1.8,0.82,5,5.0,0.9,49.0,0.56,0.25,0.96875285,0.661478599,0,0,0,1,0.1,0.700389105,2.2,2.76,10,1.38,4.27,0.646370023,2.665,2.085,0.375,3.40119,1.5
K2YTlF6,4.3847,False,1.9,1.8,0.82,6,5.0,0.9,81.0,0.4,0.1,0.832308787,0.93385214,0,0,0,1,0.6,0.700389105,2.36,2.76,42,1.38,4.97,0.555331992,2.665,2.785,0.2,3.40119,1.42
K2TlSbF6,2.6523,False,1.9,1.45,0.82,6,5.0,0.76,81.0,0.43,0.45,0.856433679,0.879377432,0,0,0,1,0.74,0.591439689,2.36,1.93,30,1.38,4.83,0.571428571,2.665,2.785,0.168888889,3.40119,1.835
K2RbGaF6,5.5929,True,2.35,1.3,0.82,5,4.0,0.62,37.0,0.99,1.05,0.878253645,0.832684825,0,0,0,1,0.9,0.482490272,3.16,2.17,6,1.38,4.71,0.585987261,2.665,2.805,0.135964912,3.40119,1.315
K2LiNiF6,0.0,False,1.45,1.35,0.82,2,4.0,0.6,3.0,0.93,0.1,1.052563529,0.529182879,0,0,0,1,0.16,0.46692607,3.0,2.07,25,1.38,3.93,0.702290076,2.665,2.045,0.263157895,3.40119,1.445
K2LiCoF6,0.0,False,1.45,1.35,0.82,2,4.0,0.61,3.0,0.9,0.1,1.049892048,0.53307393,0,0,0,1,0.15,0.474708171,3.0,2.1,24,1.38,3.94,0.700507614,2.665,2.045,0.26754386,3.40119,1.43
K2RbCrF6,4.5029,False,2.35,1.4,0.82,5,4.0,0.615,37.0,0.84,0.95,0.879186965,0.8307393,0,0,0,1,0.905,0.478599222,3.16,2.32,13,1.38,4.705,0.586609989,2.665,2.805,0.134868421,3.40119,1.24
K2TlNiF6,0.0,False,1.9,1.35,0.82,6,4.0,0.6,81.0,0.29,0.55,0.885776161,0.817120623,0,0,0,1,0.9,0.46692607,2.36,2.07,53,1.38,4.67,0.591006424,2.665,2.785,0.133333333,3.40119,1.765
K2TlVF6,0.0,False,1.9,1.35,0.82,6,4.0,0.64,81.0,0.01,0.55,0.878253645,0.832684825,0,0,0,1,0.86,0.498054475,2.36,2.35,58,1.38,4.71,0.585987261,2.665,2.785,0.142222222,3.40119,1.625
K2TlRhF6,1.9609,False,1.9,1.35,0.82,6,5.0,0.665,81.0,0.66,0.55,0.873616615,0.842412451,0,0,0,1,0.835,0.517509728,2.36,1.7,36,1.38,4.735,0.582893347,2.665,2.785,0.147777778,3.40119,1.95
K2MnTlF6,0.0,False,1.9,1.4,0.82,6,4.0,0.645,81.0,0.07,0.5,0.877322305,0.83463035,0,0,0,1,0.855,0.501945525,2.36,2.43,56,1.38,4.715,0.585365854,2.665,2.785,0.143333333,3.40119,1.585
K2TlGaF6,4.1618,False,1.9,1.3,0.82,6,4.0,0.62,81.0,0.19,0.6,0.881998864,0.824902724,0,0,0,1,0.88,0.482490272,2.36,2.17,50,1.38,4.69,0.588486141,2.665,2.785,0.137777778,3.40119,1.715
K2TlFeF6,2.5608,False,1.9,1.4,0.82,6,4.0,0.645,81.0,0.21,0.5,0.877322305,0.83463035,0,0,0,1,0.855,0.501945525,2.36,2.15,55,1.38,4.715,0.585365854,2.665,2.785,0.143333333,3.40119,1.725
K2TlCrF6,4.0416,False,1.9,1.4,0.82,6,4.0,0.615,81.0,0.04,0.5,0.882940164,0.822957198,0,0,0,1,0.885,0.478599222,2.36,2.32,57,1.38,4.685,0.589114194,2.665,2.785,0.136666667,3.40119,1.64
K2TlAuF6,0.0,False,1.9,1.35,0.82,6,6.0,0.85,81.0,0.92,0.55,0.840767209,0.914396887,0,0,0,1,0.65,0.661478599,2.36,1.44,2,1.38,4.92,0.56097561,2.665,2.785,0.188888889,3.40119,2.08
K2AlTlF6,4.7049,False,1.9,1.25,0.82,6,3.0,0.535,81.0,0.01,0.65,0.898278973,0.791828794,0,0,0,1,0.965,0.416342412,2.36,2.37,68,1.38,4.605,0.599348534,2.665,2.785,0.118888889,3.40119,1.615
K2RbVF6,0.0,False,2.35,1.35,0.82,5,4.0,0.64,37.0,0.81,1.0,0.874540099,0.840466926,0,0,0,1,0.88,0.498054475,3.16,2.35,14,1.38,4.73,0.583509514,2.665,2.805,0.140350877,3.40119,1.225
K2RbMnF6,0.0,False,2.35,1.4,0.82,5,4.0,0.645,37.0,0.73,0.95,0.873616615,0.842412451,0,0,0,1,0.875,0.501945525,3.16,2.43,12,1.38,4.735,0.582893347,2.665,2.805,0.141447368,3.40119,1.185
K2RbCoF6,3.2015,False,2.35,1.35,0.82,5,4.0,0.61,37.0,1.06,1.0,0.88012227,0.828793774,0,0,0,1,0.91,0.474708171,3.16,2.1,10,1.38,4.7,0.587234043,2.665,2.805,0.13377193,3.40119,1.35
K2RbAlF6,5.9464,True,2.35,1.25,0.82,5,3.0,0.535,37.0,0.79,1.1,0.894394523,0.799610895,0,0,0,1,0.985,0.416342412,3.16,2.37,24,1.38,4.625,0.596756757,2.665,2.805,0.117324561,3.40119,1.215
K2TiTlF6,0.0,False,1.9,1.4,0.82,6,4.0,0.67,81.0,0.08,0.5,0.872695078,0.844357977,0,0,0,1,0.83,0.521400778,2.36,2.44,59,1.38,4.74,0.582278481,2.665,2.785,0.148888889,3.40119,1.58
K2TlRuF6,0.0,False,1.9,1.3,0.82,6,5.0,0.68,81.0,0.58,0.6,0.870857825,0.848249027,0,0,0,1,0.82,0.529182879,2.36,1.78,37,1.38,4.75,0.581052632,2.665,2.785,0.151111111,3.40119,1.91
K2TlMoF6,3.7506,False,1.9,1.45,0.82,6,5.0,0.69,81.0,0.54,0.45,0.869028292,0.852140078,0,0,0,1,0.81,0.536964981,2.36,1.82,39,1.38,4.76,0.579831933,2.665,2.785,0.153333333,3.40119,1.89
K2TlIrF6,2.2493,False,1.9,1.35,0.82,6,6.0,0.68,81.0,0.58,0.55,0.870857825,0.848249027,0,0,0,1,0.82,0.529182879,2.36,1.78,4,1.38,4.75,0.581052632,2.665,2.785,0.151111111,3.40119,1.91
K2TlInF6,3.6161,False,1.9,1.55,0.82,6,5.0,0.8,81.0,0.16,0.35,0.849399316,0.894941634,0,0,0,1,0.7,0.622568093,2.36,2.2,32,1.38,4.87,0.566735113,2.665,2.785,0.177777778,3.40119,1.7
K2TlAsF6,2.726,True,1.9,1.15,0.82,6,4.0,0.58,81.0,0.56,0.75,0.889585951,0.809338521,0,0,0,1,0.92,0.451361868,2.36,1.8,48,1.38,4.65,0.593548387,2.665,2.785,0.128888889,3.40119,1.9
K2RbTiF6,0.0,False,2.35,1.4,0.82,5,4.0,0.67,37.0,0.72,0.95,0.869028292,0.852140078,0,0,0,1,0.85,0.521400778,3.16,2.44,15,1.38,4.76,0.579831933,2.665,2.805,0.146929825,3.40119,1.18
K2RbRuF6,0.0,False,2.35,1.3,0.82,5,5.0,0.68,37.0,1.38,1.05,0.86720643,0.856031128,0,0,0,1,0.84,0.529182879,3.16,1.78,7,1.38,4.77,0.578616352,2.665,2.805,0.149122807,3.40119,1.51
K2RbRhF6,2.2056,True,2.35,1.35,0.82,5,5.0,0.665,37.0,1.46,1.0,0.869942097,0.850194553,0,0,0,1,0.855,0.517509728,3.16,1.7,8,1.38,4.755,0.58044164,2.665,2.805,0.145833333,3.40119,1.55
K2RbIrF6,2.2706,False,2.35,1.35,0.82,5,6.0,0.68,37.0,1.38,1.0,0.86720643,0.856031128,0,0,0,1,0.84,0.529182879,3.16,1.78,40,1.38,4.77,0.578616352,2.665,2.805,0.149122807,3.40119,1.51
K2RbInF6,5.1078,False,2.35,1.55,0.82,5,5.0,0.8,37.0,0.96,0.8,0.84592529,0.902723735,0,0,0,1,0.72,0.622568093,3.16,2.2,12,1.38,4.89,0.564417178,2.665,2.805,0.175438596,3.40119,1.3
K2RbAuF6,0.7578,False,2.35,1.35,0.82,5,6.0,0.85,37.0,1.72,1.0,0.837363294,0.922178988,0,0,0,1,0.67,0.661478599,3.16,1.44,42,1.38,4.94,0.558704453,2.665,2.805,0.186403509,3.40119,1.68
K2RbAsF6,3.8905,False,2.35,1.15,0.82,5,4.0,0.58,37.0,1.36,1.2,0.885776161,0.817120623,0,0,0,1,0.94,0.451361868,3.16,1.8,4,1.38,4.67,0.591006424,2.665,2.805,0.127192982,3.40119,1.5
K2TlBiF6,3.1816,False,1.9,1.6,0.82,6,6.0,1.03,81.0,0.4,0.3,0.811093073,0.984435798,0,0,0,1,0.47,0.80155642,2.36,1.96,2,1.38,5.1,0.541176471,2.665,2.785,0.228888889,3.40119,1.82
K2RbTlF6,3.7342,False,2.35,1.9,0.82,5,6.0,1.5,37.0,0.8,0.45,0.739995469,1.175097276,0,0,0,1,0.02,1.167315175,3.16,2.36,44,1.38,5.59,0.493738819,2.665,2.805,0.328947368,3.40119,1.22
K2LiTlF6,3.5058,True,1.45,1.9,0.82,2,6.0,1.5,3.0,0.64,0.45,0.856433679,0.879377432,0,0,0,1,0.74,1.167315175,3.0,2.36,78,1.38,4.83,0.571428571,2.665,2.045,0.657894737,3.40119,1.3
K2LiRhF6,1.7665,True,1.45,1.35,0.82,2,5.0,0.665,3.0,1.3,0.1,1.035437965,0.554474708,0,0,0,1,0.095,0.517509728,3.0,1.7,42,1.38,3.995,0.690863579,2.665,2.045,0.291666667,3.40119,1.63
K2LiMnF6,0.0,False,1.45,1.4,0.82,2,4.0,0.645,3.0,0.57,0.05,1.040647716,0.546692607,0,0,0,1,0.115,0.501945525,3.0,2.43,22,1.38,3.975,0.694339623,2.665,2.045,0.282894737,3.40119,1.265
K2LiInF6,5.2984,True,1.45,1.55,0.82,2,5.0,0.8,3.0,0.8,0.1,1.00159193,0.607003891,0,0,0,1,0.04,0.622568093,3.0,2.2,46,1.38,4.13,0.668280872,2.665,2.045,0.350877193,3.40119,1.38
K2NaTiF6,0.0,False,1.8,1.4,0.82,3,4.0,0.67,11.0,0.61,0.4,0.971026918,0.657587549,0,0,0,1,0.35,0.521400778,3.05,2.44,11,1.38,4.26,0.647887324,2.665,2.305,0.218954248,3.40119,1.235
K2NaRuF6,0.0,False,1.8,1.3,0.82,3,5.0,0.68,11.0,1.27,0.5,0.96875285,0.661478599,0,0,0,1,0.34,0.529182879,3.05,1.78,33,1.38,4.27,0.646370023,2.665,2.305,0.222222222,3.40119,1.565
K2NaIrF6,2.3848,True,1.8,1.35,0.82,3,6.0,0.68,11.0,1.27,0.45,0.96875285,0.661478599,0,0,0,1,0.34,0.529182879,3.05,1.78,66,1.38,4.27,0.646370023,2.665,2.305,0.222222222,3.40119,1.565
K2NaAuF6,0.5742,False,1.8,1.35,0.82,3,6.0,0.85,11.0,1.61,0.45,0.931660962,0.727626459,0,0,0,1,0.17,0.661478599,3.05,1.44,68,1.38,4.44,0.621621622,2.665,2.305,0.277777778,3.40119,1.735
K2LiVF6,0.0,False,1.45,1.35,0.82,2,4.0,0.64,3.0,0.65,0.1,1.041958355,0.544747082,0,0,0,1,0.12,0.498054475,3.0,2.35,20,1.38,3.97,0.695214106,2.665,2.045,0.280701754,3.40119,1.305
K2LiRuF6,0.0,False,1.45,1.3,0.82,2,5.0,0.68,3.0,1.22,0.15,1.031564756,0.560311284,0,0,0,1,0.08,0.529182879,3.0,1.78,41,1.38,4.01,0.688279302,2.665,2.045,0.298245614,3.40119,1.59
K2LiIrF6,2.0832,True,1.45,1.35,0.82,2,6.0,0.68,3.0,1.22,0.1,1.031564756,0.560311284,0,0,0,1,0.08,0.529182879,3.0,1.78,74,1.38,4.01,0.688279302,2.665,2.045,0.298245614,3.40119,1.59
K2LiCrF6,4.1644,False,1.45,1.4,0.82,2,4.0,0.615,3.0,0.68,0.05,1.048561387,0.535019455,0,0,0,1,0.145,0.478599222,3.0,2.32,21,1.38,3.945,0.699619772,2.665,2.045,0.269736842,3.40119,1.32
K2LiAsF6,4.5591,False,1.45,1.15,0.82,2,4.0,0.58,3.0,1.2,0.3,1.057947486,0.521400778,0,0,0,1,0.18,0.451361868,3.0,1.8,30,1.38,3.91,0.705882353,2.665,2.045,0.254385965,3.40119,1.58
K2ScHgF6,0.0,False,1.5,1.6,0.82,6,4.0,0.745,80.0,0.64,0.1,0.936936505,0.717898833,0,0,0,1,0.355,0.579766537,1.98,2.62,59,1.38,4.415,0.625141563,2.665,2.385,0.225757576,3.40119,1.68
K2FeHgF6,0.0,False,1.5,1.4,0.82,6,4.0,0.645,80.0,0.17,0.1,0.958649981,0.678988327,0,0,0,1,0.455,0.501945525,1.98,2.15,54,1.38,4.315,0.6396292,2.665,2.385,0.195454545,3.40119,1.915
K2HgAuF6,0.0,False,1.5,1.35,0.82,6,6.0,0.85,80.0,0.54,0.15,0.915171387,0.758754864,0,0,0,1,0.25,0.661478599,1.98,1.44,1,1.38,4.52,0.610619469,2.665,2.385,0.257575758,3.40119,2.27
K2CrHgF6,0.0,False,1.5,1.4,0.82,6,4.0,0.615,80.0,0.34,0.1,0.96536165,0.667315175,0,0,0,1,0.485,0.478599222,1.98,2.32,56,1.38,4.285,0.644107351,2.665,2.385,0.186363636,3.40119,1.83
K2CrCuF6,0.6826,False,1.35,1.4,0.82,4,4.0,0.615,29.0,0.24,0.05,1.045910157,0.538910506,0,0,0,1,0.155,0.478599222,2.08,2.32,5,1.38,3.955,0.697850822,2.665,2.055,0.266233766,3.40119,1.78
K2GaCuF6,0.2188,False,1.35,1.3,0.82,4,4.0,0.62,29.0,0.09,0.05,1.044589563,0.540856031,0,0,0,1,0.15,0.482490272,2.08,2.17,2,1.38,3.96,0.696969697,2.665,2.055,0.268398268,3.40119,1.855
K2NiAuF6,0.0,False,1.35,1.35,0.82,6,0.85,79.0,0.6,0.63,0.0,1.028998674,0.564202335,0,0,0,1,0.25,1.44,0.46692607,2.135,51,1.38,4.02,0.686567164,2.665,2.07,0.235294118,3.40119,2.225
K2CrAuF6,1.5844,False,1.35,1.4,0.82,6,4.0,0.615,79.0,0.88,0.05,1.0251734,0.570038911,0,0,0,1,0.235,0.478599222,1.44,2.32,55,1.38,4.035,0.68401487,2.665,2.135,0.241176471,3.40119,2.1
K2InAuF6,0.3609,False,1.55,1.35,0.82,6,0.85,79.0,0.8,0.76,0.2,0.980230964,0.642023346,0,0,0,1,0.05,1.44,0.622568093,2.135,30,1.38,4.22,0.654028436,2.665,2.2,0.31372549,3.40119,2.16
K2AlAgF6,3.0675,False,1.6,1.25,0.82,5,3.0,0.535,47.0,0.32,0.35,0.97216796,0.655642023,0,0,0,1,0.615,0.416342412,2.05,2.37,34,1.38,4.255,0.648648649,2.665,2.435,0.155072464,3.40119,1.77
K2AgRhF6,1.4182,False,1.6,1.35,0.82,5,5.0,0.665,47.0,0.35,0.25,0.943346561,0.706225681,0,0,0,1,0.485,0.517509728,2.05,1.7,2,1.38,4.385,0.629418472,2.665,2.435,0.192753623,3.40119,2.105
K2MnHgF6,0.3587,False,1.5,1.4,0.82,6,4.0,0.645,80.0,0.45,0.1,0.958649981,0.678988327,0,0,0,1,0.455,0.501945525,1.98,2.43,55,1.38,4.315,0.6396292,2.665,2.385,0.195454545,3.40119,1.775
K2TlHgF6,0.0,False,1.5,1.9,0.82,6,1.5,81.0,1.1,0.38,0.4,0.800111155,1.011673152,0,0,0,1,0.4,2.36,0.856031128,2.785,1,1.38,5.17,0.53384913,2.665,1.98,0.244444444,3.40119,1.81
K2TiAuF6,0.0,False,1.35,1.4,0.82,6,4.0,0.67,79.0,1.0,0.05,1.01138745,0.591439689,0,0,0,1,0.18,0.521400778,1.44,2.44,57,1.38,4.09,0.674816626,2.665,2.135,0.262745098,3.40119,2.04
K2HgIrF6,0.0,False,1.5,1.35,0.82,6,6.0,0.68,80.0,0.2,0.15,0.950936706,0.692607004,0,0,0,1,0.42,0.529182879,1.98,1.78,3,1.38,4.35,0.634482759,2.665,2.385,0.206060606,3.40119,2.1
K2FeAuF6,1.0919,False,1.35,1.4,0.82,6,4.0,0.645,79.0,0.71,0.05,1.017607545,0.581712062,0,0,0,1,0.205,0.501945525,1.44,2.15,53,1.38,4.065,0.67896679,2.665,2.135,0.252941176,3.40119,2.185
K2SbAuF6,0.6938,False,1.35,1.45,0.82,6,5.0,0.76,79.0,0.49,0.1,0.989611165,0.626459144,0,0,0,1,0.09,0.591439689,1.44,1.93,28,1.38,4.18,0.660287081,2.665,2.135,0.298039216,3.40119,2.295
K2CuAuF6,0.0,False,1.35,1.35,0.82,4,6.0,0.85,29.0,0.64,0.0,0.987249325,0.630350195,0,0,0,1,0.08,0.661478599,2.08,1.44,50,1.38,4.19,0.658711217,2.665,2.055,0.367965368,3.40119,2.22
K2VHgF6,0.0039,True,1.5,1.35,0.82,6,4.0,0.64,80.0,0.37,0.15,0.959762104,0.677042802,0,0,0,1,0.46,0.498054475,1.98,2.35,57,1.38,4.31,0.64037123,2.665,2.385,0.193939394,3.40119,1.815
K2HgMoF6,0.0,False,1.5,1.45,0.82,6,5.0,0.69,80.0,0.16,0.05,0.948755658,0.696498054,0,0,0,1,0.41,0.536964981,1.98,1.82,38,1.38,4.36,0.633027523,2.665,2.385,0.209090909,3.40119,2.08
K2NiHgF6,1.9584,True,1.5,1.35,0.82,6,4.0,0.6,80.0,0.09,0.15,0.96875285,0.661478599,0,0,0,1,0.5,0.46692607,1.98,2.07,52,1.38,4.27,0.646370023,2.665,2.385,0.181818182,3.40119,1.955
K2AlCuF6,1.1155,False,1.35,1.25,0.82,4,3.0,0.535,29.0,0.29,0.1,1.067503141,0.507782101,0,0,0,1,0.235,0.416342412,2.08,2.37,16,1.38,3.875,0.712258065,2.665,2.055,0.231601732,3.40119,1.755
K2TlCuF6,0.0,False,1.35,1.9,0.82,6,1.5,81.0,0.77,0.28,0.55,0.854664188,0.883268482,0,0,0,1,0.73,2.36,0.59922179,2.785,52,1.38,4.84,0.570247934,2.665,2.08,0.171111111,3.40119,1.76
K2ScInF6,3.5404,True,1.55,1.6,0.82,5,4.0,0.745,49.0,0.42,0.05,1.005242933,0.601167315,0,0,0,1,0.055,0.579766537,2.2,2.62,28,1.38,4.115,0.670716889,2.665,2.085,0.310416667,3.40119,1.57
K2InSbF6,2.1143,False,1.55,1.45,0.82,5,0.76,51.0,0.8,0.27,0.1,1.00159193,0.607003891,0,0,0,1,0.04,1.93,0.622568093,2.045,2,1.38,4.13,0.668280872,2.665,2.2,0.350877193,3.40119,1.915
K2LiFeF6,3.9473,True,1.45,1.4,0.82,2,4.0,0.645,3.0,0.85,0.05,1.040647716,0.546692607,0,0,0,1,0.115,0.501945525,3.0,2.15,23,1.38,3.975,0.694339623,2.665,2.045,0.282894737,3.40119,1.405
K2InAsF6,1.9966,True,1.55,1.15,0.82,4,0.58,33.0,0.8,0.4,0.4,1.047234094,0.536964981,0,0,0,1,0.22,1.8,0.622568093,1.865,16,1.38,3.95,0.698734177,2.665,2.2,0.459770115,3.40119,1.98
K2AlInF6,3.8745,False,1.55,1.25,0.82,5,3.0,0.535,49.0,0.17,0.3,1.059302092,0.519455253,0,0,0,1,0.265,0.416342412,2.2,2.37,36,1.38,3.905,0.706786172,2.665,2.085,0.222916667,3.40119,1.695
K2YHgF6,0.0,False,1.5,1.8,0.82,6,5.0,0.9,80.0,0.78,0.3,0.905158571,0.778210117,0,0,0,1,0.2,0.700389105,1.98,2.76,41,1.38,4.57,0.603938731,2.665,2.385,0.272727273,3.40119,1.61
K2HgSbF6,0.0,False,1.5,1.45,0.82,6,5.0,0.76,80.0,0.05,0.05,0.933764034,0.723735409,0,0,0,1,0.34,0.591439689,1.98,1.93,29,1.38,4.43,0.623024831,2.665,2.385,0.23030303,3.40119,2.025
K2HgRhF6,0.0,False,1.5,1.35,0.82,6,5.0,0.665,80.0,0.28,0.15,0.954227144,0.686770428,0,0,0,1,0.435,0.517509728,1.98,1.7,35,1.38,4.335,0.636678201,2.665,2.385,0.201515152,3.40119,2.14
K2InHgF6,0.0,False,1.5,1.55,0.82,6,5.0,0.8,80.0,0.22,0.05,0.925408204,0.739299611,0,0,0,1,0.3,0.622568093,1.98,2.2,31,1.38,4.47,0.617449664,2.665,2.385,0.242424242,3.40119,1.89
K2LiCeF6,0.5648,False,1.45,1.85,0.82,2,6.0,1.01,3.0,0.14,0.4,0.953127804,0.688715953,0,0,0,1,0.25,0.785992218,3.0,2.86,55,1.38,4.34,0.6359447,2.665,2.045,0.442982456,3.40119,1.05
K2HgAsF6,0.0,False,1.5,1.15,0.82,6,4.0,0.58,80.0,0.18,0.35,0.973311687,0.653696498,0,0,0,1,0.52,0.451361868,1.98,1.8,47,1.38,4.25,0.649411765,2.665,2.385,0.175757576,3.40119,2.09
K2AlHgF6,0.0,False,1.5,1.25,0.82,6,3.0,0.535,80.0,0.39,0.25,0.983727627,0.63618677,0,0,0,1,0.565,0.416342412,1.98,2.37,67,1.38,4.205,0.656361474,2.665,2.385,0.162121212,3.40119,1.805
K2InGaF6,2.5562,False,1.3,1.55,0.82,4,5.0,0.8,31.0,0.03,0.25,1.036735506,0.552529183,0,0,0,1,0.18,0.622568093,2.17,2.2,18,1.38,3.99,0.691729323,2.665,1.905,0.430107527,3.40119,1.795
K2GaHgF6,0.0,False,1.5,1.3,0.82,6,4.0,0.62,80.0,0.19,0.2,0.96423652,0.6692607,0,0,0,1,0.48,0.482490272,1.98,2.17,49,1.38,4.29,0.643356643,2.665,2.385,0.187878788,3.40119,1.905
K2CoHgF6,0.0,False,1.5,1.35,0.82,6,4.0,0.61,80.0,0.12,0.15,0.966489409,0.66536965,0,0,0,1,0.49,0.474708171,1.98,2.1,53,1.38,4.28,0.644859813,2.665,2.385,0.184848485,3.40119,1.94
K2YCuF6,0.5982,False,1.35,1.8,0.82,4,5.0,0.9,29.0,0.68,0.45,0.975607233,0.649805447,0,0,0,1,0.13,0.700389105,2.08,2.76,10,1.38,4.24,0.650943396,2.665,2.055,0.38961039,3.40119,1.56
K2TiCuF6,0.0,False,1.35,1.4,0.82,4,4.0,0.67,29.0,0.36,0.05,1.031564756,0.560311284,0,0,0,1,0.1,0.521400778,2.08,2.44,7,1.38,4.01,0.688279302,2.665,2.055,0.29004329,3.40119,1.72
K2ScCuF6,1.2408,False,1.35,1.6,0.82,4,4.0,0.745,29.0,0.54,0.25,1.012625378,0.589494163,0,0,0,1,0.025,0.579766537,2.08,2.62,8,1.38,4.085,0.675642595,2.665,2.055,0.322510823,3.40119,1.63
K2NdCuF6,0.3585,False,1.35,1.85,0.82,4,6.0,0.983,29.0,0.76,0.5,0.956875936,0.682101167,0,0,0,1,0.213,0.764980545,2.08,2.84,31,1.38,4.323,0.638445524,2.665,2.055,0.425541126,3.40119,1.52
K2CuAsF6,0.978,False,1.35,1.15,0.82,4,4.0,0.58,29.0,0.28,0.2,1.05524864,0.525291829,0,0,0,1,0.19,0.451361868,2.08,1.8,4,1.38,3.92,0.704081633,2.665,2.055,0.251082251,3.40119,2.04
K2VAuF6,0.0,False,1.35,1.35,0.82,6,4.0,0.64,79.0,0.91,0.0,1.018860756,0.579766537,0,0,0,1,0.21,0.498054475,1.44,2.35,56,1.38,4.06,0.679802956,2.665,2.135,0.250980392,3.40119,2.085
K2ScAuF6,1.5837,False,1.35,1.6,0.82,6,4.0,0.745,79.0,1.18,0.25,0.993175191,0.620622568,0,0,0,1,0.105,0.579766537,1.44,2.62,58,1.38,4.165,0.662665066,2.665,2.135,0.292156863,3.40119,1.95
K2RuAuF6,0.0,False,1.35,1.3,0.82,6,5.0,0.68,79.0,0.34,0.05,1.008920651,0.595330739,0,0,0,1,0.17,0.529182879,1.44,1.78,35,1.38,4.1,0.673170732,2.665,2.135,0.266666667,3.40119,2.37
K2RhAuF6,0.7098,False,1.35,1.35,0.82,6,5.0,0.665,79.0,0.26,0.0,1.012625378,0.589494163,0,0,0,1,0.185,0.517509728,1.44,1.7,34,1.38,4.085,0.675642595,2.665,2.135,0.260784314,3.40119,2.41
K2MoAuF6,1.4368,False,1.35,1.45,0.82,6,5.0,0.69,79.0,0.38,0.1,1.006465856,0.59922179,0,0,0,1,0.16,0.536964981,1.44,1.82,37,1.38,4.11,0.671532847,2.665,2.135,0.270588235,3.40119,2.35
K2MnAuF6,0.0,False,1.35,1.4,0.82,6,4.0,0.645,79.0,0.99,0.05,1.017607545,0.581712062,0,0,0,1,0.205,0.501945525,1.44,2.43,54,1.38,4.065,0.67896679,2.665,2.135,0.252941176,3.40119,2.045
K2IrAuF6,0.5492,False,1.35,1.35,0.82,6,6.0,0.68,79.0,0.34,0.0,1.008920651,0.595330739,0,0,0,1,0.17,0.529182879,1.44,1.78,2,1.38,4.1,0.673170732,2.665,2.135,0.266666667,3.40119,2.37
K2GaAuF6,0.6779,False,1.35,1.3,0.82,6,4.0,0.62,79.0,0.73,0.05,1.023904621,0.571984436,0,0,0,1,0.23,0.482490272,1.44,2.17,48,1.38,4.04,0.683168317,2.665,2.135,0.243137255,3.40119,2.175
K2AsAuF6,0.7657,False,1.35,1.15,0.82,6,4.0,0.58,79.0,0.36,0.2,1.034143667,0.556420233,0,0,0,1,0.27,0.451361868,1.44,1.8,46,1.38,4.0,0.69,2.665,2.135,0.22745098,3.40119,2.36
K2AlAuF6,1.3271,False,1.35,1.25,0.82,6,3.0,0.535,79.0,0.93,0.1,1.045910157,0.538910506,0,0,0,1,0.315,0.416342412,1.44,2.37,66,1.38,3.955,0.697850822,2.665,2.135,0.209803922,3.40119,2.075
K2VAgF6,0.0,False,1.6,1.35,0.82,5,4.0,0.64,47.0,0.3,0.25,0.948755658,0.696498054,0,0,0,1,0.51,0.498054475,2.05,2.35,24,1.38,4.36,0.633027523,2.665,2.435,0.185507246,3.40119,1.78
K2TlAgF6,0.4485,False,1.6,1.9,0.82,6,1.5,81.0,1.15,0.31,0.3,0.792447255,1.031128405,0,0,0,1,0.35,2.36,0.894941634,2.785,34,1.38,5.22,0.528735632,2.665,2.05,0.255555556,3.40119,1.775
K2TiAgF6,0.0,False,1.6,1.4,0.82,5,4.0,0.67,47.0,0.39,0.2,0.942272134,0.708171206,0,0,0,1,0.48,0.521400778,2.05,2.44,25,1.38,4.39,0.628701595,2.665,2.435,0.194202899,3.40119,1.735
K2ScAgF6,3.0351,False,1.6,1.6,0.82,5,4.0,0.745,47.0,0.57,0.0,0.926444495,0.737354086,0,0,0,1,0.405,0.579766537,2.05,2.62,26,1.38,4.465,0.618141097,2.665,2.435,0.215942029,3.40119,1.645
K2AgRuF6,0.0,False,1.6,1.3,0.82,5,5.0,0.68,47.0,0.27,0.3,0.940130607,0.712062257,0,0,0,1,0.47,0.529182879,2.05,1.78,3,1.38,4.4,0.627272727,2.665,2.435,0.197101449,3.40119,2.065
K2MnAgF6,0.0,False,1.6,1.4,0.82,5,4.0,0.645,47.0,0.38,0.2,0.947668882,0.69844358,0,0,0,1,0.505,0.501945525,2.05,2.43,22,1.38,4.365,0.632302405,2.665,2.435,0.186956522,3.40119,1.74
K2AgIrF6,1.5152,True,1.6,1.35,0.82,5,6.0,0.68,47.0,0.27,0.25,0.940130607,0.712062257,0,0,0,1,0.47,0.529182879,2.05,1.78,30,1.38,4.4,0.627272727,2.665,2.435,0.197101449,3.40119,2.065
K2InAgF6,1.6678,False,1.6,1.55,0.82,5,5.0,0.8,47.0,0.15,0.05,0.915171387,0.758754864,0,0,0,1,0.35,0.622568093,2.05,2.2,2,1.38,4.52,0.610619469,2.665,2.435,0.231884058,3.40119,1.855
K2GaAgF6,2.243,False,1.6,1.3,0.82,5,4.0,0.62,47.0,0.12,0.3,0.953127804,0.688715953,0,0,0,1,0.53,0.482490272,2.05,2.17,16,1.38,4.34,0.6359447,2.665,2.435,0.179710145,3.40119,1.87
K2FeAgF6,2.1064,False,1.6,1.4,0.82,5,4.0,0.645,47.0,0.1,0.2,0.947668882,0.69844358,0,0,0,1,0.505,0.501945525,2.05,2.15,21,1.38,4.365,0.632302405,2.665,2.435,0.186956522,3.40119,1.88
K2CrAgF6,2.8775,False,1.6,1.4,0.82,5,4.0,0.615,47.0,0.27,0.2,0.954227144,0.686770428,0,0,0,1,0.535,0.478599222,2.05,2.32,23,1.38,4.335,0.636678201,2.665,2.435,0.17826087,3.40119,1.795
K2AgAuF6,0.0,False,1.6,1.35,0.82,5,6.0,0.85,47.0,0.61,0.25,0.905158571,0.778210117,0,0,0,1,0.3,0.661478599,2.05,1.44,32,1.38,4.57,0.603938731,2.665,2.435,0.246376812,3.40119,2.235
K2AgAsF6,2.2292,False,1.6,1.15,0.82,5,4.0,0.58,47.0,0.25,0.45,0.961994109,0.673151751,0,0,0,1,0.57,0.451361868,2.05,1.8,14,1.38,4.3,0.641860465,2.665,2.435,0.168115942,3.40119,2.055
K2YAuF6,1.3878,False,1.35,1.8,0.82,6,5.0,0.9,79.0,1.32,0.45,0.957540433,0.680933852,0,0,0,1,0.05,0.700389105,1.44,2.76,40,1.38,4.32,0.638888889,2.665,2.135,0.352941176,3.40119,1.88
K2CeAgF6,0.0,False,1.6,1.85,0.82,5,6.0,1.01,47.0,0.81,0.25,0.874540099,0.840466926,0,0,0,1,0.14,0.785992218,2.05,2.86,11,1.38,4.73,0.583509514,2.665,2.435,0.292753623,3.40119,1.525
K2InBiF6,2.3638,False,1.55,1.6,0.82,6,1.03,83.0,0.8,0.24,0.05,0.940130607,0.712062257,0,0,0,1,0.23,1.96,0.622568093,2.315,34,1.38,4.4,0.627272727,2.665,2.2,0.258899676,3.40119,1.9
K2TiHgF6,2.1789,True,1.5,1.4,0.82,6,4.0,0.67,80.0,0.46,0.1,0.953127804,0.688715953,0,0,0,1,0.43,0.521400778,1.98,2.44,58,1.38,4.34,0.6359447,2.665,2.385,0.203030303,3.40119,1.77
K2HgBiF6,0.0,False,1.5,1.6,0.82,6,6.0,1.03,80.0,0.02,0.1,0.88012227,0.828793774,0,0,0,1,0.07,0.80155642,1.98,1.96,3,1.38,4.7,0.587234043,2.665,2.385,0.312121212,3.40119,2.01
K2NaCeF6,0.2302,False,1.8,1.85,0.82,3,6.0,1.01,11.0,0.19,0.05,0.899255363,0.789883268,0,0,0,1,0.01,0.785992218,3.05,2.86,47,1.38,4.6,0.6,2.665,2.305,0.330065359,3.40119,1.025
K2InCuF6,0.0,False,1.35,1.55,0.82,4,5.0,0.8,29.0,0.12,0.2,0.999172626,0.610894942,0,0,0,1,0.03,0.622568093,2.08,2.2,20,1.38,4.14,0.666666667,2.665,2.055,0.346320346,3.40119,1.84
K2NaTlF6,3.6205,True,1.8,1.9,0.82,3,6.0,1.5,11.0,0.69,0.1,0.812686576,0.980544747,0,0,0,1,0.48,1.167315175,3.05,2.36,70,1.38,5.09,0.542239686,2.665,2.305,0.490196078,3.40119,1.275
K2NaYF6,6.2393,True,1.8,1.8,0.82,3,5.0,0.9,11.0,0.29,0.0,0.921286118,0.747081712,0,0,0,1,0.12,0.700389105,3.05,2.76,28,1.38,4.49,0.614699332,2.665,2.305,0.294117647,3.40119,1.075
K2NaRhF6,2.0001,True,1.8,1.35,0.82,3,5.0,0.665,11.0,1.35,0.45,0.97216796,0.655642023,0,0,0,1,0.355,0.517509728,3.05,1.7,34,1.38,4.255,0.648648649,2.665,2.305,0.217320261,3.40119,1.605
K2NaCrF6,4.2057,True,1.8,1.4,0.82,3,4.0,0.615,11.0,0.73,0.4,0.983727627,0.63618677,0,0,0,1,0.405,0.478599222,3.05,2.32,13,1.38,4.205,0.656361474,2.665,2.305,0.200980392,3.40119,1.295
K2NaMoF6,3.9023,False,1.8,1.45,0.82,3,5.0,0.69,11.0,1.23,0.35,0.966489409,0.66536965,0,0,0,1,0.33,0.536964981,3.05,1.82,31,1.38,4.28,0.644859813,2.665,2.305,0.225490196,3.40119,1.545
K2NaNiF6,0.0,False,1.8,1.35,0.82,3,4.0,0.6,11.0,0.98,0.45,0.987249325,0.630350195,0,0,0,1,0.42,0.46692607,3.05,2.07,17,1.38,4.19,0.658711217,2.665,2.305,0.196078431,3.40119,1.42
K2NaFeF6,4.0922,False,1.8,1.4,0.82,3,4.0,0.645,11.0,0.9,0.4,0.976759072,0.647859922,0,0,0,1,0.375,0.501945525,3.05,2.15,15,1.38,4.235,0.651711924,2.665,2.305,0.210784314,3.40119,1.38
K2NaScF6,6.7497,True,1.8,1.6,0.82,3,4.0,0.745,11.0,0.43,0.2,0.954227144,0.686770428,0,0,0,1,0.275,0.579766537,3.05,2.62,10,1.38,4.335,0.636678201,2.665,2.305,0.243464052,3.40119,1.145
K2NaAlF6,6.858,True,1.8,1.25,0.82,3,3.0,0.535,11.0,0.68,0.55,1.002805981,0.605058366,0,0,0,1,0.485,0.416342412,3.05,2.37,2,1.38,4.125,0.669090909,2.665,2.305,0.174836601,3.40119,1.27
K2NaInF6,5.2445,True,1.8,1.55,0.82,3,5.0,0.8,11.0,0.85,0.25,0.942272134,0.708171206,0,0,0,1,0.22,0.622568093,3.05,2.2,38,1.38,4.39,0.628701595,2.665,2.305,0.261437908,3.40119,1.355
Rb2NaMnF6,1.6786,False,1.8,1.4,0.82,3,4.0,0.645,11.0,0.62,0.4,1.00347385,0.647859922,0,0,0,1,0.375,0.501945525,3.05,2.43,14,1.52,4.235,0.717827627,2.805,2.305,0.210784314,3.40119,1.24
Rb2LiFeF6,3.7234,True,1.45,1.4,0.82,2,4.0,0.645,3.0,0.85,0.05,1.069109875,0.546692607,0,0,0,1,0.115,0.501945525,3.0,2.15,23,1.52,3.975,0.764779874,2.805,2.045,0.282894737,3.40119,1.405
Rb2NaAlF6,6.791,True,1.8,1.25,0.82,3,3.0,0.535,11.0,0.68,0.55,1.030233153,0.605058366,0,0,0,1,0.485,0.416342412,3.05,2.37,2,1.52,4.125,0.736969697,2.805,2.305,0.174836601,3.40119,1.27
Rb2VAuF6,0.0,False,1.35,1.35,0.82,6,4.0,0.64,79.0,0.91,0.0,1.046727033,0.579766537,0,0,0,1,0.21,0.498054475,1.44,2.35,56,1.52,4.06,0.748768473,2.805,2.135,0.250980392,3.40119,2.085
Rb2ScAuF6,1.6982,False,1.35,1.6,0.82,6,4.0,0.745,79.0,1.18,0.25,1.020338957,0.620622568,0,0,0,1,0.105,0.579766537,1.44,2.62,58,1.52,4.165,0.729891957,2.805,2.135,0.292156863,3.40119,1.95
Rb2RuAuF6,0.0,False,1.35,1.3,0.82,6,5.0,0.68,79.0,0.34,0.05,1.036515062,0.595330739,0,0,0,1,0.17,0.529182879,1.44,1.78,35,1.52,4.1,0.741463415,2.805,2.135,0.266666667,3.40119,2.37
Rb2RhAuF6,0.4327,False,1.35,1.35,0.82,6,5.0,0.665,79.0,0.26,0.0,1.040321115,0.589494163,0,0,0,1,0.185,0.517509728,1.44,1.7,34,1.52,4.085,0.744186047,2.805,2.135,0.260784314,3.40119,2.41
Rb2NiAuF6,0.0,False,1.35,1.35,0.82,6,0.85,79.0,0.6,0.63,0.0,1.057142228,0.564202335,0,0,0,1,0.25,1.44,0.46692607,2.135,51,1.52,4.02,0.756218905,2.805,2.07,0.235294118,3.40119,2.225
Rb2MoAuF6,1.5341,True,1.35,1.45,0.82,6,5.0,0.69,79.0,0.38,0.1,1.033993128,0.59922179,0,0,0,1,0.16,0.536964981,1.44,1.82,37,1.52,4.11,0.739659367,2.805,2.135,0.270588235,3.40119,2.35
Rb2MnAuF6,0.0,False,1.35,1.4,0.82,6,4.0,0.645,79.0,0.99,0.05,1.045439546,0.581712062,0,0,0,1,0.205,0.501945525,1.44,2.43,54,1.52,4.065,0.747847478,2.805,2.135,0.252941176,3.40119,2.045
Rb2IrAuF6,0.4938,False,1.35,1.35,0.82,6,6.0,0.68,79.0,0.34,0.0,1.036515062,0.595330739,0,0,0,1,0.17,0.529182879,1.44,1.78,2,1.52,4.1,0.741463415,2.805,2.135,0.266666667,3.40119,2.37
Rb2InAuF6,0.5174,False,1.55,1.35,0.82,6,0.85,79.0,0.8,0.76,0.2,1.0070407,0.642023346,0,0,0,1,0.05,1.44,0.622568093,2.135,30,1.52,4.22,0.720379147,2.805,2.2,0.31372549,3.40119,2.16
Rb2GaAuF6,0.7904,False,1.35,1.3,0.82,6,4.0,0.62,79.0,0.73,0.05,1.05190885,0.571984436,0,0,0,1,0.23,0.482490272,1.44,2.17,48,1.52,4.04,0.752475248,2.805,2.135,0.243137255,3.40119,2.175
Rb2FeAuF6,1.1878,False,1.35,1.4,0.82,6,4.0,0.645,79.0,0.71,0.05,1.045439546,0.581712062,0,0,0,1,0.205,0.501945525,1.44,2.15,53,1.52,4.065,0.747847478,2.805,2.135,0.252941176,3.40119,2.185
Rb2CrAuF6,1.6646,False,1.35,1.4,0.82,6,4.0,0.615,79.0,0.88,0.05,1.053212331,0.570038911,0,0,0,1,0.235,0.478599222,1.44,2.32,55,1.52,4.035,0.753407683,2.805,2.135,0.241176471,3.40119,2.1
Rb2CoAuF6,0.9054,False,1.35,1.35,0.82,6,4.0,0.61,79.0,0.66,0.0,1.054519046,0.568093385,0,0,0,1,0.24,0.474708171,1.44,2.1,52,1.52,4.03,0.754342432,2.805,2.135,0.239215686,3.40119,2.21
Rb2AsAuF6,0.8073,False,1.35,1.15,0.82,6,4.0,0.58,79.0,0.36,0.2,1.062427939,0.556420233,0,0,0,1,0.27,0.451361868,1.44,1.8,46,1.52,4.0,0.76,2.805,2.135,0.22745098,3.40119,2.36
Rb2AlAuF6,1.4095,False,1.35,1.25,0.82,6,3.0,0.535,79.0,0.93,0.1,1.074516247,0.538910506,0,0,0,1,0.315,0.416342412,1.44,2.37,66,1.52,3.955,0.768647282,2.805,2.135,0.209803922,3.40119,2.075
Rb2VAgF6,0.0,False,1.6,1.35,0.82,5,4.0,0.64,47.0,0.3,0.25,0.974704531,0.696498054,0,0,0,1,0.51,0.498054475,2.05,2.35,24,1.52,4.36,0.697247706,2.805,2.435,0.185507246,3.40119,1.78
Rb2TlAgF6,0.5523,False,1.6,1.9,0.82,6,1.5,81.0,1.15,0.31,0.3,0.814121026,1.031128405,0,0,0,1,0.35,2.36,0.894941634,2.785,34,1.52,5.22,0.582375479,2.805,2.05,0.255555556,3.40119,1.775
Rb2TiAgF6,0.0,False,1.6,1.4,0.82,5,4.0,0.67,47.0,0.39,0.2,0.96804368,0.708171206,0,0,0,1,0.48,0.521400778,2.05,2.44,25,1.52,4.39,0.692482916,2.805,2.435,0.194202899,3.40119,1.735
Rb2ScAgF6,3.2846,False,1.6,1.6,0.82,5,4.0,0.745,47.0,0.57,0.0,0.951783148,0.737354086,0,0,0,1,0.405,0.579766537,2.05,2.62,26,1.52,4.465,0.680851064,2.805,2.435,0.215942029,3.40119,1.645
Rb2AgRuF6,0.0,False,1.6,1.3,0.82,5,5.0,0.68,47.0,0.27,0.3,0.965843581,0.712062257,0,0,0,1,0.47,0.529182879,2.05,1.78,3,1.52,4.4,0.690909091,2.805,2.435,0.197101449,3.40119,2.065
Rb2AgRhF6,1.3905,False,1.6,1.35,0.82,5,5.0,0.665,47.0,0.35,0.25,0.969147493,0.706225681,0,0,0,1,0.485,0.517509728,2.05,1.7,2,1.52,4.385,0.69327252,2.805,2.435,0.192753623,3.40119,2.105
Rb2NiAgF6,0.0,False,1.6,1.35,0.82,5,4.0,0.6,47.0,0.02,0.25,0.983729573,0.680933852,0,0,0,1,0.55,0.46692607,2.05,2.07,19,1.52,4.32,0.703703704,2.805,2.435,0.173913043,3.40119,1.92
Rb2MnAgF6,0.0,False,1.6,1.4,0.82,5,4.0,0.645,47.0,0.38,0.2,0.973588031,0.69844358,0,0,0,1,0.505,0.501945525,2.05,2.43,22,1.52,4.365,0.696449026,2.805,2.435,0.186956522,3.40119,1.74
Rb2AgIrF6,1.4737,True,1.6,1.35,0.82,5,6.0,0.68,47.0,0.27,0.25,0.965843581,0.712062257,0,0,0,1,0.47,0.529182879,2.05,1.78,30,1.52,4.4,0.690909091,2.805,2.435,0.197101449,3.40119,2.065
Rb2InAgF6,1.8555,False,1.6,1.55,0.82,5,5.0,0.8,47.0,0.15,0.05,0.940201716,0.758754864,0,0,0,1,0.35,0.622568093,2.05,2.2,2,1.52,4.52,0.672566372,2.805,2.435,0.231884058,3.40119,1.855
Rb2GaAgF6,2.4254,False,1.6,1.3,0.82,5,4.0,0.62,47.0,0.12,0.3,0.979196257,0.688715953,0,0,0,1,0.53,0.482490272,2.05,2.17,16,1.52,4.34,0.700460829,2.805,2.435,0.179710145,3.40119,1.87
Rb2CrAgF6,3.0253,False,1.6,1.4,0.82,5,4.0,0.615,47.0,0.27,0.2,0.980325664,0.686770428,0,0,0,1,0.535,0.478599222,2.05,2.32,23,1.52,4.335,0.701268743,2.805,2.435,0.17826087,3.40119,1.795
Rb2CoAgF6,2.0093,False,1.6,1.35,0.82,5,4.0,0.61,47.0,0.05,0.25,0.98145768,0.684824903,0,0,0,1,0.54,0.474708171,2.05,2.1,20,1.52,4.33,0.702078522,2.805,2.435,0.176811594,3.40119,1.905
Rb2AgAuF6,0.0,False,1.6,1.35,0.82,5,6.0,0.85,47.0,0.61,0.25,0.929915045,0.778210117,0,0,0,1,0.3,0.661478599,2.05,1.44,32,1.52,4.57,0.665207877,2.805,2.435,0.246376812,3.40119,2.235
Rb2AgAsF6,2.3267,False,1.6,1.15,0.82,5,4.0,0.58,47.0,0.25,0.45,0.988305059,0.673151751,0,0,0,1,0.57,0.451361868,2.05,1.8,14,1.52,4.3,0.706976744,2.805,2.435,0.168115942,3.40119,2.055
Rb2AlAgF6,3.2492,False,1.6,1.25,0.82,5,3.0,0.535,47.0,0.32,0.35,0.998757169,0.655642023,0,0,0,1,0.615,0.416342412,2.05,2.37,34,1.52,4.255,0.714453584,2.805,2.435,0.155072464,3.40119,1.77
Rb2NaNdF6,6.2143,True,1.8,1.85,0.82,3,6.0,0.983,11.0,0.21,0.05,0.929304998,0.779377432,0,0,0,1,0.037,0.764980545,3.05,2.84,49,1.52,4.573,0.664771485,2.805,2.305,0.32124183,3.40119,1.035
Rb2LiYF6,6.8909,True,1.45,1.8,0.82,2,5.0,0.9,3.0,0.24,0.35,1.004659989,0.645914397,0,0,0,1,0.14,0.700389105,3.0,2.76,36,1.52,4.23,0.718676123,2.805,2.045,0.394736842,3.40119,1.1
Rb2LiSbF6,4.2054,False,1.45,1.45,0.82,2,5.0,0.76,3.0,1.07,0.0,1.039049329,0.591439689,0,0,0,1,0.0,0.591439689,3.0,1.93,48,1.52,4.09,0.743276284,2.805,2.045,0.333333333,3.40119,1.515
Rb2LiPrF6,6.547,True,1.45,1.85,0.82,2,6.0,0.99,3.0,0.15,0.4,0.983729573,0.680933852,0,0,0,1,0.23,0.770428016,3.0,2.85,56,1.52,4.32,0.703703704,2.805,2.045,0.434210526,3.40119,1.055
Rb2LiNdF6,6.6083,True,1.45,1.85,0.82,2,6.0,0.983,3.0,0.16,0.4,0.985326166,0.678210117,0,0,0,1,0.223,0.764980545,3.0,2.84,57,1.52,4.313,0.704845815,2.805,2.045,0.431140351,3.40119,1.06
Rb2LiMoF6,4.623,False,1.45,1.45,0.82,2,5.0,0.69,3.0,1.18,0.0,1.057142228,0.564202335,0,0,0,1,0.07,0.536964981,3.0,1.82,39,1.52,4.02,0.756218905,2.805,2.045,0.302631579,3.40119,1.57
Rb2LiCeF6,0.5522,False,1.45,1.85,0.82,2,6.0,1.01,3.0,0.14,0.4,0.979196257,0.688715953,0,0,0,1,0.25,0.785992218,3.0,2.86,55,1.52,4.34,0.700460829,2.805,2.045,0.442982456,3.40119,1.05
Rb2LiBiF6,4.9741,False,1.45,1.6,0.82,2,6.0,1.03,3.0,1.04,0.15,0.974704531,0.696498054,0,0,0,1,0.27,0.80155642,3.0,1.96,80,1.52,4.36,0.697247706,2.805,2.045,0.451754386,3.40119,1.5
Rb2YCuF6,0.9338,False,1.35,1.8,0.82,4,5.0,0.9,29.0,0.68,0.45,1.002290508,0.649805447,0,0,0,1,0.13,0.700389105,2.08,2.76,10,1.52,4.24,0.716981132,2.805,2.055,0.38961039,3.40119,1.56
Rb2CuSbF6,0.9862,False,1.35,1.45,0.82,4,5.0,0.76,29.0,0.15,0.1,1.036515062,0.595330739,0,0,0,1,0.01,0.591439689,2.08,1.93,22,1.52,4.1,0.741463415,2.805,2.055,0.329004329,3.40119,1.975
Rb2NdCuF6,0.6912,False,1.35,1.85,0.82,4,6.0,0.983,29.0,0.76,0.5,0.983046901,0.682101167,0,0,0,1,0.213,0.764980545,2.08,2.84,31,1.52,4.323,0.70321536,2.805,2.055,0.425541126,3.40119,1.52
Rb2NaPrF6,6.1649,False,1.8,1.85,0.82,3,6.0,0.99,11.0,0.2,0.05,0.927884663,0.782101167,0,0,0,1,0.03,0.770428016,3.05,2.85,48,1.52,4.58,0.663755459,2.805,2.305,0.323529412,3.40119,1.03
Rb2NaCeF6,0.2802,False,1.8,1.85,0.82,3,6.0,1.01,11.0,0.19,0.05,0.923850382,0.789883268,0,0,0,1,0.01,0.785992218,3.05,2.86,47,1.52,4.6,0.660869565,2.805,2.305,0.330065359,3.40119,1.025
Rb2AgMoF6,2.6738,True,1.6,1.45,0.82,5,5.0,0.69,47.0,0.23,0.15,0.963653459,0.715953307,0,0,0,1,0.46,0.536964981,2.05,1.82,5,1.52,4.41,0.689342404,2.805,2.435,0.2,3.40119,2.045
Rb2YAgF6,2.8977,False,1.6,1.8,0.82,5,5.0,0.9,47.0,0.71,0.2,0.919851029,0.79766537,0,0,0,1,0.25,0.700389105,2.05,2.76,8,1.52,4.62,0.658008658,2.805,2.435,0.260869565,3.40119,1.575
Rb2AgSbF6,2.168,False,1.6,1.45,0.82,5,5.0,0.76,47.0,0.12,0.15,0.948596374,0.743190661,0,0,0,1,0.39,0.591439689,2.05,1.93,4,1.52,4.48,0.678571429,2.805,2.435,0.220289855,3.40119,1.99
Rb2PrAgF6,2.6788,False,1.6,1.85,0.82,5,6.0,0.99,47.0,0.8,0.25,0.902274258,0.832684825,0,0,0,1,0.16,0.770428016,2.05,2.85,12,1.52,4.71,0.645435244,2.805,2.435,0.286956522,3.40119,1.53
Rb2NdAgF6,2.848,False,1.6,1.85,0.82,5,6.0,0.983,47.0,0.79,0.25,0.903617213,0.829961089,0,0,0,1,0.167,0.764980545,2.05,2.84,13,1.52,4.703,0.646395917,2.805,2.435,0.284927536,3.40119,1.535
Rb2AgBiF6,2.5561,False,1.6,1.6,0.82,5,6.0,1.03,47.0,0.09,0.0,0.894676159,0.848249027,0,0,0,1,0.12,0.80155642,2.05,1.96,36,1.52,4.75,0.64,2.805,2.435,0.298550725,3.40119,1.975
Rb2ScHgF6,0.0,False,1.5,1.6,0.82,6,4.0,0.745,80.0,0.64,0.1,0.962562119,0.717898833,0,0,0,1,0.355,0.579766537,1.98,2.62,59,1.52,4.415,0.688561721,2.805,2.385,0.225757576,3.40119,1.68
Rb2HgRhF6,0.0,False,1.5,1.35,0.82,6,5.0,0.665,80.0,0.28,0.15,0.980325664,0.686770428,0,0,0,1,0.435,0.517509728,1.98,1.7,35,1.52,4.335,0.701268743,2.805,2.385,0.201515152,3.40119,2.14
Rb2HgIrF6,0.0,False,1.5,1.35,0.82,6,6.0,0.68,80.0,0.2,0.15,0.976945231,0.692607004,0,0,0,1,0.42,0.529182879,1.98,1.78,3,1.52,4.35,0.698850575,2.805,2.385,0.206060606,3.40119,2.1
Rb2CuAuF6,0.0,False,1.35,1.35,0.82,4,6.0,0.85,29.0,0.64,0.0,1.014251015,0.630350195,0,0,0,1,0.08,0.661478599,2.08,1.44,50,1.52,4.19,0.725536993,2.805,2.055,0.367965368,3.40119,2.22
Rb2GaCuF6,0.3578,False,1.35,1.3,0.82,4,4.0,0.62,29.0,0.09,0.05,1.073159534,0.540856031,0,0,0,1,0.15,0.482490272,2.08,2.17,2,1.52,3.96,0.767676768,2.805,2.055,0.268398268,3.40119,1.855
Rb2YAuF6,1.5261,False,1.35,1.8,0.82,6,5.0,0.9,79.0,1.32,0.45,0.983729573,0.680933852,0,0,0,1,0.05,0.700389105,1.44,2.76,40,1.52,4.32,0.703703704,2.805,2.135,0.352941176,3.40119,1.88
Rb2TlAuF6,0.0,False,1.9,1.35,0.82,6,6.0,0.85,81.0,0.92,0.55,0.863762552,0.914396887,0,0,0,1,0.65,0.661478599,2.36,1.44,2,1.52,4.92,0.617886179,2.805,2.785,0.188888889,3.40119,2.08
Rb2TiAuF6,0.029,False,1.35,1.4,0.82,6,4.0,0.67,79.0,1.0,0.05,1.039049329,0.591439689,0,0,0,1,0.18,0.521400778,1.44,2.44,57,1.52,4.09,0.743276284,2.805,2.135,0.262745098,3.40119,2.04
Rb2SbAuF6,0.7454,False,1.35,1.45,0.82,6,5.0,0.76,79.0,0.49,0.1,1.016677453,0.626459144,0,0,0,1,0.09,0.591439689,1.44,1.93,28,1.52,4.18,0.727272727,2.805,2.135,0.298039216,3.40119,2.295
Rb2BiAuF6,1.3243,False,1.6,1.35,0.82,6,0.85,79.0,1.03,0.52,0.25,0.954991406,0.73151751,0,0,0,1,0.18,1.44,0.80155642,2.135,4,1.52,4.45,0.683146067,2.805,1.96,0.403921569,3.40119,2.28
Rb2CeAgF6,0.0,False,1.6,1.85,0.82,5,6.0,1.01,47.0,0.81,0.25,0.898459145,0.840466926,0,0,0,1,0.14,0.785992218,2.05,2.86,11,1.52,4.73,0.642706131,2.805,2.435,0.292753623,3.40119,1.525
Rb2HgSbF6,0.0,False,1.5,1.45,0.82,6,5.0,0.76,80.0,0.05,0.05,0.959302879,0.723735409,0,0,0,1,0.34,0.591439689,1.98,1.93,29,1.52,4.43,0.686230248,2.805,2.385,0.23030303,3.40119,2.025
Rb2InHgF6,0.0,False,1.5,1.55,0.82,6,5.0,0.8,80.0,0.22,0.05,0.950718513,0.739299611,0,0,0,1,0.3,0.622568093,1.98,2.2,31,1.52,4.47,0.680089485,2.805,2.385,0.242424242,3.40119,1.89
Rb2HgMoF6,0.0,False,1.5,1.45,0.82,6,5.0,0.69,80.0,0.16,0.05,0.974704531,0.696498054,0,0,0,1,0.41,0.536964981,1.98,1.82,38,1.52,4.36,0.697247706,2.805,2.385,0.209090909,3.40119,2.08
Rb2CoHgF6,0.0,False,1.5,1.35,0.82,6,4.0,0.61,80.0,0.12,0.15,0.992923307,0.66536965,0,0,0,1,0.49,0.474708171,1.98,2.1,53,1.52,4.28,0.710280374,2.805,2.385,0.184848485,3.40119,1.94
Rb2CrHgF6,0.0,False,1.5,1.4,0.82,6,4.0,0.615,80.0,0.34,0.1,0.991764704,0.667315175,0,0,0,1,0.485,0.478599222,1.98,2.32,56,1.52,4.285,0.709451575,2.805,2.385,0.186363636,3.40119,1.83
Rb2HgAsF6,0.0,False,1.5,1.15,0.82,6,4.0,0.58,80.0,0.18,0.35,0.999932178,0.653696498,0,0,0,1,0.52,0.451361868,1.98,1.8,47,1.52,4.25,0.715294118,2.805,2.385,0.175757576,3.40119,2.09
Rb2HgBiF6,0.0,False,1.5,1.6,0.82,6,6.0,1.03,80.0,0.02,0.1,0.90419399,0.828793774,0,0,0,1,0.07,0.80155642,1.98,1.96,3,1.52,4.7,0.646808511,2.805,2.385,0.312121212,3.40119,2.01
Rb2AlHgF6,0.0,False,1.5,1.25,0.82,6,3.0,0.535,80.0,0.39,0.25,1.010632998,0.63618677,0,0,0,1,0.565,0.416342412,1.98,2.37,67,1.52,4.205,0.72294887,2.805,2.385,0.162121212,3.40119,1.805
Rb2CeCuF6,0.0,False,1.35,1.85,0.82,4,6.0,1.01,29.0,0.78,0.5,0.976945231,0.692607004,0,0,0,1,0.24,0.785992218,2.08,2.86,29,1.52,4.35,0.698850575,2.805,2.055,0.437229437,3.40119,1.51
Rb2CuAsF6,1.0685,False,1.35,1.15,0.82,4,4.0,0.58,29.0,0.28,0.2,1.084110142,0.525291829,0,0,0,1,0.19,0.451361868,2.08,1.8,4,1.52,3.92,0.775510204,2.805,2.055,0.251082251,3.40119,2.04
Rb2CuNiF6,0.0,False,1.35,1.35,0.82,4,4.0,0.6,29.0,0.01,0.0,1.078607044,0.53307393,0,0,0,1,0.17,0.46692607,2.08,2.07,1,1.52,3.94,0.771573604,2.805,2.055,0.25974026,3.40119,1.905
Rb2HgAuF6,0.0,False,1.5,1.35,0.82,6,6.0,0.85,80.0,0.54,0.15,0.940201716,0.758754864,0,0,0,1,0.25,0.661478599,1.98,1.44,1,1.52,4.52,0.672566372,2.805,2.385,0.257575758,3.40119,2.27
Rb2FeCuF6,0.5338,False,1.35,1.4,0.82,4,4.0,0.645,29.0,0.07,0.05,1.06642704,0.550583658,0,0,0,1,0.125,0.501945525,2.08,2.15,3,1.52,3.985,0.762860728,2.805,2.055,0.279220779,3.40119,1.865
Rb2MnHgF6,0.3673,False,1.5,1.4,0.82,6,4.0,0.645,80.0,0.45,0.1,0.984869468,0.678988327,0,0,0,1,0.455,0.501945525,1.98,2.43,55,1.52,4.315,0.704519119,2.805,2.385,0.195454545,3.40119,1.775
Rb2MnTlF6,0.0,False,1.9,1.4,0.82,6,4.0,0.645,81.0,0.07,0.5,0.901317445,0.83463035,0,0,0,1,0.855,0.501945525,2.36,2.43,56,1.52,4.715,0.644750795,2.805,2.785,0.143333333,3.40119,1.585
Rb2TlNiF6,0.0,False,1.9,1.35,0.82,6,4.0,0.6,81.0,0.29,0.55,0.910002517,0.817120623,0,0,0,1,0.9,0.46692607,2.36,2.07,53,1.52,4.67,0.650963597,2.805,2.785,0.133333333,3.40119,1.765
Rb2TlFeF6,2.9912,False,1.9,1.4,0.82,6,4.0,0.645,81.0,0.21,0.5,0.901317445,0.83463035,0,0,0,1,0.855,0.501945525,2.36,2.15,55,1.52,4.715,0.644750795,2.805,2.785,0.143333333,3.40119,1.725
Rb2TlCoF6,2.0341,False,1.9,1.35,0.82,6,4.0,0.61,81.0,0.26,0.55,0.908058067,0.821011673,0,0,0,1,0.89,0.474708171,2.36,2.1,54,1.52,4.68,0.64957265,2.805,2.785,0.135555556,3.40119,1.75
Rb2TlCrF6,4.1503,False,1.9,1.4,0.82,6,4.0,0.615,81.0,0.04,0.5,0.907088955,0.822957198,0,0,0,1,0.885,0.478599222,2.36,2.32,57,1.52,4.685,0.648879402,2.805,2.785,0.136666667,3.40119,1.64
Rb2AlTlF6,5.3013,False,1.9,1.25,0.82,6,3.0,0.535,81.0,0.01,0.65,0.922847287,0.791828794,0,0,0,1,0.965,0.416342412,2.36,2.37,68,1.52,4.605,0.660152009,2.805,2.785,0.118888889,3.40119,1.615
Rb2NaRuF6,0.0,False,1.8,1.3,0.82,3,5.0,0.68,11.0,1.27,0.5,0.995248655,0.661478599,0,0,0,1,0.34,0.529182879,3.05,1.78,33,1.52,4.27,0.711943794,2.805,2.305,0.222222222,3.40119,1.565
Rb2NaIrF6,2.3345,True,1.8,1.35,0.82,3,6.0,0.68,11.0,1.27,0.45,0.995248655,0.661478599,0,0,0,1,0.34,0.529182879,3.05,1.78,66,1.52,4.27,0.711943794,2.805,2.305,0.222222222,3.40119,1.565
Rb2NaAuF6,0.591,False,1.8,1.35,0.82,3,6.0,0.85,11.0,1.61,0.45,0.957142287,0.727626459,0,0,0,1,0.17,0.661478599,3.05,1.44,68,1.52,4.44,0.684684685,2.805,2.305,0.277777778,3.40119,1.735
Rb2LiTlF6,3.4666,True,1.45,1.9,0.82,2,6.0,1.5,3.0,0.64,0.45,0.879857506,0.879377432,0,0,0,1,0.74,1.167315175,3.0,2.36,78,1.52,4.83,0.629399586,2.805,2.045,0.657894737,3.40119,1.3
Rb2LiVF6,0.0,False,1.45,1.35,0.82,2,4.0,0.64,3.0,0.65,0.1,1.070456361,0.544747082,0,0,0,1,0.12,0.498054475,3.0,2.35,20,1.52,3.97,0.765743073,2.805,2.045,0.280701754,3.40119,1.305
Rb2LiScF6,6.7042,True,1.45,1.6,0.82,2,4.0,0.745,3.0,0.38,0.15,1.04287405,0.585603113,0,0,0,1,0.015,0.579766537,3.0,2.62,18,1.52,4.075,0.74601227,2.805,2.045,0.326754386,3.40119,1.17
Rb2LiTiF6,0.0,False,1.45,1.4,0.82,2,4.0,0.67,3.0,0.56,0.05,1.062427939,0.556420233,0,0,0,1,0.09,0.521400778,3.0,2.44,19,1.52,4.0,0.76,2.805,2.045,0.293859649,3.40119,1.26
Rb2LiRuF6,0.0,False,1.45,1.3,0.82,2,5.0,0.68,3.0,1.22,0.15,1.059778493,0.560311284,0,0,0,1,0.08,0.529182879,3.0,1.78,41,1.52,4.01,0.758104738,2.805,2.045,0.298245614,3.40119,1.59
Rb2LiRhF6,1.7225,True,1.45,1.35,0.82,2,5.0,0.665,3.0,1.3,0.1,1.063757636,0.554474708,0,0,0,1,0.095,0.517509728,3.0,1.7,42,1.52,3.995,0.760951189,2.805,2.045,0.291666667,3.40119,1.63
Rb2LiNiF6,0.0,False,1.45,1.35,0.82,2,4.0,0.6,3.0,0.93,0.1,1.081351592,0.529182879,0,0,0,1,0.16,0.46692607,3.0,2.07,25,1.52,3.93,0.773536896,2.805,2.045,0.263157895,3.40119,1.445
Rb2LiIrF6,2.024,True,1.45,1.35,0.82,2,6.0,0.68,3.0,1.22,0.1,1.059778493,0.560311284,0,0,0,1,0.08,0.529182879,3.0,1.78,74,1.52,4.01,0.758104738,2.805,2.045,0.298245614,3.40119,1.59
Rb2LiMnF6,0.0,False,1.45,1.4,0.82,2,4.0,0.645,3.0,0.57,0.05,1.069109875,0.546692607,0,0,0,1,0.115,0.501945525,3.0,2.43,22,1.52,3.975,0.764779874,2.805,2.045,0.282894737,3.40119,1.265
Rb2LiGaF6,5.9815,True,1.45,1.3,0.82,2,4.0,0.62,3.0,0.83,0.15,1.075876394,0.536964981,0,0,0,1,0.14,0.482490272,3.0,2.17,28,1.52,3.95,0.769620253,2.805,2.045,0.271929825,3.40119,1.395
Rb2LiInF6,5.2622,True,1.45,1.55,0.82,2,5.0,0.8,3.0,0.8,0.1,1.028985897,0.607003891,0,0,0,1,0.04,0.622568093,3.0,2.2,46,1.52,4.13,0.736077482,2.805,2.045,0.350877193,3.40119,1.38
Rb2LiAuF6,0.4775,True,1.45,1.35,0.82,2,6.0,0.85,3.0,1.56,0.1,1.016677453,0.626459144,0,0,0,1,0.09,0.661478599,3.0,1.44,76,1.52,4.18,0.727272727,2.805,2.045,0.372807018,3.40119,1.76
Rb2LiCoF6,2.8411,True,1.45,1.35,0.82,2,4.0,0.61,3.0,0.9,0.1,1.078607044,0.53307393,0,0,0,1,0.15,0.474708171,3.0,2.1,24,1.52,3.94,0.771573604,2.805,2.045,0.26754386,3.40119,1.43
Rb2LiAlF6,7.248,True,1.45,1.25,0.82,2,3.0,0.535,3.0,0.63,0.2,1.099537323,0.503891051,0,0,0,1,0.225,0.416342412,3.0,2.37,10,1.52,3.865,0.786545925,2.805,2.045,0.234649123,3.40119,1.295
Rb2LiAsF6,4.5851,False,1.45,1.15,0.82,2,4.0,0.58,3.0,1.2,0.3,1.086882802,0.521400778,0,0,0,1,0.18,0.451361868,3.0,1.8,30,1.52,3.91,0.777493606,2.805,2.045,0.254385965,3.40119,1.58
Rb2AlInF6,4.2021,False,1.55,1.25,0.82,5,3.0,0.535,49.0,0.17,0.3,1.088274457,0.519455253,0,0,0,1,0.265,0.416342412,2.2,2.37,36,1.52,3.905,0.778489117,2.805,2.085,0.222916667,3.40119,1.695
Rb2FeHgF6,0.0,False,1.5,1.4,0.82,6,4.0,0.645,80.0,0.17,0.1,0.984869468,0.678988327,0,0,0,1,0.455,0.501945525,1.98,2.15,54,1.52,4.315,0.704519119,2.805,2.385,0.195454545,3.40119,1.915
Rb2GaHgF6,0.0,False,1.5,1.3,0.82,6,4.0,0.62,80.0,0.19,0.2,0.990608801,0.6692607,0,0,0,1,0.48,0.482490272,1.98,2.17,49,1.52,4.29,0.708624709,2.805,2.385,0.187878788,3.40119,1.905
Rb2VCuF6,0.0,False,1.35,1.35,0.82,4,4.0,0.64,29.0,0.27,0.0,1.067766773,0.548638132,0,0,0,1,0.13,0.498054475,2.08,2.35,6,1.52,3.98,0.763819095,2.805,2.055,0.277056277,3.40119,1.765
Rb2TlCuF6,0.0,False,1.35,1.9,0.82,6,1.5,81.0,0.77,0.28,0.55,0.878039619,0.883268482,0,0,0,1,0.73,2.36,0.59922179,2.785,52,1.52,4.84,0.628099174,2.805,2.08,0.171111111,3.40119,1.76
Rb2CuRuF6,0.0,False,1.35,1.3,0.82,4,5.0,0.68,29.0,0.3,0.05,1.057142228,0.564202335,0,0,0,1,0.09,0.529182879,2.08,1.78,15,1.52,4.02,0.756218905,2.805,2.055,0.294372294,3.40119,2.05
Rb2ScCuF6,1.479,False,1.35,1.6,0.82,4,4.0,0.745,29.0,0.54,0.25,1.040321115,0.589494163,0,0,0,1,0.025,0.579766537,2.08,2.62,8,1.52,4.085,0.744186047,2.805,2.055,0.322510823,3.40119,1.63
Rb2PrCuF6,0.6483,False,1.35,1.85,0.82,4,6.0,0.99,29.0,0.77,0.5,0.98145768,0.684824903,0,0,0,1,0.22,0.770428016,2.08,2.85,30,1.52,4.33,0.702078522,2.805,2.055,0.428571429,3.40119,1.515
Rb2InCuF6,0.0,False,1.35,1.55,0.82,4,5.0,0.8,29.0,0.12,0.2,1.026500424,0.610894942,0,0,0,1,0.03,0.622568093,2.08,2.2,20,1.52,4.14,0.734299517,2.805,2.055,0.346320346,3.40119,1.84
Rb2MnCuF6,0.0,False,1.35,1.4,0.82,4,4.0,0.645,29.0,0.35,0.05,1.06642704,0.550583658,0,0,0,1,0.125,0.501945525,2.08,2.43,4,1.52,3.985,0.762860728,2.805,2.055,0.279220779,3.40119,1.725
Rb2CuBiF6,0.9599,False,1.35,1.6,0.82,4,6.0,1.03,29.0,0.12,0.25,0.972474086,0.700389105,0,0,0,1,0.26,0.80155642,2.08,1.96,54,1.52,4.37,0.695652174,2.805,2.055,0.445887446,3.40119,1.96
Rb2AlCuF6,1.2713,False,1.35,1.25,0.82,4,3.0,0.535,29.0,0.29,0.1,1.096699808,0.507782101,0,0,0,1,0.235,0.416342412,2.08,2.37,16,1.52,3.875,0.784516129,2.805,2.055,0.231601732,3.40119,1.755
Rb2TlVF6,0.0,False,1.9,1.35,0.82,6,4.0,0.64,81.0,0.01,0.55,0.902274258,0.832684825,0,0,0,1,0.86,0.498054475,2.36,2.35,58,1.52,4.71,0.645435244,2.805,2.785,0.142222222,3.40119,1.625
Rb2TiTlF6,0.0,False,1.9,1.4,0.82,6,4.0,0.67,81.0,0.08,0.5,0.896563661,0.844357977,0,0,0,1,0.83,0.521400778,2.36,2.44,59,1.52,4.74,0.641350211,2.805,2.785,0.148888889,3.40119,1.58
Rb2TlRuF6,0.0,False,1.9,1.3,0.82,6,5.0,0.68,81.0,0.58,0.6,0.894676159,0.848249027,0,0,0,1,0.82,0.529182879,2.36,1.78,37,1.52,4.75,0.64,2.805,2.785,0.151111111,3.40119,1.91
Rb2ScTlF6,4.9059,True,1.9,1.6,0.82,6,4.0,0.745,81.0,0.26,0.3,0.882598495,0.873540856,0,0,0,1,0.755,0.579766537,2.36,2.62,60,1.52,4.815,0.631360332,2.805,2.785,0.165555556,3.40119,1.49
Rb2TlRhF6,1.9393,False,1.9,1.35,0.82,6,5.0,0.665,81.0,0.66,0.55,0.897510402,0.842412451,0,0,0,1,0.835,0.517509728,2.36,1.7,36,1.52,4.735,0.642027455,2.805,2.785,0.147777778,3.40119,1.95
Rb2TlIrF6,2.2131,False,1.9,1.35,0.82,6,6.0,0.68,81.0,0.58,0.55,0.894676159,0.848249027,0,0,0,1,0.82,0.529182879,2.36,1.78,4,1.52,4.75,0.64,2.805,2.785,0.151111111,3.40119,1.91
Rb2TlMoF6,3.8485,False,1.9,1.45,0.82,6,5.0,0.69,81.0,0.54,0.45,0.892796587,0.852140078,0,0,0,1,0.81,0.536964981,2.36,1.82,39,1.52,4.76,0.638655462,2.805,2.785,0.153333333,3.40119,1.89
Rb2TlAsF6,2.7163,True,1.9,1.15,0.82,6,4.0,0.58,81.0,0.56,0.75,0.913916506,0.809338521,0,0,0,1,0.92,0.451361868,2.36,1.8,48,1.52,4.65,0.653763441,2.805,2.785,0.128888889,3.40119,1.9
Rb2ScInF6,3.8447,True,1.55,1.6,0.82,5,4.0,0.745,49.0,0.42,0.05,1.032736757,0.601167315,0,0,0,1,0.055,0.579766537,2.2,2.62,28,1.52,4.115,0.738760632,2.805,2.085,0.310416667,3.40119,1.57
Rb2YHgF6,0.0,False,1.5,1.8,0.82,6,5.0,0.9,80.0,0.78,0.3,0.929915045,0.778210117,0,0,0,1,0.2,0.700389105,1.98,2.76,41,1.52,4.57,0.665207877,2.805,2.385,0.272727273,3.40119,1.61
Rb2InAsF6,2.0591,True,1.55,1.15,0.82,4,0.58,33.0,0.8,0.4,0.4,1.075876394,0.536964981,0,0,0,1,0.22,1.8,0.622568093,1.865,16,1.52,3.95,0.769620253,2.805,2.2,0.459770115,3.40119,1.98
Rb2TlHgF6,0.0,False,1.5,1.9,0.82,6,1.5,81.0,1.1,0.38,0.4,0.821994537,1.011673152,0,0,0,1,0.4,2.36,0.856031128,2.785,1,1.52,5.17,0.588007737,2.805,1.98,0.244444444,3.40119,1.81
Rb2TlSbF6,2.807,False,1.9,1.45,0.82,6,5.0,0.76,81.0,0.43,0.45,0.879857506,0.879377432,0,0,0,1,0.74,0.591439689,2.36,1.93,30,1.52,4.83,0.629399586,2.805,2.785,0.168888889,3.40119,1.835
Rb2YTlF6,4.6661,False,1.9,1.8,0.82,6,5.0,0.9,81.0,0.4,0.1,0.855072788,0.93385214,0,0,0,1,0.6,0.700389105,2.36,2.76,42,1.52,4.97,0.61167002,2.805,2.785,0.2,3.40119,1.42
Rb2TlBiF6,3.3382,False,1.9,1.6,0.82,6,6.0,1.03,81.0,0.4,0.3,0.833276815,0.984435798,0,0,0,1,0.47,0.80155642,2.36,1.96,2,1.52,5.1,0.596078431,2.805,2.785,0.228888889,3.40119,1.82
Rb2InSbF6,2.232,True,1.55,1.45,0.82,5,0.76,51.0,0.8,0.27,0.1,1.028985897,0.607003891,0,0,0,1,0.04,1.93,0.622568093,2.045,2,1.52,4.13,0.736077482,2.805,2.2,0.350877193,3.40119,1.915
Rb2YInF6,3.673,False,1.55,1.8,0.82,5,5.0,0.9,49.0,0.56,0.25,0.995248655,0.661478599,0,0,0,1,0.1,0.700389105,2.2,2.76,10,1.52,4.27,0.711943794,2.805,2.085,0.375,3.40119,1.5
Rb2VHgF6,0.0036,True,1.5,1.35,0.82,6,4.0,0.64,80.0,0.37,0.15,0.986012008,0.677042802,0,0,0,1,0.46,0.498054475,1.98,2.35,57,1.52,4.31,0.705336427,2.805,2.385,0.193939394,3.40119,1.815
Rb2InBiF6,2.5538,True,1.55,1.6,0.82,6,1.03,83.0,0.8,0.24,0.05,0.965843581,0.712062257,0,0,0,1,0.23,1.96,0.622568093,2.315,34,1.52,4.4,0.690909091,2.805,2.2,0.258899676,3.40119,1.9
Rb2TiHgF6,2.3262,True,1.5,1.4,0.82,6,4.0,0.67,80.0,0.46,0.1,0.979196257,0.688715953,0,0,0,1,0.43,0.521400778,1.98,2.44,58,1.52,4.34,0.700460829,2.805,2.385,0.203030303,3.40119,1.77
Rb2HgRuF6,0.0,False,1.5,1.3,0.82,6,5.0,0.68,80.0,0.2,0.2,0.976945231,0.692607004,0,0,0,1,0.42,0.529182879,1.98,1.78,36,1.52,4.35,0.698850575,2.805,2.385,0.206060606,3.40119,2.1
Rb2NaTbF6,6.4622,True,1.8,1.75,0.82,3,6.0,0.923,11.0,0.17,0.05,0.941660039,0.756031128,0,0,0,1,0.097,0.718287938,3.05,2.88,54,1.52,4.513,0.673609572,2.805,2.305,0.301633987,3.40119,1.015
Rb2NaYbF6,0.0,False,1.8,1.75,0.82,3,6.0,0.868,11.0,0.17,0.05,0.953277648,0.73463035,0,0,0,1,0.152,0.675486381,3.05,2.88,59,1.52,4.458,0.681920144,2.805,2.305,0.283660131,3.40119,1.015
Rb2NaSmF6,6.3067,True,1.8,1.85,0.82,3,6.0,0.958,11.0,0.24,0.05,0.934413315,0.769649805,0,0,0,1,0.062,0.745525292,3.05,2.81,51,1.52,4.548,0.668425682,2.805,2.305,0.313071895,3.40119,1.05
Rb2NaErF6,6.4981,True,1.8,1.75,0.82,3,6.0,0.89,11.0,0.31,0.05,0.948596374,0.743190661,0,0,0,1,0.13,0.692607004,3.05,2.74,57,1.52,4.48,0.678571429,2.805,2.305,0.290849673,3.40119,1.085
Rb2NaYF6,6.4476,True,1.8,1.8,0.82,3,5.0,0.9,11.0,0.29,0.0,0.946483687,0.747081712,0,0,0,1,0.12,0.700389105,3.05,2.76,28,1.52,4.49,0.677060134,2.805,2.305,0.294117647,3.40119,1.075
Rb2NaRhF6,1.957,True,1.8,1.35,0.82,3,5.0,0.665,11.0,1.35,0.45,0.998757169,0.655642023,0,0,0,1,0.355,0.517509728,3.05,1.7,34,1.52,4.255,0.714453584,2.805,2.305,0.217320261,3.40119,1.605
Rb2NaTiF6,0.0,False,1.8,1.4,0.82,3,4.0,0.67,11.0,0.61,0.4,0.997584919,0.657587549,0,0,0,1,0.35,0.521400778,3.05,2.44,11,1.52,4.26,0.713615023,2.805,2.305,0.218954248,3.40119,1.235
Rb2NaNiF6,0.0,False,1.8,1.35,0.82,3,4.0,0.6,11.0,0.98,0.45,1.014251015,0.630350195,0,0,0,1,0.42,0.46692607,3.05,2.07,17,1.52,4.19,0.725536993,2.805,2.305,0.196078431,3.40119,1.42
Rb2NaFeF6,4.1186,False,1.8,1.4,0.82,3,4.0,0.645,11.0,0.9,0.4,1.00347385,0.647859922,0,0,0,1,0.375,0.501945525,3.05,2.15,15,1.52,4.235,0.717827627,2.805,2.305,0.210784314,3.40119,1.38
Rb2NaCoF6,0.0,False,1.8,1.35,0.82,3,4.0,0.61,11.0,0.95,0.45,1.011836132,0.634241245,0,0,0,1,0.41,0.474708171,3.05,2.1,16,1.52,4.2,0.723809524,2.805,2.305,0.199346405,3.40119,1.405
Rb2NaBiF6,4.9249,False,1.8,1.6,0.82,3,6.0,1.03,11.0,1.09,0.2,0.919851029,0.79766537,0,0,0,1,0.01,0.80155642,3.05,1.96,72,1.52,4.62,0.658008658,2.805,2.305,0.336601307,3.40119,1.475
Rb2NaVF6,0.0,False,1.8,1.35,0.82,3,4.0,0.64,11.0,0.7,0.45,1.004659989,0.645914397,0,0,0,1,0.38,0.498054475,3.05,2.35,12,1.52,4.23,0.718676123,2.805,2.305,0.209150327,3.40119,1.28
Rb2NaCrF6,4.1608,True,1.8,1.4,0.82,3,4.0,0.615,11.0,0.73,0.4,1.010632998,0.63618677,0,0,0,1,0.405,0.478599222,3.05,2.32,13,1.52,4.205,0.72294887,2.805,2.305,0.200980392,3.40119,1.295
Rb2NaMoF6,4.1434,False,1.8,1.45,0.82,3,5.0,0.69,11.0,1.23,0.35,0.992923307,0.66536965,0,0,0,1,0.33,0.536964981,3.05,1.82,31,1.52,4.28,0.710280374,2.805,2.305,0.225490196,3.40119,1.545
Rb2NaGaF6,5.9026,True,1.8,1.3,0.82,3,4.0,0.62,11.0,0.88,0.5,1.009432721,0.638132296,0,0,0,1,0.4,0.482490272,3.05,2.17,20,1.52,4.21,0.722090261,2.805,2.305,0.202614379,3.40119,1.37
Rb2NaAsF6,4.543,False,1.8,1.15,0.82,3,4.0,0.58,11.0,1.25,0.65,1.019115529,0.622568093,0,0,0,1,0.44,0.451361868,3.05,1.8,22,1.52,4.17,0.729016787,2.805,2.305,0.189542484,3.40119,1.555
Rb2TlInF6,3.6593,False,1.9,1.55,0.82,6,5.0,0.8,81.0,0.16,0.35,0.87263075,0.894941634,0,0,0,1,0.7,0.622568093,2.36,2.2,32,1.52,4.87,0.624229979,2.805,2.785,0.177777778,3.40119,1.7
Rb2NaSbF6,4.1249,False,1.8,1.45,0.82,3,5.0,0.76,11.0,1.12,0.35,0.976945231,0.692607004,0,0,0,1,0.26,0.591439689,3.05,1.93,40,1.52,4.35,0.698850575,2.805,2.305,0.248366013,3.40119,1.49
Rb2NaTlF6,3.6281,True,1.8,1.9,0.82,3,6.0,1.5,11.0,0.69,0.1,0.834913901,0.980544747,0,0,0,1,0.48,1.167315175,3.05,2.36,70,1.52,5.09,0.597249509,2.805,2.305,0.490196078,3.40119,1.275
Rb2TlGaF6,4.4038,False,1.9,1.3,0.82,6,4.0,0.62,81.0,0.19,0.6,0.906121909,0.824902724,0,0,0,1,0.88,0.482490272,2.36,2.17,50,1.52,4.69,0.648187633,2.805,2.785,0.137777778,3.40119,1.715
Rb2InGaF6,3.2609,False,1.3,1.55,0.82,4,5.0,0.8,31.0,0.03,0.25,1.065090665,0.552529183,0,0,0,1,0.18,0.622568093,2.17,2.2,18,1.52,3.99,0.761904762,2.805,1.905,0.430107527,3.40119,1.795
Rb2NaInF6,5.2472,True,1.8,1.55,0.82,3,5.0,0.8,11.0,0.85,0.25,0.96804368,0.708171206,0,0,0,1,0.22,0.622568093,3.05,2.2,38,1.52,4.39,0.692482916,2.805,2.305,0.261437908,3.40119,1.355
Rb2NaHoF6,6.5281,False,1.8,1.75,0.82,3,6.0,0.901,11.0,0.3,0.05,0.946272936,0.747470817,0,0,0,1,0.119,0.701167315,3.05,2.75,56,1.52,4.491,0.676909374,2.805,2.305,0.294444444,3.40119,1.08
Cs2NaUBr6,0.1882,True,1.8,1.75,0.79,3,7.0,1.025,11.0,0.45,0.05,0.91040739,0.521683673,0,1,0,0,0.005,0.522959184,2.03,1.58,81,1.67,5.965,0.559932942,3.63,2.98,0.33496732,3.36359,1.155
Cs2AgBiBr6,1.3547,False,1.6,1.6,0.79,5,6.0,1.03,47.0,0.09,0.0,0.890259029,0.556122449,0,1,0,0,0.12,0.525510204,1.03,0.94,36,1.67,6.1,0.547540984,3.63,3.11,0.298550725,3.36359,1.975
Cs2NaLaBr6,3.8471,True,1.8,1.95,0.79,3,6.0,1.032,11.0,0.17,0.15,0.909340268,0.523469388,0,1,0,0,0.012,0.526530612,2.03,1.86,46,1.67,5.972,0.559276624,3.63,2.98,0.337254902,3.36359,1.015
Cs2NaAuBr6,0.0,False,1.8,1.35,0.79,3,6.0,0.85,11.0,1.61,0.45,0.937924021,0.477040816,0,1,0,0,0.17,0.433673469,2.03,0.42,68,1.67,5.79,0.576856649,3.63,2.98,0.277777778,3.36359,1.735
Cs2NaAsBr6,2.559,False,1.8,1.15,0.79,3,4.0,0.58,11.0,1.25,0.65,0.983800739,0.408163265,0,1,0,0,0.44,0.295918367,2.03,0.78,22,1.67,5.52,0.605072464,3.63,2.98,0.189542484,3.36359,1.555
Cs2NaGaBr6,1.6072,True,1.8,1.3,0.79,3,4.0,0.62,11.0,0.88,0.5,0.976723036,0.418367347,0,1,0,0,0.4,0.316326531,2.03,1.15,20,1.67,5.56,0.600719424,3.63,2.98,0.202614379,3.36359,1.37
Cs2LiYBr6,4.0508,True,1.45,1.8,0.79,2,5.0,0.9,3.0,0.24,0.35,0.973222236,0.423469388,0,1,0,0,0.14,0.459183673,1.98,1.74,36,1.67,5.58,0.598566308,3.63,2.72,0.394736842,3.36359,1.1
Cs2LiSbBr6,2.3396,False,1.45,1.45,0.79,2,5.0,0.76,3.0,1.07,0.0,0.998268397,0.387755102,0,1,0,0,0.0,0.387755102,1.98,0.91,48,1.67,5.44,0.613970588,3.63,2.72,0.333333333,3.36359,1.515
Cs2LiPrBr6,3.9721,True,1.45,1.85,0.79,2,6.0,0.99,3.0,0.15,0.4,0.957774264,0.446428571,0,1,0,0,0.23,0.505102041,1.98,1.83,56,1.67,5.67,0.589065256,3.63,2.72,0.434210526,3.36359,1.055
Cs2LiNdBr6,3.9972,True,1.45,1.85,0.79,2,6.0,0.983,3.0,0.16,0.4,0.958958163,0.444642857,0,1,0,0,0.223,0.501530612,1.98,1.82,57,1.67,5.663,0.589793396,3.63,2.72,0.431140351,3.36359,1.06
Cs2LiMoBr6,1.2684,True,1.45,1.45,0.79,2,5.0,0.69,3.0,1.18,0.0,1.011281207,0.369897959,0,1,0,0,0.07,0.352040816,1.98,0.8,39,1.67,5.37,0.621973929,3.63,2.72,0.302631579,3.36359,1.57
Cs2LiCeBr6,0.2909,False,1.45,1.85,0.79,2,6.0,1.01,3.0,0.14,0.4,0.954407747,0.451530612,0,1,0,0,0.25,0.515306122,1.98,1.84,55,1.67,5.69,0.586994728,3.63,2.72,0.442982456,3.36359,1.05
Cs2LiBiBr6,2.9154,False,1.45,1.6,0.79,2,6.0,1.03,3.0,1.04,0.15,0.951064813,0.456632653,0,1,0,0,0.27,0.525510204,1.98,0.94,80,1.67,5.71,0.584938704,3.63,2.72,0.451754386,3.36359,1.5
Cs2YCuBr6,2.0386,False,1.35,1.8,0.79,4,5.0,0.9,29.0,0.68,0.45,0.971481231,0.426020408,0,1,0,0,0.13,0.459183673,1.06,1.74,10,1.67,5.59,0.597495528,3.63,2.73,0.38961039,3.36359,1.56
Cs2CuSbBr6,0.4006,False,1.35,1.45,0.79,4,5.0,0.76,29.0,0.15,0.1,0.996436712,0.390306122,0,1,0,0,0.01,0.387755102,1.06,0.91,22,1.67,5.45,0.612844037,3.63,2.73,0.329004329,3.36359,1.975
Cs2NdCuBr6,2.2431,False,1.35,1.85,0.79,4,6.0,0.983,29.0,0.76,0.5,0.957267774,0.447193878,0,1,0,0,0.213,0.501530612,1.06,1.82,31,1.67,5.673,0.588753746,3.63,2.73,0.425541126,3.36359,1.52
Cs2YTlBr6,3.6928,True,1.9,1.8,0.79,6,5.0,0.9,81.0,0.4,0.1,0.859269,0.612244898,0,1,0,0,0.6,0.459183673,1.34,1.74,42,1.67,6.32,0.528481013,3.63,3.46,0.2,3.36359,1.42
Cs2TlSbBr6,1.2294,True,1.9,1.45,0.79,6,5.0,0.76,81.0,0.43,0.45,0.878734641,0.576530612,0,1,0,0,0.74,0.387755102,1.34,0.91,30,1.67,6.18,0.540453074,3.63,3.46,0.168888889,3.36359,1.835
Cs2TlAsBr6,1.2314,True,1.9,1.15,0.79,6,4.0,0.58,81.0,0.56,0.75,0.90509668,0.530612245,0,1,0,0,0.92,0.295918367,1.34,0.78,48,1.67,6.0,0.556666667,3.63,3.46,0.128888889,3.36359,1.9
Cs2RbYBr6,4.1715,True,2.35,1.8,0.79,5,5.0,0.9,37.0,0.4,0.55,0.856558372,0.617346939,0,1,0,0,0.62,0.459183673,2.14,1.74,2,1.67,6.34,0.52681388,3.63,3.48,0.197368421,3.36359,1.02
Cs2RbTlBr6,1.5133,True,2.35,1.9,0.79,5,6.0,1.5,37.0,0.8,0.45,0.782504334,0.770408163,0,1,0,0,0.02,0.765306122,2.14,1.34,44,1.67,6.94,0.481268012,3.63,3.48,0.328947368,3.36359,1.22
Cs2RbScBr6,3.2725,False,2.35,1.6,0.79,5,4.0,0.745,37.0,0.54,0.75,0.878024265,0.577806122,0,1,0,0,0.775,0.380102041,2.14,1.6,16,1.67,6.185,0.540016168,3.63,3.48,0.163377193,3.36359,1.09
Cs2RbSbBr6,2.841,True,2.35,1.45,0.79,5,5.0,0.76,37.0,1.23,0.9,0.875900013,0.581632653,0,1,0,0,0.76,0.387755102,2.14,0.91,14,1.67,6.2,0.538709677,3.63,3.48,0.166666667,3.36359,1.435
Cs2RbBiBr6,3.4129,True,2.35,1.6,0.79,5,6.0,1.03,37.0,1.2,0.75,0.839347771,0.650510204,0,1,0,0,0.49,0.525510204,2.14,0.94,46,1.67,6.47,0.516228748,3.63,3.48,0.225877193,3.36359,1.42
Cs2RbAsBr6,2.8942,True,2.35,1.15,0.79,5,4.0,0.58,37.0,1.36,1.2,0.902089714,0.535714286,0,1,0,0,0.94,0.295918367,2.14,0.78,4,1.67,6.02,0.554817276,3.63,3.48,0.127192982,3.36359,1.5
Cs2NaTlBr6,1.0093,True,1.8,1.9,0.79,3,6.0,1.5,11.0,0.69,0.1,0.843257776,0.642857143,0,1,0,0,0.48,0.765306122,2.03,1.34,70,1.67,6.44,0.51863354,3.63,2.98,0.490196078,3.36359,1.275
Cs2NaSbBr6,2.556,False,1.8,1.45,0.79,3,5.0,0.76,11.0,1.12,0.35,0.952733347,0.454081633,0,1,0,0,0.26,0.387755102,2.03,0.91,40,1.67,5.7,0.585964912,3.63,2.98,0.248366013,3.36359,1.49
Cs2NaNdBr6,4.1254,True,1.8,1.85,0.79,3,6.0,0.983,11.0,0.21,0.05,0.91686309,0.510969388,0,1,0,0,0.037,0.501530612,2.03,1.82,49,1.67,5.923,0.563903427,3.63,2.98,0.32124183,3.36359,1.035
Cs2NaPrBr6,4.1252,True,1.8,1.85,0.79,3,6.0,0.99,11.0,0.2,0.05,0.915780789,0.512755102,0,1,0,0,0.03,0.505102041,2.03,1.83,48,1.67,5.93,0.563237774,3.63,2.98,0.323529412,3.36359,1.03
Cs2CuMoBr6,0.3989,True,1.35,1.45,0.79,4,5.0,0.69,29.0,0.26,0.1,1.009401502,0.37244898,0,1,0,0,0.08,0.352040816,1.06,0.8,13,1.67,5.38,0.620817844,3.63,2.73,0.298701299,3.36359,2.03
Cs2CuBiBr6,0.8439,False,1.35,1.6,0.79,4,6.0,1.03,29.0,0.12,0.25,0.949402112,0.459183673,0,1,0,0,0.26,0.525510204,1.06,0.94,54,1.67,5.72,0.583916084,3.63,2.73,0.445887446,3.36359,1.96
Cs2YAgBr6,3.335,False,1.6,1.8,0.79,5,5.0,0.9,47.0,0.71,0.2,0.909644904,0.522959184,0,1,0,0,0.25,0.459183673,1.03,1.74,8,1.67,5.97,0.559463987,3.63,3.11,0.260869565,3.36359,1.575
Cs2TlGaBr6,1.7459,False,1.9,1.3,0.79,6,4.0,0.62,81.0,0.19,0.6,0.899102662,0.540816327,0,1,0,0,0.88,0.316326531,1.34,1.15,50,1.67,6.04,0.552980132,3.63,3.46,0.137777778,3.36359,1.715
Cs2ScTlBr6,3.1371,True,1.9,1.6,0.79,6,4.0,0.745,81.0,0.26,0.3,0.880872681,0.572704082,0,1,0,0,0.755,0.380102041,1.34,1.6,60,1.67,6.165,0.541768045,3.63,3.46,0.165555556,3.36359,1.49
Cs2TlBiBr6,1.7359,True,1.9,1.6,0.79,6,6.0,1.03,81.0,0.4,0.3,0.8419504,0.645408163,0,1,0,0,0.47,0.525510204,1.34,0.94,2,1.67,6.45,0.517829457,3.63,3.46,0.228888889,3.36359,1.82
Cs2TlAuBr6,0.0,False,1.9,1.35,0.79,6,6.0,0.85,81.0,0.92,0.55,0.866121225,0.599489796,0,1,0,0,0.65,0.433673469,1.34,0.42,2,1.67,6.27,0.532695375,3.63,3.46,0.188888889,3.36359,2.08
Cs2AlTlBr6,2.9426,False,1.9,1.25,0.79,6,3.0,0.535,81.0,0.01,0.65,0.911936201,0.519132653,0,1,0,0,0.965,0.272959184,1.34,1.35,68,1.67,5.955,0.560873216,3.63,3.46,0.118888889,3.36359,1.615
Cs2RbGaBr6,2.1399,True,2.35,1.3,0.79,5,4.0,0.62,37.0,0.99,1.05,0.896135327,0.545918367,0,1,0,0,0.9,0.316326531,2.14,1.15,6,1.67,6.06,0.551155116,3.63,3.48,0.135964912,3.36359,1.315
Cs2RbAuBr6,0.0208,False,2.35,1.35,0.79,5,6.0,0.85,37.0,1.72,1.0,0.863367262,0.604591837,0,1,0,0,0.67,0.433673469,2.14,0.42,42,1.67,6.29,0.53100159,3.63,3.48,0.186403509,3.36359,1.68
Cs2RbAlBr6,3.2239,True,2.35,1.25,0.79,5,3.0,0.535,37.0,0.79,1.1,0.908883695,0.524234694,0,1,0,0,0.985,0.272959184,2.14,1.35,24,1.67,5.975,0.558995816,3.63,3.48,0.117324561,3.36359,1.215
Cs2NaScBr6,3.1061,False,1.8,1.6,0.79,3,4.0,0.745,11.0,0.43,0.2,0.955247156,0.450255102,0,1,0,0,0.275,0.380102041,2.03,1.6,10,1.67,5.685,0.587510994,3.63,2.98,0.243464052,3.36359,1.145
Cs2KGaBr6,2.1255,True,2.2,1.3,0.79,4,4.0,0.62,19.0,0.99,0.9,0.917327716,0.510204082,0,1,0,0,0.76,0.316326531,2.14,1.15,12,1.67,5.92,0.564189189,3.63,3.34,0.149758454,3.36359,1.315
Cs2InGaBr6,1.244,False,1.3,1.55,0.79,4,5.0,0.8,31.0,0.03,0.25,1.016962562,0.362244898,0,1,0,0,0.18,0.408163265,1.15,1.18,18,1.67,5.34,0.625468165,3.63,2.58,0.430107527,3.36359,1.795
Cs2AlHgBr6,0.0,False,1.5,1.25,0.79,6,3.0,0.535,80.0,0.39,0.25,0.977602175,0.417091837,0,1,0,0,0.565,0.272959184,0.96,1.35,67,1.67,5.555,0.601260126,3.63,3.06,0.162121212,3.36359,1.805
Cs2ScHgBr6,0.0,False,1.5,1.6,0.79,6,4.0,0.745,80.0,0.64,0.1,0.941991341,0.470663265,0,1,0,0,0.355,0.380102041,0.96,1.6,59,1.67,5.765,0.579358196,3.63,3.06,0.225757576,3.36359,1.68
Cs2ScAuBr6,1.7173,False,1.35,1.6,0.79,6,4.0,0.745,79.0,1.18,0.25,0.984692671,0.406887755,0,1,0,0,0.105,0.380102041,0.42,1.6,58,1.67,5.515,0.605621034,3.63,2.81,0.292156863,3.36359,1.95
Cs2AsAuBr6,0.0,False,1.35,1.15,0.79,6,4.0,0.58,79.0,0.36,0.2,1.015061697,0.364795918,0,1,0,0,0.27,0.295918367,0.42,0.78,46,1.67,5.35,0.624299065,3.63,2.81,0.22745098,3.36359,2.36
Cs2NaBiBr6,3.1775,False,1.8,1.6,0.79,3,6.0,1.03,11.0,1.09,0.2,0.909644904,0.522959184,0,1,0,0,0.01,0.525510204,2.03,0.94,72,1.67,5.97,0.559463987,3.63,2.98,0.336601307,3.36359,1.475
Cs2LiTlBr6,0.5505,True,1.45,1.9,0.79,2,6.0,1.5,3.0,0.64,0.45,0.878734641,0.576530612,0,1,0,0,0.74,0.765306122,1.98,1.34,78,1.67,6.18,0.540453074,3.63,2.72,0.657894737,3.36359,1.3
Cs2KPrBr6,4.2336,True,2.2,1.85,0.79,4,6.0,0.99,19.0,0.31,0.35,0.863367262,0.604591837,0,1,0,0,0.39,0.505102041,2.14,1.83,40,1.67,6.29,0.53100159,3.63,3.34,0.239130435,3.36359,0.975
Cs2KNdBr6,4.2395,True,2.2,1.85,0.79,4,6.0,0.983,19.0,0.32,0.35,0.864329155,0.602806122,0,1,0,0,0.397,0.501530612,2.14,1.82,41,1.67,6.283,0.531593188,3.63,3.34,0.237439614,3.36359,0.98
Cs2KCeBr6,0.314,False,2.2,1.85,0.79,4,6.0,1.01,19.0,0.3,0.35,0.860630757,0.609693878,0,1,0,0,0.37,0.515306122,2.14,1.84,39,1.67,6.31,0.529318542,3.63,3.34,0.243961353,3.36359,0.97
Cs2KAuBr6,0.0,False,2.2,1.35,0.79,4,6.0,0.85,19.0,1.72,0.85,0.883021151,0.568877551,0,1,0,0,0.53,0.433673469,2.14,0.42,60,1.67,6.15,0.543089431,3.63,3.34,0.20531401,3.36359,1.68
Cs2KBiBr6,3.4246,True,2.2,1.6,0.79,4,6.0,1.03,19.0,1.2,0.6,0.857911545,0.614795918,0,1,0,0,0.35,0.525510204,2.14,0.94,64,1.67,6.33,0.52764613,3.63,3.34,0.248792271,3.36359,1.42
Cs2KAsBr6,3.0015,True,2.2,1.15,0.79,4,4.0,0.58,19.0,1.36,1.05,0.923568041,0.5,0,1,0,0,0.8,0.295918367,2.14,0.78,14,1.67,5.88,0.568027211,3.63,3.34,0.140096618,3.36359,1.5
Cs2KYBr6,4.2852,True,2.2,1.8,0.79,4,5.0,0.9,19.0,0.4,0.4,0.875900013,0.581632653,0,1,0,0,0.48,0.459183673,2.14,1.74,20,1.67,6.2,0.538709677,3.63,3.34,0.217391304,3.36359,1.02
Cs2KSbBr6,2.8501,True,2.2,1.45,0.79,4,5.0,0.76,19.0,1.23,0.75,0.896135327,0.545918367,0,1,0,0,0.62,0.387755102,2.14,0.91,32,1.67,6.06,0.551155116,3.63,3.34,0.183574879,3.36359,1.435
Cs2KMoBr6,1.6085,True,2.2,1.45,0.79,4,5.0,0.69,19.0,1.34,0.75,0.906607693,0.528061224,0,1,0,0,0.69,0.352040816,2.14,0.8,23,1.67,5.99,0.557595993,3.63,3.34,0.166666667,3.36359,1.49
Cs2InBiBr6,0.8534,True,1.55,1.6,0.79,6,1.03,83.0,0.8,0.24,0.05,0.944448709,0.466836735,0,1,0,0,0.23,0.94,0.408163265,2.99,34,1.67,5.75,0.580869565,3.63,1.18,0.258899676,3.36359,1.9
Cs2InAsBr6,0.7187,True,1.55,1.15,0.79,4,0.58,33.0,0.8,0.4,0.4,1.024637751,0.352040816,0,1,0,0,0.22,0.78,0.408163265,2.54,16,1.67,5.3,0.630188679,3.63,1.18,0.459770115,3.36359,1.98
Cs2YHgBr6,0.0,False,1.5,1.8,0.79,6,5.0,0.9,80.0,0.78,0.3,0.917327716,0.510204082,0,1,0,0,0.2,0.459183673,0.96,1.74,41,1.67,5.92,0.564189189,3.63,3.06,0.272727273,3.36359,1.61
Cs2TlHgBr6,0.0,False,1.5,1.9,0.79,6,1.5,81.0,1.1,0.38,0.4,0.832911055,0.663265306,0,1,0,0,0.4,1.34,0.56122449,3.46,1,1.67,6.52,0.512269939,3.63,0.96,0.244444444,3.36359,1.81
Cs2HgBiBr6,0.0,False,1.5,1.6,0.79,6,6.0,1.03,80.0,0.02,0.1,0.897616542,0.543367347,0,1,0,0,0.07,0.525510204,0.96,0.94,3,1.67,6.05,0.552066116,3.63,3.06,0.312121212,3.36359,2.01
Cs2HgAsBr6,0.0,False,1.5,1.15,0.79,6,4.0,0.58,80.0,0.18,0.35,0.969746443,0.428571429,0,1,0,0,0.52,0.295918367,0.96,0.78,47,1.67,5.6,0.596428571,3.63,3.06,0.175757576,3.36359,2.09
Cs2YAuBr6,1.863,False,1.35,1.8,0.79,6,5.0,0.9,79.0,1.32,0.45,0.957774264,0.446428571,0,1,0,0,0.05,0.459183673,0.42,1.74,40,1.67,5.67,0.589065256,3.63,2.81,0.352941176,3.36359,1.88
Cs2InAuBr6,0.0,False,1.55,1.35,0.79,6,0.85,79.0,0.8,0.76,0.2,0.974969494,0.420918367,0,1,0,0,0.05,0.42,0.408163265,2.81,30,1.67,5.57,0.599640934,3.63,1.18,0.31372549,3.36359,2.16
Cs2BiAuBr6,0.4311,False,1.6,1.35,0.79,6,0.85,79.0,1.03,0.52,0.25,0.93630691,0.479591837,0,1,0,0,0.18,0.42,0.525510204,2.81,4,1.67,5.8,0.575862069,3.63,0.94,0.403921569,3.36359,2.28
Cs2AgSbBr6,1.1916,False,1.6,1.45,0.79,5,5.0,0.76,47.0,0.12,0.15,0.931488864,0.487244898,0,1,0,0,0.39,0.387755102,1.03,0.91,4,1.67,5.83,0.572898799,3.63,3.11,0.220289855,3.36359,1.99
Cs2NdAgBr6,3.3798,False,1.6,1.85,0.79,5,6.0,0.983,47.0,0.79,0.25,0.897171664,0.544132653,0,1,0,0,0.167,0.501530612,1.03,1.82,13,1.67,6.053,0.5517925,3.63,3.11,0.284927536,3.36359,1.535
Cs2KTlBr6,1.3749,True,2.2,1.9,0.79,4,6.0,1.5,19.0,0.8,0.3,0.798614718,0.734693878,0,1,0,0,0.12,0.765306122,2.14,1.34,62,1.67,6.8,0.491176471,3.63,3.34,0.362318841,3.36359,1.22
Cs2KInBr6,2.3584,True,2.2,1.55,0.79,4,5.0,0.8,19.0,0.96,0.65,0.890259029,0.556122449,0,1,0,0,0.58,0.408163265,2.14,1.18,30,1.67,6.1,0.547540984,3.63,3.34,0.193236715,3.36359,1.3
Cs2KScBr6,3.1875,False,2.2,1.6,0.79,4,4.0,0.745,19.0,0.54,0.6,0.898358988,0.542091837,0,1,0,0,0.635,0.380102041,2.14,1.6,2,1.67,6.045,0.552522746,3.63,3.34,0.179951691,3.36359,1.09
Cs2KAlBr6,3.2314,True,2.2,1.25,0.79,4,3.0,0.535,19.0,0.79,0.95,0.930690673,0.488520408,0,1,0,0,0.845,0.272959184,2.14,1.35,6,1.67,5.835,0.572407883,3.63,3.34,0.129227053,3.36359,1.215
Cs2YInBr6,2.9636,True,1.55,1.8,0.79,5,5.0,0.9,49.0,0.56,0.25,0.966295388,0.433673469,0,1,0,0,0.1,0.459183673,1.18,1.74,10,1.67,5.62,0.59430605,3.63,2.76,0.375,3.36359,1.5
Cs2InSbBr6,0.7465,True,1.55,1.45,0.79,5,0.76,51.0,0.8,0.27,0.1,0.990981766,0.397959184,0,1,0,0,0.04,0.91,0.408163265,2.72,2,1.67,5.48,0.609489051,3.63,1.18,0.350877193,3.36359,1.915
Cs2AgMoBr6,0.5337,True,1.6,1.45,0.79,5,5.0,0.69,47.0,0.23,0.15,0.942809042,0.469387755,0,1,0,0,0.46,0.352040816,1.03,0.8,5,1.67,5.76,0.579861111,3.63,3.11,0.2,3.36359,2.045
Cs2CeAgBr6,2.6247,False,1.6,1.85,0.79,5,6.0,1.01,47.0,0.81,0.25,0.893187513,0.551020408,0,1,0,0,0.14,0.515306122,1.03,1.84,11,1.67,6.08,0.549342105,3.63,3.11,0.292753623,3.36359,1.525
Cs2AlInBr6,2.2348,False,1.55,1.25,0.79,5,3.0,0.535,49.0,0.17,0.3,1.033412004,0.340561224,0,1,0,0,0.265,0.272959184,1.18,1.35,36,1.67,5.255,0.635585157,3.63,2.76,0.222916667,3.36359,1.695
Cs2HgSbBr6,0.0,False,1.5,1.45,0.79,6,5.0,0.76,80.0,0.05,0.05,0.939546727,0.474489796,0,1,0,0,0.34,0.387755102,0.96,0.91,29,1.67,5.78,0.577854671,3.63,3.06,0.23030303,3.36359,2.025
Cs2InHgBr6,0.0,False,1.5,1.55,0.79,6,5.0,0.8,80.0,0.22,0.05,0.933089361,0.484693878,0,1,0,0,0.3,0.408163265,0.96,1.18,31,1.67,5.82,0.573883162,3.63,3.06,0.242424242,3.36359,1.89
Cs2GaHgBr6,0.0,False,1.5,1.3,0.79,6,4.0,0.62,80.0,0.19,0.2,0.962868808,0.43877551,0,1,0,0,0.48,0.316326531,0.96,1.15,49,1.67,5.64,0.592198582,3.63,3.06,0.187878788,3.36359,1.905
Cs2HgAuBr6,0.0,False,1.5,1.35,0.79,6,6.0,0.85,80.0,0.54,0.15,0.92514141,0.49744898,0,1,0,0,0.25,0.433673469,0.96,0.42,1,1.67,5.87,0.568994889,3.63,3.06,0.257575758,3.36359,2.27
Cs2PrCuBr6,2.1974,False,1.35,1.85,0.79,4,6.0,0.99,29.0,0.77,0.5,0.956088042,0.448979592,0,1,0,0,0.22,0.505102041,1.06,1.83,30,1.67,5.68,0.588028169,3.63,2.73,0.428571429,3.36359,1.515
Cs2SbAuBr6,0.2823,False,1.35,1.45,0.79,6,5.0,0.76,79.0,0.49,0.1,0.982021714,0.410714286,0,1,0,0,0.09,0.387755102,0.42,0.91,28,1.67,5.53,0.6039783,3.63,2.81,0.298039216,3.36359,2.295
Cs2GaAuBr6,0.0,False,1.35,1.3,0.79,6,4.0,0.62,79.0,0.73,0.05,1.007528772,0.375,0,1,0,0,0.23,0.316326531,0.42,1.15,48,1.67,5.39,0.619666048,3.63,2.81,0.243137255,3.36359,2.175
Cs2AlAuBr6,0.0,False,1.35,1.25,0.79,6,3.0,0.535,79.0,0.93,0.1,1.023672023,0.353316327,0,1,0,0,0.315,0.272959184,0.42,1.35,66,1.67,5.305,0.629594722,3.63,2.81,0.209803922,3.36359,2.075
Cs2TlAgBr6,0.0,False,1.6,1.9,0.79,6,1.5,81.0,1.15,0.31,0.3,0.82657231,0.676020408,0,1,0,0,0.35,1.34,0.586734694,3.46,34,1.67,6.57,0.508371385,3.63,1.03,0.255555556,3.36359,1.775
Cs2ScAgBr6,2.8546,False,1.6,1.6,0.79,5,4.0,0.745,47.0,0.57,0.0,0.933891673,0.483418367,0,1,0,0,0.405,0.380102041,1.03,1.6,26,1.67,5.815,0.574376612,3.63,3.11,0.215942029,3.36359,1.645
Cs2InCuBr6,0.0,False,1.35,1.55,0.79,4,5.0,0.8,29.0,0.12,0.2,0.989176699,0.400510204,0,1,0,0,0.03,0.408163265,1.06,1.18,20,1.67,5.49,0.608378871,3.63,2.73,0.346320346,3.36359,1.84
Cs2ScInBr6,2.1681,True,1.55,1.6,0.79,5,4.0,0.745,49.0,0.42,0.05,0.993701753,0.394132653,0,1,0,0,0.055,0.380102041,1.18,1.6,28,1.67,5.465,0.61116194,3.63,2.76,0.310416667,3.36359,1.57
Cs2GaAgBr6,0.0551,True,1.6,1.3,0.79,5,4.0,0.62,47.0,0.12,0.3,0.954407747,0.451530612,0,1,0,0,0.53,0.316326531,1.03,1.15,16,1.67,5.69,0.586994728,3.63,3.11,0.179710145,3.36359,1.87
Cs2InAgBr6,0.2556,True,1.6,1.55,0.79,5,5.0,0.8,47.0,0.15,0.05,0.92514141,0.49744898,0,1,0,0,0.35,0.408163265,1.03,1.18,2,1.67,5.87,0.568994889,3.63,3.11,0.231884058,3.36359,1.855
Cs2TlCuBr6,0.0,False,1.35,1.9,0.79,6,1.5,81.0,0.77,0.28,0.55,0.877315037,0.579081633,0,1,0,0,0.73,1.34,0.392857143,3.46,52,1.67,6.19,0.539579968,3.63,1.06,0.171111111,3.36359,1.76
Cs2AgAuBr6,0.0,False,1.6,1.35,0.79,5,6.0,0.85,47.0,0.61,0.25,0.917327716,0.510204082,0,1,0,0,0.3,0.433673469,1.03,0.42,32,1.67,5.92,0.564189189,3.63,3.11,0.246376812,3.36359,2.235
Cs2AlAgBr6,1.4697,True,1.6,1.25,0.79,5,3.0,0.535,47.0,0.32,0.35,0.96888137,0.429846939,0,1,0,0,0.615,0.272959184,1.03,1.35,34,1.67,5.605,0.595896521,3.63,3.11,0.155072464,3.36359,1.77
Cs2AgAsBr6,1.1161,False,1.6,1.15,0.79,5,4.0,0.58,47.0,0.25,0.45,0.961164616,0.441326531,0,1,0,0,0.57,0.295918367,1.03,0.78,14,1.67,5.65,0.591150442,3.63,3.11,0.168115942,3.36359,2.055
Cs2LiLaBr6,3.7835,True,1.45,1.95,0.79,2,6.0,1.032,3.0,0.12,0.5,0.950731807,0.457142857,0,1,0,0,0.272,0.526530612,1.98,1.86,54,1.67,5.712,0.584733894,3.63,2.72,0.452631579,3.36359,1.04
Cs2NaYBr6,4.2176,True,1.8,1.8,0.79,3,5.0,0.9,11.0,0.29,0.0,0.929893849,0.489795918,0,1,0,0,0.12,0.459183673,2.03,1.74,28,1.67,5.84,0.571917808,3.63,2.98,0.294117647,3.36359,1.075
Cs2LiInBr6,1.318,True,1.45,1.55,0.79,2,5.0,0.8,3.0,0.8,0.1,0.990981766,0.397959184,0,1,0,0,0.04,0.408163265,1.98,1.18,46,1.67,5.48,0.609489051,3.63,2.72,0.350877193,3.36359,1.38
Cs2RbInBr6,2.4963,True,2.35,1.55,0.79,5,5.0,0.8,37.0,0.96,0.8,0.870285269,0.591836735,0,1,0,0,0.72,0.408163265,2.14,1.18,12,1.67,6.24,0.53525641,3.63,3.48,0.175438596,3.36359,1.3
Cs2NaInBr6,1.8935,True,1.8,1.55,0.79,3,5.0,0.8,11.0,0.85,0.25,0.946094091,0.464285714,0,1,0,0,0.22,0.408163265,2.03,1.18,38,1.67,5.74,0.581881533,3.63,2.98,0.261437908,3.36359,1.355
Cs2TlInBr6,1.8255,False,1.9,1.55,0.79,6,5.0,0.8,81.0,0.16,0.35,0.873083614,0.586734694,0,1,0,0,0.7,0.408163265,1.34,1.18,32,1.67,6.22,0.536977492,3.63,3.46,0.177777778,3.36359,1.7
Cs2TlSbI6,0.9367,True,1.9,1.45,0.79,6,5.0,0.76,81.0,0.43,0.45,0.866365065,0.513636364,0,0,1,0,0.74,0.345454545,1.04,0.61,30,1.67,6.66,0.501501502,3.87,3.7,0.168888889,3.05904,1.835
Cs2TlInI6,1.4001,False,1.9,1.55,0.79,6,5.0,0.8,81.0,0.16,0.35,0.861192736,0.522727273,0,0,1,0,0.7,0.363636364,1.04,0.88,32,1.67,6.7,0.498507463,3.87,3.7,0.177777778,3.05904,1.7
Cs2TlGaI6,0.574,False,1.9,1.3,0.79,6,4.0,0.62,81.0,0.19,0.6,0.884967996,0.481818182,0,0,1,0,0.88,0.281818182,1.04,0.85,50,1.67,6.52,0.512269939,3.87,3.7,0.137777778,3.05904,1.715
Cs2AlTlI6,1.5911,False,1.9,1.25,0.79,6,3.0,0.535,81.0,0.01,0.65,0.89665755,0.4625,0,0,1,0,0.965,0.243181818,1.04,1.05,68,1.67,6.435,0.519036519,3.87,3.7,0.118888889,3.05904,1.615
Cs2RbScI6,2.3929,False,2.35,1.6,0.79,5,4.0,0.745,37.0,0.54,0.75,0.865715129,0.514772727,0,0,1,0,0.775,0.338636364,1.84,1.3,16,1.67,6.665,0.501125281,3.87,3.72,0.163377193,3.05904,1.09
Cs2RbAsI6,2.286,False,2.35,1.15,0.79,5,4.0,0.58,37.0,1.36,1.2,0.887690975,0.477272727,0,0,1,0,0.94,0.263636364,1.84,0.48,4,1.67,6.5,0.513846154,3.87,3.72,0.127192982,3.05904,1.5
Cs2RbAlI6,1.8835,True,2.35,1.25,0.79,5,3.0,0.535,37.0,0.79,1.1,0.89387937,0.467045455,0,0,1,0,0.985,0.243181818,1.84,1.05,24,1.67,6.455,0.51742835,3.87,3.72,0.117324561,3.05904,1.215
Cs2NaYI6,3.1517,True,1.8,1.8,0.79,3,5.0,0.9,11.0,0.29,0.0,0.912973312,0.436363636,0,0,1,0,0.12,0.409090909,1.73,1.44,28,1.67,6.32,0.528481013,3.87,3.22,0.294117647,3.05904,1.075
Cs2NaTlI6,0.0817,False,1.8,1.9,0.79,3,6.0,1.5,11.0,0.69,0.1,0.833813777,0.572727273,0,0,1,0,0.48,0.681818182,1.73,1.04,70,1.67,6.92,0.48265896,3.87,3.22,0.490196078,3.05904,1.275
Cs2NaSbI6,1.8895,False,1.8,1.45,0.79,3,5.0,0.76,11.0,1.12,0.35,0.933655556,0.404545455,0,0,1,0,0.26,0.345454545,1.73,0.61,40,1.67,6.18,0.540453074,3.87,3.22,0.248366013,3.05904,1.49
Cs2NaScI6,2.2294,False,1.8,1.6,0.79,3,4.0,0.745,11.0,0.43,0.2,0.935927224,0.401136364,0,0,1,0,0.275,0.338636364,1.73,1.3,10,1.67,6.165,0.541768045,3.87,3.22,0.243464052,3.05904,1.145
Cs2NaPrI6,3.1147,True,1.8,1.85,0.79,3,6.0,0.99,11.0,0.2,0.05,0.900154654,0.456818182,0,0,1,0,0.03,0.45,1.73,1.53,48,1.67,6.41,0.521060842,3.87,3.22,0.323529412,3.05904,1.03
Cs2NaMoI6,1.0847,True,1.8,1.45,0.79,3,5.0,0.69,11.0,1.23,0.35,0.944352101,0.388636364,0,0,1,0,0.33,0.313636364,1.73,0.5,31,1.67,6.11,0.546644845,3.87,3.22,0.225490196,3.05904,1.545
Cs2NaInI6,0.6998,True,1.8,1.55,0.79,3,5.0,0.8,11.0,0.85,0.25,0.92765134,0.413636364,0,0,1,0,0.22,0.363636364,1.73,0.88,38,1.67,6.22,0.536977492,3.87,3.22,0.261437908,3.05904,1.355
Cs2RbGaI6,0.9753,True,2.35,1.3,0.79,5,4.0,0.62,37.0,0.99,1.05,0.882261672,0.486363636,0,0,1,0,0.9,0.281818182,1.84,0.85,6,1.67,6.54,0.510703364,3.87,3.72,0.135964912,3.05904,1.315
Cs2YTlI6,3.0866,True,1.9,1.8,0.79,6,5.0,0.9,81.0,0.4,0.1,0.848528137,0.545454545,0,0,1,0,0.6,0.409090909,1.04,1.44,42,1.67,6.8,0.491176471,3.87,3.7,0.2,3.05904,1.42
Cs2ScTlI6,2.4146,False,1.9,1.6,0.79,6,4.0,0.745,81.0,0.26,0.3,0.868320743,0.510227273,0,0,1,0,0.755,0.338636364,1.04,1.3,60,1.67,6.645,0.502633559,3.87,3.7,0.165555556,3.05904,1.49
Cs2TlBiI6,1.3773,True,1.9,1.6,0.79,6,6.0,1.03,81.0,0.4,0.3,0.832610582,0.575,0,0,1,0,0.47,0.468181818,1.04,0.64,2,1.67,6.93,0.481962482,3.87,3.7,0.228888889,3.05904,1.82
Cs2RbYI6,3.3296,False,2.35,1.8,0.79,5,5.0,0.9,37.0,0.4,0.55,0.846039785,0.55,0,0,1,0,0.62,0.409090909,1.84,1.44,2,1.67,6.82,0.48973607,3.87,3.72,0.197368421,3.05904,1.02
Cs2RbTlI6,0.6116,True,2.35,1.9,0.79,5,6.0,1.5,37.0,0.8,0.45,0.777626864,0.686363636,0,0,1,0,0.02,0.681818182,1.84,1.04,44,1.67,7.42,0.450134771,3.87,3.72,0.328947368,3.05904,1.22
Cs2RbSbI6,2.3768,True,2.35,1.45,0.79,5,5.0,0.76,37.0,1.23,0.9,0.863771158,0.518181818,0,0,1,0,0.76,0.345454545,1.84,0.61,14,1.67,6.68,0.5,3.87,3.72,0.166666667,3.05904,1.435
Cs2RbInI6,1.3972,True,2.35,1.55,0.79,5,5.0,0.8,37.0,0.96,0.8,0.858629663,0.527272727,0,0,1,0,0.72,0.363636364,1.84,0.88,12,1.67,6.72,0.49702381,3.87,3.72,0.175438596,3.05904,1.3
Cs2TlAsI6,1.0046,True,1.9,1.15,0.79,6,4.0,0.58,81.0,0.56,0.75,0.890430761,0.472727273,0,0,1,0,0.92,0.263636364,1.04,0.48,48,1.67,6.48,0.515432099,3.87,3.7,0.128888889,3.05904,1.9
Cs2NaCeI6,2.3813,False,1.8,1.85,0.79,3,6.0,1.01,11.0,0.19,0.05,0.897354795,0.461363636,0,0,1,0,0.01,0.459090909,1.73,1.54,47,1.67,6.43,0.519440124,3.87,3.22,0.330065359,3.05904,1.025
Cs2NaBiI6,2.1074,False,1.8,1.6,0.79,3,6.0,1.03,11.0,1.09,0.2,0.8945723,0.465909091,0,0,1,0,0.01,0.468181818,1.73,0.64,72,1.67,6.45,0.517829457,3.87,3.22,0.336601307,3.05904,1.475
Cs2LiYI6,3.0085,True,1.45,1.8,0.79,2,5.0,0.9,3.0,0.24,0.35,0.952143785,0.377272727,0,0,1,0,0.14,0.409090909,1.68,1.44,36,1.67,6.06,0.551155116,3.87,2.96,0.394736842,3.05904,1.1
Cs2LiSbI6,1.7376,False,1.45,1.45,0.79,2,5.0,0.76,3.0,1.07,0.0,0.974660698,0.345454545,0,0,1,0,0.0,0.345454545,1.68,0.61,48,1.67,5.92,0.564189189,3.87,2.96,0.333333333,3.05904,1.515
Cs2LiCeI6,0.2572,False,1.45,1.85,0.79,2,6.0,1.01,3.0,0.14,0.4,0.935168774,0.402272727,0,0,1,0,0.25,0.459090909,1.68,1.54,55,1.67,6.17,0.541329011,3.87,2.96,0.442982456,3.05904,1.05
Cs2KYI6,3.2816,False,2.2,1.8,0.79,4,5.0,0.9,19.0,0.4,0.4,0.863771158,0.518181818,0,0,1,0,0.48,0.409090909,1.84,1.44,20,1.67,6.68,0.5,3.87,3.58,0.217391304,3.05904,1.02
Cs2KTlI6,0.5223,True,2.2,1.9,0.79,4,6.0,1.5,19.0,0.8,0.3,0.792581227,0.654545455,0,0,1,0,0.12,0.681818182,1.84,1.04,62,1.67,7.28,0.458791209,3.87,3.58,0.362318841,3.05904,1.22
Cs2KSbI6,2.441,False,2.2,1.45,0.79,4,5.0,0.76,19.0,1.23,0.75,0.882261672,0.486363636,0,0,1,0,0.62,0.345454545,1.84,0.61,32,1.67,6.54,0.510703364,3.87,3.58,0.183574879,3.05904,1.435
Cs2KScI6,2.3591,False,2.2,1.6,0.79,4,4.0,0.745,19.0,0.54,0.6,0.88428986,0.482954545,0,0,1,0,0.635,0.338636364,1.84,1.3,2,1.67,6.525,0.511877395,3.87,3.58,0.179951691,3.05904,1.09
Cs2KGaI6,0.8284,True,2.2,1.3,0.79,4,4.0,0.62,19.0,0.99,0.9,0.901561146,0.454545455,0,0,1,0,0.76,0.281818182,1.84,0.85,12,1.67,6.4,0.521875,3.87,3.58,0.149758454,3.05904,1.315
Cs2KCeI6,0.2768,False,2.2,1.85,0.79,4,6.0,1.01,19.0,0.3,0.35,0.849777811,0.543181818,0,0,1,0,0.37,0.459090909,1.84,1.54,39,1.67,6.79,0.491899853,3.87,3.58,0.243961353,3.05904,0.97
Cs2KAsI6,1.8435,False,2.2,1.15,0.79,4,4.0,0.58,19.0,1.36,1.05,0.907231342,0.445454545,0,0,1,0,0.8,0.263636364,1.84,0.48,14,1.67,6.36,0.525157233,3.87,3.58,0.140096618,3.05904,1.5
Cs2YInI6,0.0509,False,1.55,1.8,0.79,5,5.0,0.9,49.0,0.56,0.25,0.945900219,0.386363636,0,0,1,0,0.1,0.409090909,0.88,1.44,10,1.67,6.1,0.547540984,3.87,3.0,0.375,3.05904,1.5
Cs2LiNdI6,2.9743,True,1.45,1.85,0.79,2,6.0,0.983,3.0,0.16,0.4,0.939279071,0.396136364,0,0,1,0,0.223,0.446818182,1.68,1.52,57,1.67,6.143,0.543708286,3.87,2.96,0.431140351,3.05904,1.06
Cs2LiMoI6,0.9856,True,1.45,1.45,0.79,2,5.0,0.69,3.0,1.18,0.0,0.986323305,0.329545455,0,0,1,0,0.07,0.313636364,1.68,0.5,39,1.67,5.85,0.570940171,3.87,2.96,0.302631579,3.05904,1.57
Cs2LiBiI6,1.9323,False,1.45,1.6,0.79,2,6.0,1.03,3.0,1.04,0.15,0.932147227,0.406818182,0,0,1,0,0.27,0.468181818,1.68,0.64,80,1.67,6.19,0.539579968,3.87,2.96,0.451754386,3.05904,1.5
Cs2YCuI6,1.7212,False,1.35,1.8,0.79,4,5.0,0.9,29.0,0.68,0.45,0.950575179,0.379545455,0,0,1,0,0.13,0.409090909,0.76,1.44,10,1.67,6.07,0.550247117,3.87,2.97,0.38961039,3.05904,1.56
Cs2CuSbI6,0.6998,False,1.35,1.45,0.79,4,5.0,0.76,29.0,0.15,0.1,0.973017088,0.347727273,0,0,1,0,0.01,0.345454545,0.76,0.61,22,1.67,5.93,0.563237774,3.87,2.97,0.329004329,3.05904,1.975
Cs2PrCuI6,1.7764,False,1.35,1.85,0.79,4,6.0,0.99,29.0,0.77,0.5,0.936686905,0.4,0,0,1,0,0.22,0.45,0.76,1.53,30,1.67,6.16,0.542207792,3.87,2.97,0.428571429,3.05904,1.515
Cs2NdCuI6,1.7889,False,1.35,1.85,0.79,4,6.0,0.983,29.0,0.76,0.5,0.937752533,0.398409091,0,0,1,0,0.213,0.446818182,0.76,1.52,31,1.67,6.153,0.542824638,3.87,2.97,0.425541126,3.05904,1.52
Cs2CuMoI6,0.0872,True,1.35,1.45,0.79,4,5.0,0.69,29.0,0.26,0.1,0.984640159,0.331818182,0,0,1,0,0.08,0.313636364,0.76,0.5,13,1.67,5.86,0.56996587,3.87,2.97,0.298701299,3.05904,2.03
Cs2InBiI6,0.5816,True,1.55,1.6,0.79,6,1.03,83.0,0.8,0.24,0.05,0.926162333,0.415909091,0,0,1,0,0.23,0.64,0.363636364,3.23,34,1.67,6.23,0.53611557,3.87,0.88,0.258899676,3.05904,1.9
Cs2InAsI6,0.129,True,1.55,1.15,0.79,4,0.58,33.0,0.8,0.4,0.4,0.998268397,0.313636364,0,0,1,0,0.22,0.48,0.363636364,2.78,16,1.67,5.78,0.577854671,3.87,0.88,0.459770115,3.05904,1.98
Cs2YHgI6,0.0,False,1.5,1.8,0.79,6,5.0,0.9,80.0,0.78,0.3,0.901561146,0.454545455,0,0,1,0,0.2,0.409090909,0.66,1.44,41,1.67,6.4,0.521875,3.87,3.3,0.272727273,3.05904,1.61
Cs2AlInI6,0.9566,False,1.55,1.25,0.79,5,3.0,0.535,49.0,0.17,0.3,1.006101366,0.303409091,0,0,1,0,0.265,0.243181818,0.88,1.05,36,1.67,5.735,0.58238884,3.87,3.0,0.222916667,3.05904,1.695
Cs2ScHgI6,0.0,False,1.5,1.6,0.79,6,4.0,0.745,80.0,0.64,0.1,0.923937764,0.419318182,0,0,1,0,0.355,0.338636364,0.66,1.3,59,1.67,6.245,0.534827862,3.87,3.3,0.225757576,3.05904,1.68
Cs2InHgI6,0.0,False,1.5,1.55,0.79,6,5.0,0.8,80.0,0.22,0.05,0.91587164,0.431818182,0,0,1,0,0.3,0.363636364,0.66,0.88,31,1.67,6.3,0.53015873,3.87,3.3,0.242424242,3.05904,1.89
Cs2GaHgI6,0.0,False,1.5,1.3,0.79,6,4.0,0.62,80.0,0.19,0.2,0.942809042,0.390909091,0,0,1,0,0.48,0.281818182,0.66,0.85,49,1.67,6.12,0.545751634,3.87,3.3,0.187878788,3.05904,1.905
Cs2HgAsI6,0.0,False,1.5,1.15,0.79,6,4.0,0.58,80.0,0.18,0.35,0.949011733,0.381818182,0,0,1,0,0.52,0.263636364,0.66,0.48,47,1.67,6.08,0.549342105,3.87,3.3,0.175757576,3.05904,2.09
Cs2YAuI6,1.1517,False,1.35,1.8,0.79,6,5.0,0.9,79.0,1.32,0.45,0.938209973,0.397727273,0,0,1,0,0.05,0.409090909,0.12,1.44,40,1.67,6.15,0.543089431,3.87,3.05,0.352941176,3.05904,1.88
Cs2SbAuI6,0.0,False,1.35,1.45,0.79,6,5.0,0.76,79.0,0.49,0.1,0.960065114,0.365909091,0,0,1,0,0.09,0.345454545,0.12,0.61,28,1.67,6.01,0.555740433,3.87,3.05,0.298039216,3.05904,2.295
Cs2ScAuI6,1.0839,False,1.35,1.6,0.79,6,4.0,0.745,79.0,1.18,0.25,0.962467278,0.3625,0,0,1,0,0.105,0.338636364,0.12,1.3,58,1.67,5.995,0.557130942,3.87,3.05,0.292156863,3.05904,1.95
Cs2GaAuI6,0.0,False,1.35,1.3,0.79,6,4.0,0.62,79.0,0.73,0.05,0.982962749,0.334090909,0,0,1,0,0.23,0.281818182,0.12,0.85,48,1.67,5.87,0.568994889,3.87,3.05,0.243137255,3.05904,2.175
Cs2AsAuI6,0.0,False,1.35,1.15,0.79,6,4.0,0.58,79.0,0.36,0.2,0.989706918,0.325,0,0,1,0,0.27,0.263636364,0.12,0.48,46,1.67,5.83,0.572898799,3.87,3.05,0.22745098,3.05904,2.36
Cs2YAgI6,2.4594,False,1.6,1.8,0.79,5,5.0,0.9,47.0,0.71,0.2,0.8945723,0.465909091,0,0,1,0,0.25,0.409090909,0.73,1.44,8,1.67,6.45,0.517829457,3.87,3.35,0.260869565,3.05904,1.575
Cs2AlAuI6,0.0,False,1.35,1.25,0.79,6,3.0,0.535,79.0,0.93,0.1,0.997405589,0.314772727,0,0,1,0,0.315,0.243181818,0.12,1.05,66,1.67,5.785,0.577355229,3.87,3.05,0.209803922,3.05904,2.075
Cs2TlAgI6,0.0,False,1.6,1.9,0.79,6,1.5,81.0,1.15,0.31,0.3,0.818438487,0.602272727,0,0,1,0,0.35,1.04,0.522727273,3.7,34,1.67,7.05,0.473758865,3.87,0.73,0.255555556,3.05904,1.775
Cs2ScAgI6,2.0571,False,1.6,1.6,0.79,5,4.0,0.745,47.0,0.57,0.0,0.9165991,0.430681818,0,0,1,0,0.405,0.338636364,0.73,1.3,26,1.67,6.295,0.530579825,3.87,3.35,0.215942029,3.05904,1.645
Cs2AgSbI6,0.4387,False,1.6,1.45,0.79,5,5.0,0.76,47.0,0.12,0.15,0.91442018,0.434090909,0,0,1,0,0.39,0.345454545,0.73,0.61,4,1.67,6.31,0.529318542,3.87,3.35,0.220289855,3.05904,1.99
Cs2PrAgI6,2.5343,False,1.6,1.85,0.79,5,6.0,0.99,47.0,0.8,0.25,0.882261672,0.486363636,0,0,1,0,0.16,0.45,0.73,1.53,12,1.67,6.54,0.510703364,3.87,3.35,0.286956522,3.05904,1.53
Cs2LiPrI6,2.9609,True,1.45,1.85,0.79,2,6.0,0.99,3.0,0.15,0.4,0.938209973,0.397727273,0,0,1,0,0.23,0.45,1.68,1.53,56,1.67,6.15,0.543089431,3.87,2.96,0.434210526,3.05904,1.055
Cs2KPrI6,3.2328,True,2.2,1.85,0.79,4,6.0,0.99,19.0,0.31,0.35,0.852288233,0.538636364,0,0,1,0,0.39,0.45,1.84,1.53,40,1.67,6.77,0.493353028,3.87,3.58,0.239130435,3.05904,0.975
Cs2KNdI6,3.2412,True,2.2,1.85,0.79,4,6.0,0.983,19.0,0.32,0.35,0.853170388,0.537045455,0,0,1,0,0.397,0.446818182,1.84,1.52,41,1.67,6.763,0.49386367,3.87,3.58,0.237439614,3.05904,0.98
Cs2KMoI6,1.4527,True,2.2,1.45,0.79,4,5.0,0.69,19.0,1.34,0.75,0.891807007,0.470454545,0,0,1,0,0.69,0.313636364,1.84,0.5,23,1.67,6.47,0.516228748,3.87,3.58,0.166666667,3.05904,1.49
Cs2KInI6,1.2626,True,2.2,1.55,0.79,4,5.0,0.8,19.0,0.96,0.65,0.876898379,0.495454545,0,0,1,0,0.58,0.363636364,1.84,0.88,30,1.67,6.58,0.507598784,3.87,3.58,0.193236715,3.05904,1.3
Cs2KBiI6,2.6566,False,2.2,1.6,0.79,4,6.0,1.03,19.0,1.2,0.6,0.847282134,0.547727273,0,0,1,0,0.35,0.468181818,1.84,0.64,64,1.67,6.81,0.490455213,3.87,3.58,0.248792271,3.05904,1.42
Cs2KAlI6,1.7447,True,2.2,1.25,0.79,4,3.0,0.535,19.0,0.79,0.95,0.913696173,0.435227273,0,0,1,0,0.845,0.243181818,1.84,1.05,6,1.67,6.315,0.528899446,3.87,3.58,0.129227053,3.05904,1.215
Cs2ScInI6,1.9468,True,1.55,1.6,0.79,5,4.0,0.745,49.0,0.42,0.05,0.970562041,0.351136364,0,0,1,0,0.055,0.338636364,0.88,1.3,28,1.67,5.945,0.561816653,3.87,3.0,0.310416667,3.05904,1.57
Cs2CuBiI6,0.3531,False,1.35,1.6,0.79,4,6.0,1.03,29.0,0.12,0.25,0.930643764,0.409090909,0,0,1,0,0.26,0.468181818,0.76,0.64,54,1.67,6.2,0.538709677,3.87,2.97,0.445887446,3.05904,1.96
Cs2InGaI6,0.2835,False,1.3,1.55,0.79,4,5.0,0.8,31.0,0.03,0.25,0.991407446,0.322727273,0,0,1,0,0.18,0.363636364,0.85,0.88,18,1.67,5.82,0.573883162,3.87,2.82,0.430107527,3.05904,1.795
Cs2AgBiI6,0.8526,False,1.6,1.6,0.79,5,6.0,1.03,47.0,0.09,0.0,0.876898379,0.495454545,0,0,1,0,0.12,0.468181818,0.73,0.64,36,1.67,6.58,0.507598784,3.87,3.35,0.298550725,3.05904,1.975
Cs2NdAgI6,2.5429,False,1.6,1.85,0.79,5,6.0,0.983,47.0,0.79,0.25,0.883207001,0.484772727,0,0,1,0,0.167,0.446818182,0.73,1.52,13,1.67,6.533,0.511250574,3.87,3.35,0.284927536,3.05904,1.535
Cs2CeAgI6,0.2136,False,1.6,1.85,0.79,5,6.0,1.01,47.0,0.81,0.25,0.87957185,0.490909091,0,0,1,0,0.14,0.459090909,0.73,1.54,11,1.67,6.56,0.509146341,3.87,3.35,0.292753623,3.05904,1.525
Cs2TlHgI6,0.0,False,1.5,1.9,0.79,6,1.5,81.0,1.1,0.38,0.4,0.824284476,0.590909091,0,0,1,0,0.4,1.04,0.5,3.7,1,1.67,7.0,0.477142857,3.87,0.66,0.244444444,3.05904,1.81
Cs2InSbI6,0.5824,False,1.55,1.45,0.79,5,0.76,51.0,0.8,0.27,0.1,0.968119351,0.354545455,0,0,1,0,0.04,0.61,0.363636364,2.96,2,1.67,5.96,0.560402685,3.87,0.88,0.350877193,3.05904,1.915
Cs2HgSbI6,0.0,False,1.5,1.45,0.79,6,5.0,0.76,80.0,0.05,0.05,0.921723855,0.422727273,0,0,1,0,0.34,0.345454545,0.66,0.61,29,1.67,6.26,0.533546326,3.87,3.3,0.23030303,3.05904,2.025
Cs2HgBiI6,0.0,False,1.5,1.6,0.79,6,6.0,1.03,80.0,0.02,0.1,0.883612762,0.484090909,0,0,1,0,0.07,0.468181818,0.66,0.64,3,1.67,6.53,0.511485452,3.87,3.3,0.312121212,3.05904,2.01
Cs2CeCuI6,0.206,False,1.35,1.85,0.79,4,6.0,1.01,29.0,0.78,0.5,0.933655556,0.404545455,0,0,1,0,0.24,0.459090909,0.76,1.54,29,1.67,6.18,0.540453074,3.87,2.97,0.437229437,3.05904,1.51
Cs2TlAuI6,0.0,False,1.9,1.35,0.79,6,6.0,0.85,81.0,0.92,0.55,0.854813531,0.534090909,0,0,1,0,0.65,0.386363636,1.04,0.12,2,1.67,6.75,0.494814815,3.87,3.7,0.188888889,3.05904,2.08
Cs2InAuI6,0.0,False,1.55,1.35,0.79,6,0.85,79.0,0.8,0.76,0.2,0.953717576,0.375,0,0,1,0,0.05,0.12,0.363636364,3.05,30,1.67,6.05,0.552066116,3.87,0.88,0.31372549,3.05904,2.16
Cs2BiAuI6,0.0,False,1.6,1.35,0.79,6,0.85,79.0,1.03,0.52,0.25,0.918788429,0.427272727,0,0,1,0,0.18,0.12,0.468181818,3.05,4,1.67,6.28,0.531847134,3.87,0.64,0.403921569,3.05904,2.28
Cs2InAgI6,0.0,False,1.6,1.55,0.79,5,5.0,0.8,47.0,0.15,0.05,0.908660053,0.443181818,0,0,1,0,0.35,0.363636364,0.73,0.88,2,1.67,6.35,0.525984252,3.87,3.35,0.231884058,3.05904,1.855
Cs2GaAgI6,0.0,False,1.6,1.3,0.79,5,4.0,0.62,47.0,0.12,0.3,0.935168774,0.402272727,0,0,1,0,0.53,0.281818182,0.73,0.85,16,1.67,6.17,0.541329011,3.87,3.35,0.179710145,3.05904,1.87
Rb2NaMoI6,1.0856,True,1.8,1.45,0.82,3,5.0,0.69,11.0,1.23,0.35,0.907318685,0.388636364,0,0,1,0,0.33,0.313636364,1.73,0.5,31,1.52,6.11,0.497545008,3.72,3.22,0.225490196,3.05904,1.545
Rb2LiYI6,2.9884,True,1.45,1.8,0.82,2,5.0,0.9,3.0,0.24,0.35,0.914804813,0.377272727,0,0,1,0,0.14,0.409090909,1.68,1.44,36,1.52,6.06,0.501650165,3.72,2.96,0.394736842,3.05904,1.1
Rb2LiSbI6,1.7215,False,1.45,1.45,0.82,2,5.0,0.76,3.0,1.07,0.0,0.93643871,0.345454545,0,0,1,0,0.0,0.345454545,1.68,0.61,48,1.52,5.92,0.513513514,3.72,2.96,0.333333333,3.05904,1.515
Rb2LiPrI6,2.9512,True,1.45,1.85,0.82,2,6.0,0.99,3.0,0.15,0.4,0.901417425,0.397727273,0,0,1,0,0.23,0.45,1.68,1.53,56,1.52,6.15,0.494308943,3.72,2.96,0.434210526,3.05904,1.055
Rb2LiNdI6,2.9632,True,1.45,1.85,0.82,2,6.0,0.983,3.0,0.16,0.4,0.902444598,0.396136364,0,0,1,0,0.223,0.446818182,1.68,1.52,57,1.52,6.143,0.494872212,3.72,2.96,0.431140351,3.05904,1.06
Rb2LiMoI6,0.9752,True,1.45,1.45,0.82,2,5.0,0.69,3.0,1.18,0.0,0.94764396,0.329545455,0,0,1,0,0.07,0.313636364,1.68,0.5,39,1.52,5.85,0.51965812,3.72,2.96,0.302631579,3.05904,1.57
Rb2LiCeI6,2.1287,False,1.45,1.85,0.82,2,6.0,1.01,3.0,0.14,0.4,0.898495489,0.402272727,0,0,1,0,0.25,0.459090909,1.68,1.54,55,1.52,6.17,0.492706645,3.72,2.96,0.442982456,3.05904,1.05
Rb2LiBiI6,1.9334,False,1.45,1.6,0.82,2,6.0,1.03,3.0,1.04,0.15,0.895592434,0.406818182,0,0,1,0,0.27,0.468181818,1.68,0.64,80,1.52,6.19,0.491114701,3.72,2.96,0.451754386,3.05904,1.5
Rb2YCuI6,1.7585,False,1.35,1.8,0.82,4,5.0,0.9,29.0,0.68,0.45,0.913297721,0.379545455,0,0,1,0,0.13,0.409090909,0.76,1.44,10,1.52,6.07,0.500823723,3.72,2.97,0.38961039,3.05904,1.56
Rb2CuSbI6,0.7008,False,1.35,1.45,0.82,4,5.0,0.76,29.0,0.15,0.1,0.934859556,0.347727273,0,0,1,0,0.01,0.345454545,0.76,0.61,22,1.52,5.93,0.512647555,3.72,2.97,0.329004329,3.05904,1.975
Rb2PrCuI6,1.7961,False,1.35,1.85,0.82,4,6.0,0.99,29.0,0.77,0.5,0.899954085,0.4,0,0,1,0,0.22,0.45,0.76,1.53,30,1.52,6.16,0.493506494,3.72,2.97,0.428571429,3.05904,1.515
Rb2NdCuI6,1.8116,False,1.35,1.85,0.82,4,6.0,0.983,29.0,0.76,0.5,0.900977924,0.398409091,0,0,1,0,0.213,0.446818182,0.76,1.52,31,1.52,6.153,0.494067934,3.72,2.97,0.425541126,3.05904,1.52
Rb2CuBiI6,0.3311,False,1.35,1.6,0.82,4,6.0,1.03,29.0,0.12,0.25,0.89414793,0.409090909,0,0,1,0,0.26,0.468181818,0.76,0.64,54,1.52,6.2,0.490322581,3.72,2.97,0.445887446,3.05904,1.96
Rb2NaYI6,3.1384,True,1.8,1.8,0.82,3,5.0,0.9,11.0,0.29,0.0,0.877170437,0.436363636,0,0,1,0,0.12,0.409090909,1.73,1.44,28,1.52,6.32,0.481012658,3.72,3.22,0.294117647,3.05904,1.075
Rb2NaSbI6,1.8884,False,1.8,1.45,0.82,3,5.0,0.76,11.0,1.12,0.35,0.897041612,0.404545455,0,0,1,0,0.26,0.345454545,1.73,0.61,40,1.52,6.18,0.491909385,3.72,3.22,0.248366013,3.05904,1.49
Rb2NaPrI6,3.112,True,1.8,1.85,0.82,3,6.0,0.99,11.0,0.2,0.05,0.864854472,0.456818182,0,0,1,0,0.03,0.45,1.73,1.53,48,1.52,6.41,0.47425897,3.72,3.22,0.323529412,3.05904,1.03
Rb2NaNdI6,3.1233,True,1.8,1.85,0.82,3,6.0,0.983,11.0,0.21,0.05,0.865799963,0.455227273,0,0,1,0,0.037,0.446818182,1.73,1.52,49,1.52,6.403,0.474777448,3.72,3.22,0.32124183,3.05904,1.035
Rb2NaCeI6,0.2617,False,1.8,1.85,0.82,3,6.0,1.01,11.0,0.19,0.05,0.862164411,0.461363636,0,0,1,0,0.01,0.459090909,1.73,1.54,47,1.52,6.43,0.472783826,3.72,3.22,0.330065359,3.05904,1.025
Rb2NaBiI6,2.1072,False,1.8,1.6,0.82,3,6.0,1.03,11.0,1.09,0.2,0.859491033,0.465909091,0,0,1,0,0.01,0.468181818,1.73,0.64,72,1.52,6.45,0.471317829,3.72,3.22,0.336601307,3.05904,1.475
Rb2YAgI6,2.4885,False,1.6,1.8,0.82,5,5.0,0.9,47.0,0.71,0.2,0.859491033,0.465909091,0,0,1,0,0.25,0.409090909,0.73,1.44,8,1.52,6.45,0.471317829,3.72,3.35,0.260869565,3.05904,1.575
Rb2AgSbI6,0.4095,False,1.6,1.45,0.82,5,5.0,0.76,47.0,0.12,0.15,0.878560565,0.434090909,0,0,1,0,0.39,0.345454545,0.73,0.61,4,1.52,6.31,0.48177496,3.72,3.35,0.220289855,3.05904,1.99
Rb2AgMoI6,0.694,True,1.6,1.45,0.82,5,5.0,0.69,47.0,0.23,0.15,0.888416212,0.418181818,0,0,1,0,0.46,0.313636364,0.73,0.5,5,1.52,6.24,0.487179487,3.72,3.35,0.2,3.05904,2.045
Rb2AgBiI6,0.8273,False,1.6,1.6,0.82,5,6.0,1.03,47.0,0.09,0.0,0.842510207,0.495454545,0,0,1,0,0.12,0.468181818,0.73,0.64,36,1.52,6.58,0.462006079,3.72,3.35,0.298550725,3.05904,1.975
Rb2PrAgI6,2.5438,False,1.6,1.85,0.82,5,6.0,0.99,47.0,0.8,0.25,0.847663175,0.486363636,0,0,1,0,0.16,0.45,0.73,1.53,12,1.52,6.54,0.464831804,3.72,3.35,0.286956522,3.05904,1.53
Rb2NdAgI6,2.5524,False,1.6,1.85,0.82,5,6.0,0.983,47.0,0.79,0.25,0.848571432,0.484772727,0,0,1,0,0.167,0.446818182,0.73,1.52,13,1.52,6.533,0.465329864,3.72,3.35,0.284927536,3.05904,1.535
Rb2CeAgI6,0.2128,False,1.6,1.85,0.82,5,6.0,1.01,47.0,0.81,0.25,0.845078836,0.490909091,0,0,1,0,0.14,0.459090909,0.73,1.54,11,1.52,6.56,0.463414634,3.72,3.35,0.292753623,3.05904,1.525
Rb2HgBiI6,0.0,False,1.5,1.6,0.82,6,6.0,1.03,80.0,0.02,0.1,0.848961281,0.484090909,0,0,1,0,0.07,0.468181818,0.66,0.64,3,1.52,6.53,0.465543645,3.72,3.3,0.312121212,3.05904,2.01
Rb2HgSbI6,0.0,False,1.5,1.45,0.82,6,5.0,0.76,80.0,0.05,0.05,0.885577822,0.422727273,0,0,1,0,0.34,0.345454545,0.66,0.61,29,1.52,6.26,0.485623003,3.72,3.3,0.23030303,3.05904,2.025
Rb2YAuI6,1.1678,False,1.35,1.8,0.82,6,5.0,0.9,79.0,1.32,0.45,0.901417425,0.397727273,0,0,1,0,0.05,0.409090909,0.12,1.44,40,1.52,6.15,0.494308943,3.72,3.05,0.352941176,3.05904,1.88
Rb2TlAuI6,0.0,False,1.9,1.35,0.82,6,6.0,0.85,81.0,0.92,0.55,0.821291432,0.534090909,0,0,1,0,0.65,0.386363636,1.04,0.12,2,1.52,6.75,0.45037037,3.72,3.7,0.188888889,3.05904,2.08
Rb2ScAuI6,1.1384,False,1.35,1.6,0.82,6,4.0,0.745,79.0,1.18,0.25,0.924723464,0.3625,0,0,1,0,0.105,0.338636364,0.12,1.3,58,1.52,5.995,0.507089241,3.72,3.05,0.292156863,3.05904,1.95
Rb2SbAuI6,0.0,False,1.35,1.45,0.82,6,5.0,0.76,79.0,0.49,0.1,0.922415502,0.365909091,0,0,1,0,0.09,0.345454545,0.12,0.61,28,1.52,6.01,0.505823627,3.72,3.05,0.298039216,3.05904,2.295
Rb2InAuI6,0.0,False,1.55,1.35,0.82,6,0.85,79.0,0.8,0.76,0.2,0.916316887,0.375,0,0,1,0,0.05,0.12,0.363636364,3.05,30,1.52,6.05,0.502479339,3.72,0.88,0.31372549,3.05904,2.16
Rb2GaAuI6,0.0,False,1.35,1.3,0.82,6,4.0,0.62,79.0,0.73,0.05,0.94441519,0.334090909,0,0,1,0,0.23,0.281818182,0.12,0.85,48,1.52,5.87,0.517887564,3.72,3.05,0.243137255,3.05904,2.175
Rb2BiAuI6,0.0,False,1.6,1.35,0.82,6,0.85,79.0,1.03,0.52,0.25,0.88275751,0.427272727,0,0,1,0,0.18,0.12,0.468181818,3.05,4,1.52,6.28,0.484076433,3.72,0.64,0.403921569,3.05904,2.28
Rb2AsAuI6,0.0,False,1.35,1.15,0.82,6,4.0,0.58,79.0,0.36,0.2,0.950894882,0.325,0,0,1,0,0.27,0.263636364,0.12,0.48,46,1.52,5.83,0.521440823,3.72,3.05,0.22745098,3.05904,2.36
Rb2AlAuI6,0.0,False,1.35,1.25,0.82,6,3.0,0.535,79.0,0.93,0.1,0.958291645,0.314772727,0,0,1,0,0.315,0.243181818,0.12,1.05,66,1.52,5.785,0.525496975,3.72,3.05,0.209803922,3.05904,2.075
Rb2TlAgI6,0.0,False,1.6,1.9,0.82,6,1.5,81.0,1.15,0.31,0.3,0.78634286,0.602272727,0,0,1,0,0.35,1.04,0.522727273,3.7,34,1.52,7.05,0.431205674,3.72,0.73,0.255555556,3.05904,1.775
Rb2ScAgI6,2.1449,False,1.6,1.6,0.82,5,4.0,0.745,47.0,0.57,0.0,0.880654037,0.430681818,0,0,1,0,0.405,0.338636364,0.73,1.3,26,1.52,6.295,0.482922955,3.72,3.35,0.215942029,3.05904,1.645
Rb2InAgI6,0.0,False,1.6,1.55,0.82,5,5.0,0.8,47.0,0.15,0.05,0.873026325,0.443181818,0,0,1,0,0.35,0.363636364,0.73,0.88,2,1.52,6.35,0.478740157,3.72,3.35,0.231884058,3.05904,1.855
Rb2GaAgI6,0.0,False,1.6,1.3,0.82,5,4.0,0.62,47.0,0.12,0.3,0.898495489,0.402272727,0,0,1,0,0.53,0.281818182,0.73,0.85,16,1.52,6.17,0.492706645,3.72,3.35,0.179710145,3.05904,1.87
Rb2ScHgI6,0.0,False,1.5,1.6,0.82,6,4.0,0.745,80.0,0.64,0.1,0.88770491,0.419318182,0,0,1,0,0.355,0.338636364,0.66,1.3,59,1.52,6.245,0.486789432,3.72,3.3,0.225757576,3.05904,1.68
Rb2HgAsI6,0.0,False,1.5,1.15,0.82,6,4.0,0.58,80.0,0.18,0.35,0.911795586,0.381818182,0,0,1,0,0.52,0.263636364,0.66,0.48,47,1.52,6.08,0.5,3.72,3.3,0.175757576,3.05904,2.09
Rb2GaHgI6,0.0,False,1.5,1.3,0.82,6,4.0,0.62,80.0,0.19,0.2,0.905836138,0.390909091,0,0,1,0,0.48,0.281818182,0.66,0.85,49,1.52,6.12,0.496732026,3.72,3.3,0.187878788,3.05904,1.905
Rb2InHgI6,0.0,False,1.5,1.55,0.82,6,5.0,0.8,80.0,0.22,0.05,0.879955105,0.431818182,0,0,1,0,0.3,0.363636364,0.66,0.88,31,1.52,6.3,0.482539683,3.72,3.3,0.242424242,3.05904,1.89
Rb2AlTlI6,1.8326,False,1.9,1.25,0.82,6,3.0,0.535,81.0,0.01,0.65,0.861494509,0.4625,0,0,1,0,0.965,0.243181818,1.04,1.05,68,1.52,6.435,0.472416472,3.72,3.7,0.118888889,3.05904,1.615
Rb2NaInI6,0.6818,True,1.8,1.55,0.82,3,5.0,0.8,11.0,0.85,0.25,0.891272856,0.413636364,0,0,1,0,0.22,0.363636364,1.73,0.88,38,1.52,6.22,0.488745981,3.72,3.22,0.261437908,3.05904,1.355
Rb2NaScI6,2.2079,False,1.8,1.6,0.82,3,4.0,0.745,11.0,0.43,0.2,0.899224195,0.401136364,0,0,1,0,0.275,0.338636364,1.73,1.3,10,1.52,6.165,0.493106245,3.72,3.22,0.243464052,3.05904,1.145
Rb2InAsI6,0.0,False,1.55,1.15,0.82,4,0.58,33.0,0.8,0.4,0.4,0.959120617,0.313636364,0,0,1,0,0.22,0.48,0.363636364,2.78,16,1.52,5.78,0.525951557,3.72,0.88,0.459770115,3.05904,1.98
Rb2InGaI6,0.2298,False,1.3,1.55,0.82,4,5.0,0.8,31.0,0.03,0.25,0.952528722,0.322727273,0,0,1,0,0.18,0.363636364,0.85,0.88,18,1.52,5.82,0.52233677,3.72,2.82,0.430107527,3.05904,1.795
Rb2AlInI6,0.8989,False,1.55,1.25,0.82,5,3.0,0.535,49.0,0.17,0.3,0.966646411,0.303409091,0,0,1,0,0.265,0.243181818,0.88,1.05,36,1.52,5.735,0.530078466,3.72,3.0,0.222916667,3.05904,1.695
Rb2ScTlI6,2.3969,False,1.9,1.6,0.82,6,4.0,0.745,81.0,0.26,0.3,0.834268949,0.510227273,0,0,1,0,0.755,0.338636364,1.04,1.3,60,1.52,6.645,0.457486832,3.72,3.7,0.165555556,3.05904,1.49
Rb2YTlI6,3.0376,True,1.9,1.8,0.82,6,5.0,0.9,81.0,0.4,0.1,0.815252524,0.545454545,0,0,1,0,0.6,0.409090909,1.04,1.44,42,1.52,6.8,0.447058824,3.72,3.7,0.2,3.05904,1.42
Rb2TlInI6,0.8542,False,1.9,1.55,0.82,6,5.0,0.8,81.0,0.16,0.35,0.827420472,0.522727273,0,0,1,0,0.7,0.363636364,1.04,0.88,32,1.52,6.7,0.453731343,3.72,3.7,0.177777778,3.05904,1.7
Rb2TlSbI6,0.8683,True,1.9,1.45,0.82,6,5.0,0.76,81.0,0.43,0.45,0.832389965,0.513636364,0,0,1,0,0.74,0.345454545,1.04,0.61,30,1.52,6.66,0.456456456,3.72,3.7,0.168888889,3.05904,1.835
Rb2TlAsI6,0.9148,True,1.9,1.15,0.82,6,4.0,0.58,81.0,0.56,0.75,0.855511908,0.472727273,0,0,1,0,0.92,0.263636364,1.04,0.48,48,1.52,6.48,0.469135802,3.72,3.7,0.128888889,3.05904,1.9
Rb2TlGaI6,1.0849,False,1.9,1.3,0.82,6,4.0,0.62,81.0,0.19,0.6,0.850263369,0.481818182,0,0,1,0,0.88,0.281818182,1.04,0.85,50,1.52,6.52,0.466257669,3.72,3.7,0.137777778,3.05904,1.715
Rb2NaTlI6,0.0,False,1.8,1.9,0.82,3,6.0,1.5,11.0,0.69,0.1,0.801115197,0.572727273,0,0,1,0,0.48,0.681818182,1.73,1.04,70,1.52,6.92,0.439306358,3.72,3.22,0.490196078,3.05904,1.275
Rb2YInI6,2.6542,True,1.55,1.8,0.82,5,5.0,0.9,49.0,0.56,0.25,0.908806093,0.386363636,0,0,1,0,0.1,0.409090909,0.88,1.44,10,1.52,6.1,0.498360656,3.72,3.0,0.375,3.05904,1.5
Rb2ScInI6,2.0229,True,1.55,1.6,0.82,5,4.0,0.745,49.0,0.42,0.05,0.932500785,0.351136364,0,0,1,0,0.055,0.338636364,0.88,1.3,28,1.52,5.945,0.511354079,3.72,3.0,0.310416667,3.05904,1.57
Rb2InSbI6,0.5377,True,1.55,1.45,0.82,5,0.76,51.0,0.8,0.27,0.1,0.930153887,0.354545455,0,0,1,0,0.04,0.61,0.363636364,2.96,2,1.52,5.96,0.510067114,3.72,0.88,0.350877193,3.05904,1.915
Rb2YHgI6,0.0,False,1.5,1.8,0.82,6,5.0,0.9,80.0,0.78,0.3,0.866205807,0.454545455,0,0,1,0,0.2,0.409090909,0.66,1.44,41,1.52,6.4,0.475,3.72,3.3,0.272727273,3.05904,1.61
Rb2TlHgI6,0.0,False,1.5,1.9,0.82,6,1.5,81.0,1.1,0.38,0.4,0.791959595,0.590909091,0,0,1,0,0.4,1.04,0.5,3.7,1,1.52,7.0,0.434285714,3.72,0.66,0.244444444,3.05904,1.81
Rb2LiRhCl6,1.6499,False,1.45,1.35,0.82,2,5.0,0.665,3.0,1.3,0.1,0.989529014,0.393646409,1,0,0,0,0.095,0.367403315,2.18,0.88,42,1.52,5.045,0.602576809,3.33,2.57,0.291666667,3.61272,1.63
Rb2LiVCl6,0.0,False,1.45,1.35,0.82,2,4.0,0.64,3.0,0.65,0.1,0.994456947,0.386740331,1,0,0,0,0.12,0.35359116,2.18,1.53,20,1.52,5.02,0.605577689,3.33,2.57,0.280701754,3.61272,1.305
Rb2LiRuCl6,0.0,False,1.45,1.3,0.82,2,5.0,0.68,3.0,1.22,0.15,0.986595628,0.397790055,1,0,0,0,0.08,0.375690608,2.18,0.96,41,1.52,5.06,0.600790514,3.33,2.57,0.298245614,3.61272,1.59
Rb2LiMoCl6,1.538,False,1.45,1.45,0.82,2,5.0,0.69,3.0,1.18,0.0,0.98464968,0.400552486,1,0,0,0,0.07,0.38121547,2.18,1.0,39,1.52,5.07,0.599605523,3.33,2.57,0.302631579,3.61272,1.57
Rb2CuMoCl6,0.8542,True,1.35,1.45,0.82,4,5.0,0.69,29.0,0.26,0.1,0.982711393,0.403314917,1,0,0,0,0.08,0.38121547,1.26,1.0,13,1.52,5.08,0.598425197,3.33,2.58,0.298701299,3.61272,2.03
Rb2NaMoCl6,1.6224,True,1.8,1.45,0.82,3,5.0,0.69,11.0,1.23,0.35,0.936617988,0.472375691,1,0,0,0,0.33,0.38121547,2.23,1.0,31,1.52,5.33,0.570356473,3.33,2.83,0.225490196,3.61272,1.545
Rb2LiYCl6,4.9273,True,1.45,1.8,0.82,2,5.0,0.9,3.0,0.24,0.35,0.945487476,0.458563536,1,0,0,0,0.14,0.497237569,2.18,1.94,36,1.52,5.28,0.575757576,3.33,2.57,0.394736842,3.61272,1.1
Rb2LiSbCl6,2.9411,False,1.45,1.45,0.82,2,5.0,0.76,3.0,1.07,0.0,0.971240054,0.419889503,1,0,0,0,0.0,0.419889503,2.18,1.11,48,1.52,5.14,0.591439689,3.33,2.57,0.333333333,3.61272,1.515
Rb2LiPrCl6,4.8241,True,1.45,1.85,0.82,2,6.0,0.99,3.0,0.15,0.4,0.929641318,0.483425414,1,0,0,0,0.23,0.546961326,2.18,2.03,56,1.52,5.37,0.566108007,3.33,2.57,0.434210526,3.61272,1.055
Rb2LiNdCl6,4.8504,True,1.45,1.85,0.82,2,6.0,0.983,3.0,0.16,0.4,0.930854722,0.481491713,1,0,0,0,0.223,0.543093923,2.18,2.02,57,1.52,5.363,0.566846914,3.33,2.57,0.431140351,3.61272,1.06
Rb2LiCeCl6,0.3224,False,1.45,1.85,0.82,2,6.0,1.01,3.0,0.14,0.4,0.926191814,0.488950276,1,0,0,0,0.25,0.55801105,2.18,2.04,55,1.52,5.39,0.564007421,3.33,2.57,0.442982456,3.61272,1.05
Rb2LiBiCl6,3.6154,False,1.45,1.6,0.82,2,6.0,1.03,3.0,1.04,0.15,0.922767814,0.494475138,1,0,0,0,0.27,0.569060773,2.18,1.14,80,1.52,5.41,0.561922366,3.33,2.57,0.451754386,3.61272,1.5
Rb2YCuCl6,2.6201,False,1.35,1.8,0.82,4,5.0,0.9,29.0,0.68,0.45,0.943700165,0.461325967,1,0,0,0,0.13,0.497237569,1.26,1.94,10,1.52,5.29,0.574669187,3.33,2.58,0.38961039,3.61272,1.56
Rb2CuSbCl6,0.9005,False,1.35,1.45,0.82,4,5.0,0.76,29.0,0.15,0.1,0.969354151,0.422651934,1,0,0,0,0.01,0.419889503,1.26,1.11,22,1.52,5.15,0.590291262,3.33,2.58,0.329004329,3.61272,1.975
Rb2PrCuCl6,2.3461,False,1.35,1.85,0.82,4,6.0,0.99,29.0,0.77,0.5,0.92791336,0.486187845,1,0,0,0,0.22,0.546961326,1.26,2.03,30,1.52,5.38,0.565055762,3.33,2.58,0.428571429,3.61272,1.515
Rb2NdCuCl6,2.4344,False,1.35,1.85,0.82,4,6.0,0.983,29.0,0.76,0.5,0.929122255,0.484254144,1,0,0,0,0.213,0.543093923,1.26,2.02,31,1.52,5.373,0.565791923,3.33,2.58,0.425541126,3.61272,1.52
Rb2CuBiCl6,1.0756,False,1.35,1.6,0.82,4,6.0,1.03,29.0,0.12,0.25,0.921065291,0.497237569,1,0,0,0,0.26,0.569060773,1.26,1.14,54,1.52,5.42,0.560885609,3.33,2.58,0.445887446,3.61272,1.96
Rb2NaYCl6,5.1042,True,1.8,1.8,0.82,3,5.0,0.9,11.0,0.29,0.0,0.901114418,0.53038674,1,0,0,0,0.12,0.497237569,2.23,1.94,28,1.52,5.54,0.548736462,3.33,2.83,0.294117647,3.61272,1.075
Rb2NaPrCl6,4.9807,True,1.8,1.85,0.82,3,6.0,0.99,11.0,0.2,0.05,0.886709392,0.555248619,1,0,0,0,0.03,0.546961326,2.23,2.03,48,1.52,5.63,0.539964476,3.33,2.83,0.323529412,3.61272,1.03
Rb2NaNdCl6,5.003,True,1.8,1.85,0.82,3,6.0,0.983,11.0,0.21,0.05,0.887813245,0.553314917,1,0,0,0,0.037,0.543093923,2.23,2.02,49,1.52,5.623,0.540636671,3.33,2.83,0.32124183,3.61272,1.035
Rb2NaCeCl6,3.9696,False,1.8,1.85,0.82,3,6.0,1.01,11.0,0.19,0.05,0.883570597,0.560773481,1,0,0,0,0.01,0.55801105,2.23,2.04,47,1.52,5.65,0.538053097,3.33,2.83,0.330065359,3.61272,1.025
Rb2InAuCl6,0.0,False,1.55,1.35,0.82,6,0.85,79.0,0.8,0.76,0.2,0.94728157,0.455801105,1,0,0,0,0.05,0.62,0.44198895,2.66,30,1.52,5.27,0.576850095,3.33,1.38,0.31372549,3.61272,2.16
Rb2ScAgCl6,3.2973,True,1.6,1.6,0.82,5,4.0,0.745,47.0,0.57,0.0,0.905199252,0.523480663,1,0,0,0,0.405,0.41160221,1.23,1.8,26,1.52,5.515,0.551223935,3.33,2.96,0.215942029,3.61272,1.645
Rb2AgMoCl6,1.0147,True,1.6,1.45,0.82,5,5.0,0.69,47.0,0.23,0.15,0.91431756,0.508287293,1,0,0,0,0.46,0.38121547,1.23,1.0,5,1.52,5.46,0.556776557,3.33,2.96,0.2,3.61272,2.045
Rb2YAgCl6,3.8008,False,1.6,1.8,0.82,5,5.0,0.9,47.0,0.71,0.2,0.880453946,0.566298343,1,0,0,0,0.25,0.497237569,1.23,1.94,8,1.52,5.67,0.536155203,3.33,2.96,0.260869565,3.61272,1.575
Rb2AgSbCl6,1.6275,False,1.6,1.45,0.82,5,5.0,0.76,47.0,0.12,0.15,0.90274392,0.527624309,1,0,0,0,0.39,0.419889503,1.23,1.11,4,1.52,5.53,0.549728752,3.33,2.96,0.220289855,3.61272,1.99
Rb2PrAgCl6,3.6461,False,1.6,1.85,0.82,5,6.0,0.99,47.0,0.8,0.25,0.866696853,0.591160221,1,0,0,0,0.16,0.546961326,1.23,2.03,12,1.52,5.76,0.527777778,3.33,2.96,0.286956522,3.61272,1.53
Rb2NdAgCl6,3.6549,False,1.6,1.85,0.82,5,6.0,0.983,47.0,0.79,0.25,0.867751412,0.589226519,1,0,0,0,0.167,0.543093923,1.23,2.02,13,1.52,5.753,0.528419955,3.33,2.96,0.284927536,3.61272,1.535
Rb2CeAgCl6,0.2738,False,1.6,1.85,0.82,5,6.0,1.01,47.0,0.81,0.25,0.863697902,0.596685083,1,0,0,0,0.14,0.55801105,1.23,2.04,11,1.52,5.78,0.525951557,3.33,2.96,0.292753623,3.61272,1.525
Rb2AgBiCl6,2.06,False,1.6,1.6,0.82,5,6.0,1.03,47.0,0.09,0.0,0.860719634,0.602209945,1,0,0,0,0.12,0.569060773,1.23,1.14,36,1.52,5.8,0.524137931,3.33,2.96,0.298550725,3.61272,1.975
Rb2LuCuCl6,2.4367,False,1.35,1.75,0.82,4,6.0,0.861,29.0,0.63,0.4,0.950709174,0.450552486,1,0,0,0,0.091,0.475690608,1.26,1.89,42,1.52,5.251,0.578937345,3.33,2.58,0.372727273,3.61272,1.585
Rb2GaAuCl6,0.0,False,1.35,1.3,0.82,6,4.0,0.62,79.0,0.73,0.05,0.980780722,0.406077348,1,0,0,0,0.23,0.342541436,0.62,1.35,48,1.52,5.09,0.597249509,3.33,2.66,0.243137255,3.61272,2.175
Rb2AlAuCl6,0.8409,True,1.35,1.25,0.82,6,3.0,0.535,79.0,0.93,0.1,0.997437338,0.382596685,1,0,0,0,0.315,0.29558011,0.62,1.55,66,1.52,5.005,0.607392607,3.33,2.66,0.209803922,3.61272,2.075
Rb2GaAgCl6,1.213,True,1.6,1.3,0.82,5,4.0,0.62,47.0,0.12,0.3,0.926191814,0.488950276,1,0,0,0,0.53,0.342541436,1.23,1.35,16,1.52,5.39,0.564007421,3.33,2.96,0.179710145,3.61272,1.87
Rb2AgAuCl6,0.0,False,1.6,1.35,0.82,5,6.0,0.85,47.0,0.61,0.25,0.888287166,0.552486188,1,0,0,0,0.3,0.46961326,1.23,0.62,32,1.52,5.62,0.540925267,3.33,2.96,0.246376812,3.61272,2.235
Rb2AlAgCl6,2.4448,True,1.6,1.25,0.82,5,3.0,0.535,47.0,0.32,0.35,0.941031833,0.465469613,1,0,0,0,0.615,0.29558011,1.23,1.55,34,1.52,5.305,0.573044298,3.33,2.96,0.155072464,3.61272,1.77
Rb2TlCuCl6,0.0,False,1.35,1.9,0.82,6,1.5,81.0,0.77,0.28,0.55,0.847567721,0.627071823,1,0,0,0,0.73,1.54,0.425414365,3.31,52,1.52,5.89,0.516129032,3.33,1.26,0.171111111,3.61272,1.76
Rb2GdAgCl6,2.128,False,1.6,1.8,0.82,5,6.0,0.938,47.0,0.73,0.2,0.87459248,0.57679558,1,0,0,0,0.212,0.518232044,1.23,1.96,17,1.52,5.708,0.532585844,3.33,2.96,0.271884058,3.61272,1.565
Rb2TlAuCl6,0.0,False,1.9,1.35,0.82,6,6.0,0.85,81.0,0.92,0.55,0.836210029,0.649171271,1,0,0,0,0.65,0.46961326,1.54,0.62,2,1.52,5.97,0.50921273,3.33,3.31,0.188888889,3.61272,2.08
Rb2ScAuCl6,2.0443,False,1.35,1.6,0.82,6,4.0,0.745,79.0,1.18,0.25,0.957272076,0.440607735,1,0,0,0,0.105,0.41160221,0.62,1.8,58,1.52,5.215,0.582933845,3.33,2.66,0.292156863,3.61272,1.95
Rb2AsAuCl6,0.2593,False,1.35,1.15,0.82,6,4.0,0.58,79.0,0.36,0.2,0.988549282,0.395027624,1,0,0,0,0.27,0.320441989,0.62,0.98,46,1.52,5.05,0.601980198,3.33,2.66,0.22745098,3.61272,2.36
Rb2TmAgCl6,3.4255,False,1.6,1.75,0.82,5,6.0,0.88,47.0,0.68,0.15,0.883570597,0.560773481,1,0,0,0,0.27,0.486187845,1.23,1.91,22,1.52,5.65,0.538053097,3.33,2.96,0.255072464,3.61272,1.59
Rb2TlAgCl6,0.0,False,1.6,1.9,0.82,6,1.5,81.0,1.15,0.31,0.3,0.79619998,0.732044199,1,0,0,0,0.35,1.54,0.635359116,3.31,34,1.52,6.27,0.484848485,3.33,1.23,0.255555556,3.61272,1.775
Rb2LuAgCl6,3.681,False,1.6,1.75,0.82,5,6.0,0.861,47.0,0.66,0.15,0.886551922,0.555524862,1,0,0,0,0.289,0.475690608,1.23,1.89,24,1.52,5.631,0.539868585,3.33,2.96,0.249565217,3.61272,1.6
Rb2InAgCl6,1.293,True,1.6,1.55,0.82,5,5.0,0.8,47.0,0.15,0.05,0.896261019,0.538674033,1,0,0,0,0.35,0.44198895,1.23,1.38,2,1.52,5.57,0.545780969,3.33,2.96,0.231884058,3.61272,1.855
Rb2ErAgCl6,3.7293,False,1.6,1.75,0.82,5,6.0,0.89,47.0,0.69,0.15,0.882009519,0.563535912,1,0,0,0,0.26,0.491712707,1.23,1.92,21,1.52,5.66,0.537102473,3.33,2.96,0.257971014,3.61272,1.585
Rb2AgAsCl6,1.2354,False,1.6,1.15,0.82,5,4.0,0.58,47.0,0.25,0.45,0.933116612,0.477900552,1,0,0,0,0.57,0.320441989,1.23,0.98,14,1.52,5.35,0.568224299,3.33,2.96,0.168115942,3.61272,2.055
Rb2YAuCl6,2.2513,False,1.35,1.8,0.82,6,5.0,0.9,79.0,1.32,0.45,0.929641318,0.483425414,1,0,0,0,0.05,0.497237569,0.62,1.94,40,1.52,5.37,0.566108007,3.33,2.66,0.352941176,3.61272,1.88
Rb2SbAuCl6,0.3775,False,1.35,1.45,0.82,6,5.0,0.76,79.0,0.49,0.1,0.954526554,0.444751381,1,0,0,0,0.09,0.419889503,0.62,1.11,28,1.52,5.23,0.58126195,3.33,2.66,0.298039216,3.61272,2.295
Rb2BiAuCl6,0.9712,False,1.6,1.35,0.82,6,0.85,79.0,1.03,0.52,0.25,0.907667977,0.519337017,1,0,0,0,0.18,0.62,0.569060773,2.66,4,1.52,5.5,0.552727273,3.33,1.14,0.403921569,3.61272,2.28
Rb2TbAgCl6,3.7266,False,1.6,1.75,0.82,5,6.0,0.923,47.0,0.83,0.15,0.876896869,0.572651934,1,0,0,0,0.227,0.509944751,1.23,2.06,18,1.52,5.693,0.533989109,3.33,2.96,0.267536232,3.61272,1.515
Rb2SmAgCl6,3.7291,False,1.6,1.85,0.82,5,6.0,0.958,47.0,0.76,0.25,0.871538735,0.582320442,1,0,0,0,0.192,0.529281768,1.23,1.99,15,1.52,5.728,0.530726257,3.33,2.96,0.277681159,3.61272,1.55
Rb2LaAgCl6,3.573,False,1.6,1.95,0.82,5,6.0,1.032,47.0,0.83,0.35,0.860422936,0.602762431,1,0,0,0,0.118,0.570165746,1.23,2.06,10,1.52,5.802,0.523957256,3.33,2.96,0.299130435,3.61272,1.515
Rb2EuAgCl6,0.0,False,1.6,1.85,0.82,5,6.0,0.947,47.0,0.73,0.25,0.873215651,0.579281768,1,0,0,0,0.203,0.52320442,1.23,1.96,16,1.52,5.717,0.53174742,3.33,2.96,0.274492754,3.61272,1.565
Rb2DyAgCl6,3.7248,False,1.6,1.75,0.82,5,6.0,0.912,47.0,0.71,0.15,0.878594487,0.56961326,1,0,0,0,0.238,0.503867403,1.23,1.94,19,1.52,5.682,0.535022879,3.33,2.96,0.264347826,3.61272,1.575
Rb2TmCuCl6,2.4353,False,1.35,1.75,0.82,4,6.0,0.88,29.0,0.65,0.4,0.94728157,0.455801105,1,0,0,0,0.11,0.486187845,1.26,1.91,40,1.52,5.27,0.576850095,3.33,2.58,0.380952381,3.61272,1.575
Rb2TbCuCl6,2.5313,False,1.35,1.75,0.82,4,6.0,0.923,29.0,0.8,0.4,0.939614883,0.467679558,1,0,0,0,0.153,0.509944751,1.26,2.06,36,1.52,5.313,0.572181442,3.33,2.58,0.3995671,3.61272,1.5
Rb2SmCuCl6,2.5695,False,1.35,1.85,0.82,4,6.0,0.958,29.0,0.73,0.5,0.933465571,0.477348066,1,0,0,0,0.188,0.529281768,1.26,1.99,33,1.52,5.348,0.568436799,3.33,2.58,0.414718615,3.61272,1.535
Rb2CuAuCl6,0.0,False,1.35,1.35,0.82,4,6.0,0.85,29.0,0.64,0.0,0.952704938,0.447513812,1,0,0,0,0.08,0.46961326,1.26,0.62,50,1.52,5.24,0.580152672,3.33,2.58,0.367965368,3.61272,2.22
Rb2ErCuCl6,2.2131,False,1.35,1.75,0.82,4,6.0,0.89,29.0,0.66,0.4,0.945487476,0.458563536,1,0,0,0,0.12,0.491712707,1.26,1.92,39,1.52,5.28,0.575757576,3.33,2.58,0.385281385,3.61272,1.57
Rb2EuCuCl6,0.0,False,1.35,1.85,0.82,4,6.0,0.947,29.0,0.7,0.5,0.935389521,0.474309392,1,0,0,0,0.177,0.52320442,1.26,1.96,34,1.52,5.337,0.569608394,3.33,2.58,0.40995671,3.61272,1.55
Rb2CeCuCl6,0.2559,False,1.35,1.85,0.82,4,6.0,1.01,29.0,0.78,0.5,0.924476644,0.491712707,1,0,0,0,0.24,0.55801105,1.26,2.04,29,1.52,5.4,0.562962963,3.33,2.58,0.437229437,3.61272,1.51
Rb2HgAsCl6,0.0,False,1.5,1.15,0.82,6,4.0,0.58,80.0,0.18,0.35,0.941919599,0.464088398,1,0,0,0,0.52,0.320441989,1.16,0.98,47,1.52,5.3,0.573584906,3.33,2.91,0.175757576,3.61272,2.09
Rb2GaHgCl6,0.0,False,1.5,1.3,0.82,6,4.0,0.62,80.0,0.19,0.2,0.934864022,0.475138122,1,0,0,0,0.48,0.342541436,1.16,1.35,49,1.52,5.34,0.56928839,3.33,2.91,0.187878788,3.61272,1.905
Rb2InHgCl6,0.0,False,1.5,1.55,0.82,6,5.0,0.8,80.0,0.22,0.05,0.904379325,0.524861878,1,0,0,0,0.3,0.44198895,1.16,1.38,31,1.52,5.52,0.550724638,3.33,2.91,0.242424242,3.61272,1.89
Rb2LaCuCl6,2.1713,False,1.35,1.95,0.82,4,6.0,1.032,29.0,0.8,0.6,0.92072554,0.497790055,1,0,0,0,0.262,0.570165746,1.26,2.06,28,1.52,5.422,0.560678716,3.33,2.58,0.446753247,3.61272,1.5
Rb2AlHgCl6,0.0,False,1.5,1.25,0.82,6,3.0,0.535,80.0,0.39,0.25,0.949985514,0.451657459,1,0,0,0,0.565,0.29558011,1.16,1.55,67,1.52,5.255,0.57849667,3.33,2.91,0.162121212,3.61272,1.805
Rb2HgSbCl6,0.0,False,1.5,1.45,0.82,6,5.0,0.76,80.0,0.05,0.05,0.910980634,0.513812155,1,0,0,0,0.34,0.419889503,1.16,1.11,29,1.52,5.48,0.554744526,3.33,2.91,0.23030303,3.61272,2.025
Rb2ScHgCl6,0.0,False,1.5,1.6,0.82,6,4.0,0.745,80.0,0.64,0.1,0.913481038,0.509668508,1,0,0,0,0.355,0.41160221,1.16,1.8,59,1.52,5.465,0.556267155,3.33,2.91,0.225757576,3.61272,1.68
Rb2CeAuCl6,0.0,False,1.35,1.85,0.82,6,6.0,1.01,79.0,1.42,0.5,0.910980634,0.513812155,1,0,0,0,0.16,0.55801105,0.62,2.04,21,1.52,5.48,0.554744526,3.33,2.66,0.396078431,3.61272,1.83
Rb2DyCuCl6,2.5201,False,1.35,1.75,0.82,4,6.0,0.912,29.0,0.68,0.4,0.941564292,0.464640884,1,0,0,0,0.142,0.503867403,1.26,1.94,37,1.52,5.302,0.57336854,3.33,2.58,0.394805195,3.61272,1.56
Rb2TmAuCl6,2.1063,False,1.35,1.75,0.82,6,6.0,0.88,79.0,1.29,0.4,0.933116612,0.477900552,1,0,0,0,0.03,0.486187845,0.62,1.91,10,1.52,5.35,0.568224299,3.33,2.66,0.345098039,3.61272,1.895
Rb2PrAuCl6,2.2207,False,1.35,1.85,0.82,6,6.0,0.99,79.0,1.41,0.5,0.91431756,0.508287293,1,0,0,0,0.14,0.546961326,0.62,2.03,20,1.52,5.46,0.556776557,3.33,2.66,0.388235294,3.61272,1.835
Rb2LaAuCl6,2.301,False,1.35,1.95,0.82,6,6.0,1.032,79.0,1.44,0.6,0.907338036,0.519889503,1,0,0,0,0.182,0.570165746,0.62,2.06,22,1.52,5.502,0.552526354,3.33,2.66,0.404705882,3.61272,1.82
Rb2EuAuCl6,0.0,False,1.35,1.85,0.82,6,6.0,0.947,79.0,1.34,0.5,0.921575388,0.49640884,1,0,0,0,0.097,0.52320442,0.62,1.96,16,1.52,5.417,0.561196234,3.33,2.66,0.371372549,3.61272,1.87
Rb2HgBiCl6,0.0,False,1.5,1.6,0.82,6,6.0,1.03,80.0,0.02,0.1,0.868204152,0.58839779,1,0,0,0,0.07,0.569060773,1.16,1.14,3,1.52,5.75,0.528695652,3.33,2.91,0.312121212,3.61272,2.01
Rb2ScCuCl6,1.8951,False,1.35,1.6,0.82,4,4.0,0.745,29.0,0.54,0.25,0.97218576,0.418508287,1,0,0,0,0.025,0.41160221,1.26,1.8,8,1.52,5.135,0.592015579,3.33,2.58,0.322510823,3.61272,1.63
Rb2InCuCl6,0.0,False,1.35,1.55,0.82,4,5.0,0.8,29.0,0.12,0.2,0.961883213,0.433701657,1,0,0,0,0.03,0.44198895,1.26,1.38,20,1.52,5.19,0.585741811,3.33,2.58,0.346320346,3.61272,1.84
Rb2SmAuCl6,2.2894,False,1.35,1.85,0.82,6,6.0,0.958,79.0,1.37,0.5,0.919707788,0.499447514,1,0,0,0,0.108,0.529281768,0.62,1.99,17,1.52,5.428,0.560058954,3.33,2.66,0.375686275,3.61272,1.855
Rb2TbAuCl6,2.2107,False,1.35,1.75,0.82,6,6.0,0.923,79.0,1.44,0.4,0.925676595,0.489779006,1,0,0,0,0.073,0.509944751,0.62,2.06,14,1.52,5.393,0.563693677,3.33,2.66,0.361960784,3.61272,1.82
Rb2DyAuCl6,2.189,False,1.35,1.75,0.82,6,6.0,0.912,79.0,1.32,0.4,0.927568539,0.486740331,1,0,0,0,0.062,0.503867403,0.62,1.94,13,1.52,5.382,0.564845782,3.33,2.66,0.357647059,3.61272,1.88
Rb2ErAuCl6,2.1263,False,1.35,1.75,0.82,6,6.0,0.89,79.0,1.3,0.4,0.931375723,0.480662983,1,0,0,0,0.04,0.491712707,0.62,1.92,11,1.52,5.36,0.567164179,3.33,2.66,0.349019608,3.61272,1.89
Rb2NdAuCl6,2.2412,False,1.35,1.85,0.82,6,6.0,0.983,79.0,1.4,0.5,0.915491266,0.506353591,1,0,0,0,0.133,0.543093923,0.62,2.02,19,1.52,5.453,0.557491289,3.33,2.66,0.385490196,3.61272,1.84
Rb2NaGaCl6,2.9042,True,1.8,1.3,0.82,3,4.0,0.62,11.0,0.88,0.5,0.949082486,0.453038674,1,0,0,0,0.4,0.342541436,2.23,1.35,20,1.52,5.26,0.577946768,3.33,2.83,0.202614379,3.61272,1.37
Rb2LiScCl6,3.7539,True,1.45,1.6,0.82,2,4.0,0.745,3.0,0.38,0.15,0.974082707,0.415745856,1,0,0,0,0.015,0.41160221,2.18,1.8,18,1.52,5.125,0.593170732,3.33,2.57,0.326754386,3.61272,1.17
Rb2NaAlCl6,4.2244,True,1.8,1.25,0.82,3,3.0,0.535,11.0,0.68,0.55,0.96467128,0.429558011,1,0,0,0,0.485,0.29558011,2.23,1.55,2,1.52,5.175,0.587439614,3.33,2.83,0.174836601,3.61272,1.27
Rb2NaScCl6,3.9108,False,1.8,1.6,0.82,3,4.0,0.745,11.0,0.43,0.2,0.927051787,0.487569061,1,0,0,0,0.275,0.41160221,2.23,1.8,10,1.52,5.385,0.564531105,3.33,2.83,0.243464052,3.61272,1.145
Rb2NaAsCl6,3.1484,False,1.8,1.15,0.82,3,4.0,0.58,11.0,1.25,0.65,0.956355149,0.44198895,1,0,0,0,0.44,0.320441989,2.23,0.98,22,1.52,5.22,0.582375479,3.33,2.83,0.189542484,3.61272,1.555
Rb2LiTmCl6,5.2728,True,1.45,1.75,0.82,2,6.0,0.88,3.0,0.27,0.3,0.949082486,0.453038674,1,0,0,0,0.12,0.486187845,2.18,1.91,66,1.52,5.26,0.577946768,3.33,2.57,0.385964912,3.61272,1.115
Rb2LiSmCl6,4.9187,True,1.45,1.85,0.82,2,6.0,0.958,3.0,0.19,0.4,0.935214289,0.474585635,1,0,0,0,0.198,0.529281768,2.18,1.99,59,1.52,5.338,0.569501686,3.33,2.57,0.420175439,3.61272,1.075
Rb2LiTbCl6,5.0624,True,1.45,1.75,0.82,2,6.0,0.923,3.0,0.12,0.3,0.941386739,0.464917127,1,0,0,0,0.163,0.509944751,2.18,2.06,62,1.52,5.303,0.573260419,3.33,2.57,0.404824561,3.61272,1.04
Rb2LiLaCl6,4.5047,True,1.45,1.95,0.82,2,6.0,1.032,3.0,0.12,0.5,0.922426806,0.495027624,1,0,0,0,0.272,0.570165746,2.18,2.06,54,1.52,5.412,0.561714708,3.33,2.57,0.452631579,3.61272,1.04
Rb2LiEuCl6,0.0,False,1.45,1.85,0.82,2,6.0,0.947,3.0,0.22,0.4,0.937145462,0.471546961,1,0,0,0,0.187,0.52320442,2.18,1.96,60,1.52,5.327,0.57067768,3.33,2.57,0.415350877,3.61272,1.09
Rb2LiGdCl6,2.8184,True,1.45,1.8,0.82,2,6.0,0.938,3.0,0.22,0.35,0.938731455,0.469060773,1,0,0,0,0.178,0.518232044,2.18,1.96,61,1.52,5.318,0.571643475,3.33,2.57,0.411403509,3.61272,1.09
Rb2LiDyCl6,5.1062,True,1.45,1.75,0.82,2,6.0,0.912,3.0,0.24,0.3,0.943343514,0.461878453,1,0,0,0,0.152,0.503867403,2.18,1.94,63,1.52,5.292,0.574452003,3.33,2.57,0.4,3.61272,1.1
Rb2LiErCl6,5.2115,True,1.45,1.75,0.82,2,6.0,0.89,3.0,0.26,0.3,0.94728157,0.455801105,1,0,0,0,0.13,0.491712707,2.18,1.92,65,1.52,5.27,0.576850095,3.33,2.57,0.390350877,3.61272,1.11
Rb2YTlCl6,4.1524,True,1.9,1.8,0.82,6,5.0,0.9,81.0,0.4,0.1,0.829264763,0.662983425,1,0,0,0,0.6,0.497237569,1.54,1.94,42,1.52,6.02,0.504983389,3.33,3.31,0.2,3.61272,1.42
Rb2TlSbCl6,1.9551,True,1.9,1.45,0.82,6,5.0,0.76,81.0,0.43,0.45,0.849009162,0.624309392,1,0,0,0,0.74,0.419889503,1.54,1.11,30,1.52,5.88,0.517006803,3.33,3.31,0.168888889,3.61272,1.835
Rb2ScTlCl6,3.4475,True,1.9,1.6,0.82,6,4.0,0.745,81.0,0.26,0.3,0.851180541,0.620165746,1,0,0,0,0.755,0.41160221,1.54,1.8,60,1.52,5.865,0.518329071,3.33,3.31,0.165555556,3.61272,1.49
Rb2TlGaCl6,2.5867,False,1.9,1.3,0.82,6,4.0,0.62,81.0,0.19,0.6,0.869716703,0.585635359,1,0,0,0,0.88,0.342541436,1.54,1.35,50,1.52,5.74,0.529616725,3.33,3.31,0.137777778,3.61272,1.715
Rb2AlTlCl6,3.8791,False,1.9,1.25,0.82,6,3.0,0.535,81.0,0.01,0.65,0.882789368,0.562154696,1,0,0,0,0.965,0.29558011,1.54,1.55,68,1.52,5.655,0.537577365,3.33,3.31,0.118888889,3.61272,1.615
Rb2TlAsCl6,1.9544,True,1.9,1.15,0.82,6,4.0,0.58,81.0,0.56,0.75,0.875819978,0.574585635,1,0,0,0,0.92,0.320441989,1.54,0.98,48,1.52,5.7,0.533333333,3.33,3.31,0.128888889,3.61272,1.9
Rb2NaSmCl6,5.0726,True,1.8,1.85,0.82,3,6.0,0.958,11.0,0.24,0.05,0.891778113,0.54640884,1,0,0,0,0.062,0.529281768,2.23,1.99,51,1.52,5.598,0.54305109,3.33,2.83,0.313071895,3.61272,1.05
Rb2NaTbCl6,5.1216,True,1.8,1.75,0.82,3,6.0,0.923,11.0,0.17,0.05,0.897388797,0.536740331,1,0,0,0,0.097,0.509944751,2.23,2.06,54,1.52,5.563,0.546467733,3.33,2.83,0.301633987,3.61272,1.015
Rb2NaLaCl6,4.6431,True,1.8,1.95,0.82,3,6.0,1.032,11.0,0.17,0.15,0.88014349,0.566850829,1,0,0,0,0.012,0.570165746,2.23,2.06,46,1.52,5.672,0.53596615,3.33,2.83,0.337254902,3.61272,1.015
Rb2NaGdCl6,2.711,True,1.8,1.8,0.82,3,6.0,0.938,11.0,0.27,0.0,0.894975596,0.540883978,1,0,0,0,0.082,0.518232044,2.23,1.96,53,1.52,5.578,0.544998207,3.33,2.83,0.306535948,3.61272,1.065
Rb2NaEuCl6,0.0,False,1.8,1.85,0.82,3,6.0,0.947,11.0,0.27,0.05,0.893533896,0.543370166,1,0,0,0,0.073,0.52320442,2.23,1.96,52,1.52,5.587,0.544120279,3.33,2.83,0.309477124,3.61272,1.065
Rb2NaDyCl6,5.1403,True,1.8,1.75,0.82,3,6.0,0.912,11.0,0.29,0.05,0.899166764,0.533701657,1,0,0,0,0.108,0.503867403,2.23,1.94,55,1.52,5.552,0.547550432,3.33,2.83,0.298039216,3.61272,1.075
Rb2NaErCl6,5.1645,True,1.8,1.75,0.82,3,6.0,0.89,11.0,0.31,0.05,0.90274392,0.527624309,1,0,0,0,0.13,0.491712707,2.23,1.92,57,1.52,5.53,0.549728752,3.33,2.83,0.290849673,3.61272,1.085
Rb2YInCl6,3.3242,False,1.55,1.8,0.82,5,5.0,0.9,49.0,0.56,0.25,0.938378548,0.46961326,1,0,0,0,0.1,0.497237569,1.38,1.94,10,1.52,5.32,0.571428571,3.33,2.61,0.375,3.61272,1.5
Rb2ScInCl6,2.6355,True,1.55,1.6,0.82,5,4.0,0.745,49.0,0.42,0.05,0.966538988,0.42679558,1,0,0,0,0.055,0.41160221,1.38,1.8,28,1.52,5.165,0.58857696,3.33,2.61,0.310416667,3.61272,1.57
Rb2InGaCl6,1.5346,False,1.3,1.55,0.82,4,5.0,0.8,31.0,0.03,0.25,0.99051069,0.392265193,1,0,0,0,0.18,0.44198895,1.35,1.38,18,1.52,5.04,0.603174603,3.33,2.43,0.430107527,3.61272,1.795
Rb2InSbCl6,1.2828,True,1.55,1.45,0.82,5,0.76,51.0,0.8,0.27,0.1,0.96374013,0.430939227,1,0,0,0,0.04,1.11,0.44198895,2.57,2,1.52,5.18,0.586872587,3.33,1.38,0.350877193,3.61272,1.915
Rb2InBiCl6,1.6916,True,1.55,1.6,0.82,6,1.03,83.0,0.8,0.24,0.05,0.915995206,0.505524862,1,0,0,0,0.23,1.14,0.44198895,2.84,34,1.52,5.45,0.557798165,3.33,1.38,0.258899676,3.61272,1.9
Rb2InAsCl6,1.2307,True,1.55,1.15,0.82,4,0.58,33.0,0.8,0.4,0.4,0.998434775,0.38121547,1,0,0,0,0.22,0.98,0.44198895,2.39,16,1.52,5.0,0.608,3.33,1.38,0.459770115,3.61272,1.98
Rb2AlInCl6,2.9942,False,1.55,1.25,0.82,5,3.0,0.535,49.0,0.17,0.3,1.007502296,0.36878453,1,0,0,0,0.265,0.29558011,1.38,1.55,36,1.52,4.955,0.613521695,3.33,2.61,0.222916667,3.61272,1.695
Rb2TlHgCl6,0.0,False,1.5,1.9,0.82,6,1.5,81.0,1.1,0.38,0.4,0.802600301,0.718232044,1,0,0,0,0.4,1.54,0.607734807,3.31,1,1.52,6.22,0.488745981,3.33,1.16,0.244444444,3.61272,1.81
Rb2YHgCl6,0.0,False,1.5,1.8,0.82,6,5.0,0.9,80.0,0.78,0.3,0.888287166,0.552486188,1,0,0,0,0.2,0.497237569,1.16,1.94,41,1.52,5.62,0.540925267,3.33,2.91,0.272727273,3.61272,1.61
Rb2LiAuCl6,0.0,False,1.45,1.35,0.82,2,6.0,0.85,3.0,1.56,0.1,0.954526554,0.444751381,1,0,0,0,0.09,0.46961326,2.18,0.62,76,1.52,5.23,0.58126195,3.33,2.57,0.372807018,3.61272,1.76
Rb2NaAuCl6,0.0,False,1.8,1.35,0.82,3,6.0,0.85,11.0,1.61,0.45,0.909321289,0.516574586,1,0,0,0,0.17,0.46961326,2.23,0.62,68,1.52,5.49,0.553734062,3.33,2.83,0.277777778,3.61272,1.735
Rb2LiYbCl6,0.0,False,1.45,1.75,0.82,2,6.0,0.868,3.0,0.12,0.3,0.951252644,0.449723757,1,0,0,0,0.108,0.479558011,2.18,2.06,67,1.52,5.248,0.579268293,3.33,2.57,0.380701754,3.61272,1.04
Rb2LiHoCl6,5.1901,True,1.45,1.75,0.82,2,6.0,0.901,3.0,0.25,0.3,0.945308441,0.458839779,1,0,0,0,0.141,0.497790055,2.18,1.93,64,1.52,5.281,0.575648551,3.33,2.57,0.395175439,3.61272,1.105
Rb2NaCrCl6,1.3631,True,1.8,1.4,0.82,3,4.0,0.615,11.0,0.73,0.4,0.949985514,0.451657459,1,0,0,0,0.405,0.339779006,2.23,1.5,13,1.52,5.255,0.57849667,3.33,2.83,0.200980392,3.61272,1.295
Rb2NaVCl6,0.0,False,1.8,1.35,0.82,3,4.0,0.64,11.0,0.7,0.45,0.945487476,0.458563536,1,0,0,0,0.38,0.35359116,2.23,1.53,12,1.52,5.28,0.575757576,3.33,2.83,0.209150327,3.61272,1.28
Rb2NaTmCl6,5.0572,True,1.8,1.75,0.82,3,6.0,0.88,11.0,0.32,0.05,0.904379325,0.524861878,1,0,0,0,0.14,0.486187845,2.23,1.91,58,1.52,5.52,0.550724638,3.33,2.83,0.287581699,3.61272,1.09
Rb2NaBiCl6,3.7342,False,1.8,1.6,0.82,3,6.0,1.03,11.0,1.09,0.2,0.880453946,0.566298343,1,0,0,0,0.01,0.569060773,2.23,1.14,72,1.52,5.67,0.536155203,3.33,2.83,0.336601307,3.61272,1.475
Rb2NaSbCl6,3.0525,False,1.8,1.45,0.82,3,5.0,0.76,11.0,1.12,0.35,0.924476644,0.491712707,1,0,0,0,0.26,0.419889503,2.23,1.11,40,1.52,5.4,0.562962963,3.33,2.83,0.248366013,3.61272,1.49
Rb2NaInCl6,3.0533,True,1.8,1.55,0.82,3,5.0,0.8,11.0,0.85,0.25,0.917679021,0.502762431,1,0,0,0,0.22,0.44198895,2.23,1.38,38,1.52,5.44,0.558823529,3.33,2.83,0.261437908,3.61272,1.355
Rb2TlInCl6,2.3962,False,1.9,1.55,0.82,6,5.0,0.8,81.0,0.16,0.35,0.843272614,0.635359116,1,0,0,0,0.7,0.44198895,1.54,1.38,32,1.52,5.92,0.513513514,3.33,3.31,0.177777778,3.61272,1.7
Rb2NaTlCl6,1.8121,True,1.8,1.9,0.82,3,6.0,1.5,11.0,0.69,0.1,0.813057634,0.696132597,1,0,0,0,0.48,0.828729282,2.23,1.54,70,1.52,6.14,0.495114007,3.33,2.83,0.490196078,3.61272,1.275
Rb2LiTlCl6,1.5593,True,1.45,1.9,0.82,2,6.0,1.5,3.0,0.64,0.45,0.849009162,0.624309392,1,0,0,0,0.74,0.828729282,2.18,1.54,78,1.52,5.88,0.517006803,3.33,2.57,0.657894737,3.61272,1.3
Rb2LiInCl6,2.8282,True,1.45,1.55,0.82,2,5.0,0.8,3.0,0.8,0.1,0.96374013,0.430939227,1,0,0,0,0.04,0.44198895,2.18,1.38,46,1.52,5.18,0.586872587,3.33,2.57,0.350877193,3.61272,1.38
Rb2NaGaBr6,1.6024,True,1.8,1.3,0.82,3,4.0,0.62,11.0,0.88,0.5,0.936026243,0.418367347,0,1,0,0,0.4,0.316326531,2.03,1.15,20,1.52,5.56,0.54676259,3.48,2.98,0.202614379,3.36359,1.37
Rb2InAsBr6,0.6249,True,1.55,1.15,0.82,4,0.58,33.0,0.8,0.4,0.4,0.981944511,0.352040816,0,1,0,0,0.22,0.78,0.408163265,2.54,16,1.52,5.3,0.573584906,3.48,1.18,0.459770115,3.36359,1.98
Rb2CuMoBr6,0.4005,True,1.35,1.45,0.82,4,5.0,0.69,29.0,0.26,0.1,0.967343106,0.37244898,0,1,0,0,0.08,0.352040816,1.06,0.8,13,1.52,5.38,0.565055762,3.48,2.73,0.298701299,3.36359,2.03
Rb2NaYBr6,4.1918,True,1.8,1.8,0.82,3,5.0,0.9,11.0,0.29,0.0,0.891148272,0.489795918,0,1,0,0,0.12,0.459183673,2.03,1.74,28,1.52,5.84,0.520547945,3.48,2.98,0.294117647,3.36359,1.075
Rb2NaSbBr6,2.5605,False,1.8,1.45,0.82,3,5.0,0.76,11.0,1.12,0.35,0.913036124,0.454081633,0,1,0,0,0.26,0.387755102,2.03,0.91,40,1.52,5.7,0.533333333,3.48,2.98,0.248366013,3.36359,1.49
Rb2NaMoBr6,1.4757,True,1.8,1.45,0.82,3,5.0,0.69,11.0,1.23,0.35,0.924388261,0.43622449,0,1,0,0,0.33,0.352040816,2.03,0.8,31,1.52,5.63,0.539964476,3.48,2.98,0.225490196,3.36359,1.545
Rb2LiYBr6,4.042,True,1.45,1.8,0.82,2,5.0,0.9,3.0,0.24,0.35,0.93267131,0.423469388,0,1,0,0,0.14,0.459183673,1.98,1.74,36,1.52,5.58,0.544802867,3.48,2.72,0.394736842,3.36359,1.1
Rb2LiSbBr6,2.3274,False,1.45,1.45,0.82,2,5.0,0.76,3.0,1.07,0.0,0.95667388,0.387755102,0,1,0,0,0.0,0.387755102,1.98,0.91,48,1.52,5.44,0.558823529,3.48,2.72,0.333333333,3.36359,1.515
Rb2LiPrBr6,3.9853,True,1.45,1.85,0.82,2,6.0,0.99,3.0,0.15,0.4,0.917867003,0.446428571,0,1,0,0,0.23,0.505102041,1.98,1.83,56,1.52,5.67,0.536155203,3.48,2.72,0.434210526,3.36359,1.055
Rb2LiNdBr6,4.001,True,1.45,1.85,0.82,2,6.0,0.983,3.0,0.16,0.4,0.919001573,0.444642857,0,1,0,0,0.223,0.501530612,1.98,1.82,57,1.52,5.663,0.536817941,3.48,2.72,0.431140351,3.36359,1.06
Rb2LiMoBr6,1.2695,True,1.45,1.45,0.82,2,5.0,0.69,3.0,1.18,0.0,0.96914449,0.369897959,0,1,0,0,0.07,0.352040816,1.98,0.8,39,1.52,5.37,0.566108007,3.48,2.72,0.302631579,3.36359,1.57
Rb2LiCeBr6,0.2925,False,1.45,1.85,0.82,2,6.0,1.01,3.0,0.14,0.4,0.914640757,0.451530612,0,1,0,0,0.25,0.515306122,1.98,1.84,55,1.52,5.69,0.53427065,3.48,2.72,0.442982456,3.36359,1.05
Rb2LiBiBr6,2.9149,False,1.45,1.6,0.82,2,6.0,1.03,3.0,1.04,0.15,0.911437112,0.456632653,0,1,0,0,0.27,0.525510204,1.98,0.94,80,1.52,5.71,0.532399299,3.48,2.72,0.451754386,3.36359,1.5
Rb2CuSbBr6,0.4021,False,1.35,1.45,0.82,4,5.0,0.76,29.0,0.15,0.1,0.954918516,0.390306122,0,1,0,0,0.01,0.387755102,1.06,0.91,22,1.52,5.45,0.557798165,3.48,2.73,0.329004329,3.36359,1.975
Rb2PrCuBr6,1.9411,False,1.35,1.85,0.82,4,6.0,0.99,29.0,0.77,0.5,0.91625104,0.448979592,0,1,0,0,0.22,0.505102041,1.06,1.83,30,1.52,5.68,0.535211268,3.48,2.73,0.428571429,3.36359,1.515
Rb2NdCuBr6,2.2883,False,1.35,1.85,0.82,4,6.0,0.983,29.0,0.76,0.5,0.917381616,0.447193878,0,1,0,0,0.213,0.501530612,1.06,1.82,31,1.52,5.673,0.535871673,3.48,2.73,0.425541126,3.36359,1.52
Rb2CuBiBr6,0.846,False,1.35,1.6,0.82,4,6.0,1.03,29.0,0.12,0.25,0.90984369,0.459183673,0,1,0,0,0.26,0.525510204,1.06,0.94,54,1.52,5.72,0.531468531,3.48,2.73,0.445887446,3.36359,1.96
Rb2NaPrBr6,4.0373,True,1.8,1.85,0.82,3,6.0,0.99,11.0,0.2,0.05,0.877623256,0.512755102,0,1,0,0,0.03,0.505102041,2.03,1.83,48,1.52,5.93,0.512647555,3.48,2.98,0.323529412,3.36359,1.03
Rb2NaNdBr6,4.0334,True,1.8,1.85,0.82,3,6.0,0.983,11.0,0.21,0.05,0.878660461,0.510969388,0,1,0,0,0.037,0.501530612,2.03,1.82,49,1.52,5.923,0.513253419,3.48,2.98,0.32124183,3.36359,1.035
Rb2NaCeBr6,3.2334,False,1.8,1.85,0.82,3,6.0,1.01,11.0,0.19,0.05,0.874673262,0.517857143,0,1,0,0,0.01,0.515306122,2.03,1.84,47,1.52,5.95,0.51092437,3.48,2.98,0.330065359,3.36359,1.025
Rb2NaBiBr6,3.136,False,1.8,1.6,0.82,3,6.0,1.03,11.0,1.09,0.2,0.871743033,0.522959184,0,1,0,0,0.01,0.525510204,2.03,0.94,72,1.52,5.97,0.50921273,3.48,2.98,0.336601307,3.36359,1.475
Rb2YAgBr6,3.3104,False,1.6,1.8,0.82,5,5.0,0.9,47.0,0.71,0.2,0.871743033,0.522959184,0,1,0,0,0.25,0.459183673,1.03,1.74,8,1.52,5.97,0.50921273,3.48,3.11,0.260869565,3.36359,1.575
Rb2AgSbBr6,1.1538,False,1.6,1.45,0.82,5,5.0,0.76,47.0,0.12,0.15,0.892676828,0.487244898,0,1,0,0,0.39,0.387755102,1.03,0.91,4,1.52,5.83,0.521440823,3.48,3.11,0.220289855,3.36359,1.99
Rb2NdAgBr6,3.3063,False,1.6,1.85,0.82,5,6.0,0.983,47.0,0.79,0.25,0.859789511,0.544132653,0,1,0,0,0.167,0.501530612,1.03,1.82,13,1.52,6.053,0.502230299,3.48,3.11,0.284927536,3.36359,1.535
Rb2AgMoBr6,0.6687,True,1.6,1.45,0.82,5,5.0,0.69,47.0,0.23,0.15,0.903525332,0.469387755,0,1,0,0,0.46,0.352040816,1.03,0.8,5,1.52,5.76,0.527777778,3.48,3.11,0.2,3.36359,2.045
Rb2AgBiBr6,1.582,False,1.6,1.6,0.82,5,6.0,1.03,47.0,0.09,0.0,0.853164903,0.556122449,0,1,0,0,0.12,0.525510204,1.03,0.94,36,1.52,6.1,0.498360656,3.48,3.11,0.298550725,3.36359,1.975
Rb2PrAgBr6,3.2758,False,1.6,1.85,0.82,5,6.0,0.99,47.0,0.8,0.25,0.858796355,0.545918367,0,1,0,0,0.16,0.505102041,1.03,1.83,12,1.52,6.06,0.501650165,3.48,3.11,0.286956522,3.36359,1.53
Rb2CeAgBr6,0.2433,False,1.6,1.85,0.82,5,6.0,1.01,47.0,0.81,0.25,0.855971367,0.551020408,0,1,0,0,0.14,0.515306122,1.03,1.84,11,1.52,6.08,0.5,3.48,3.11,0.292753623,3.36359,1.525
Rb2TlCuBr6,0.0,False,1.35,1.9,0.82,6,1.5,81.0,0.77,0.28,0.55,0.840760244,0.579081633,0,1,0,0,0.73,1.34,0.392857143,3.46,52,1.52,6.19,0.491114701,3.48,1.06,0.171111111,3.36359,1.76
Rb2YAuBr6,1.5649,False,1.35,1.8,0.82,6,5.0,0.9,79.0,1.32,0.45,0.917867003,0.446428571,0,1,0,0,0.05,0.459183673,0.42,1.74,40,1.52,5.67,0.536155203,3.48,2.81,0.352941176,3.36359,1.88
Rb2TlAuBr6,0.0,False,1.9,1.35,0.82,6,6.0,0.85,81.0,0.92,0.55,0.83003284,0.599489796,0,1,0,0,0.65,0.433673469,1.34,0.42,2,1.52,6.27,0.484848485,3.48,3.46,0.188888889,3.36359,2.08
Rb2ScAuBr6,1.7436,False,1.35,1.6,0.82,6,4.0,0.745,79.0,1.18,0.25,0.94366381,0.406887755,0,1,0,0,0.105,0.380102041,0.42,1.6,58,1.52,5.515,0.551223935,3.48,2.81,0.292156863,3.36359,1.95
Rb2SbAuBr6,0.0,False,1.35,1.45,0.82,6,5.0,0.76,79.0,0.49,0.1,0.941104143,0.410714286,0,1,0,0,0.09,0.387755102,0.42,0.91,28,1.52,5.53,0.549728752,3.48,2.81,0.298039216,3.36359,2.295
Rb2InAuBr6,0.0,False,1.55,1.35,0.82,6,0.85,79.0,0.8,0.76,0.2,0.934345765,0.420918367,0,1,0,0,0.05,0.42,0.408163265,2.81,30,1.52,5.57,0.545780969,3.48,1.18,0.31372549,3.36359,2.16
Rb2GaAuBr6,0.0,False,1.35,1.3,0.82,6,4.0,0.62,79.0,0.73,0.05,0.965548406,0.375,0,1,0,0,0.23,0.316326531,0.42,1.15,48,1.52,5.39,0.564007421,3.48,2.81,0.243137255,3.36359,2.175
Rb2BiAuBr6,0.4108,False,1.6,1.35,0.82,6,0.85,79.0,1.03,0.52,0.25,0.897294122,0.479591837,0,1,0,0,0.18,0.42,0.525510204,2.81,4,1.52,5.8,0.524137931,3.48,0.94,0.403921569,3.36359,2.28
Rb2AsAuBr6,0.0,False,1.35,1.15,0.82,6,4.0,0.58,79.0,0.36,0.2,0.97276746,0.364795918,0,1,0,0,0.27,0.295918367,0.42,0.78,46,1.52,5.35,0.568224299,3.48,2.81,0.22745098,3.36359,2.36
Rb2AlAuBr6,0.0,False,1.35,1.25,0.82,6,3.0,0.535,79.0,0.93,0.1,0.981019022,0.353316327,0,1,0,0,0.315,0.272959184,0.42,1.35,66,1.52,5.305,0.573044298,3.48,2.81,0.209803922,3.36359,2.075
Rb2TlAgBr6,0.0,False,1.6,1.9,0.82,6,1.5,81.0,1.15,0.31,0.3,0.792131797,0.676020408,0,1,0,0,0.35,1.34,0.586734694,3.46,34,1.52,6.57,0.462709285,3.48,1.03,0.255555556,3.36359,1.775
Rb2ScAgBr6,2.8738,False,1.6,1.6,0.82,5,4.0,0.745,47.0,0.57,0.0,0.89497952,0.483418367,0,1,0,0,0.405,0.380102041,1.03,1.6,26,1.52,5.815,0.522785899,3.48,3.11,0.215942029,3.36359,1.645
Rb2InAgBr6,0.2143,True,1.6,1.55,0.82,5,5.0,0.8,47.0,0.15,0.05,0.886593852,0.49744898,0,1,0,0,0.35,0.408163265,1.03,1.18,2,1.52,5.87,0.517887564,3.48,3.11,0.231884058,3.36359,1.855
Rb2GaAgBr6,0.3661,False,1.6,1.3,0.82,5,4.0,0.62,47.0,0.12,0.3,0.914640757,0.451530612,0,1,0,0,0.53,0.316326531,1.03,1.15,16,1.52,5.69,0.53427065,3.48,3.11,0.179710145,3.36359,1.87
Rb2AgAuBr6,0.0,False,1.6,1.35,0.82,5,6.0,0.85,47.0,0.61,0.25,0.879105728,0.510204082,0,1,0,0,0.3,0.433673469,1.03,0.42,32,1.52,5.92,0.513513514,3.48,3.11,0.246376812,3.36359,2.235
Rb2AgAsBr6,1.0799,False,1.6,1.15,0.82,5,4.0,0.58,47.0,0.25,0.45,0.92111609,0.441326531,0,1,0,0,0.57,0.295918367,1.03,0.78,14,1.52,5.65,0.538053097,3.48,3.11,0.168115942,3.36359,2.055
Rb2AlAgBr6,1.4709,True,1.6,1.25,0.82,5,3.0,0.535,47.0,0.32,0.35,0.928511313,0.429846939,0,1,0,0,0.615,0.272959184,1.03,1.35,34,1.52,5.605,0.542372881,3.48,3.11,0.155072464,3.36359,1.77
Rb2YCuBr6,2.3405,False,1.35,1.8,0.82,4,5.0,0.9,29.0,0.68,0.45,0.931002846,0.426020408,0,1,0,0,0.13,0.459183673,1.06,1.74,10,1.52,5.59,0.543828265,3.48,2.73,0.38961039,3.36359,1.56
Rb2GaHgBr6,0.0,False,1.5,1.3,0.82,6,4.0,0.62,80.0,0.19,0.2,0.922749275,0.43877551,0,1,0,0,0.48,0.316326531,0.96,1.15,49,1.52,5.64,0.539007092,3.48,3.06,0.187878788,3.36359,1.905
Rb2ScHgBr6,0.0,False,1.5,1.6,0.82,6,4.0,0.745,80.0,0.64,0.1,0.902741702,0.470663265,0,1,0,0,0.355,0.380102041,0.96,1.6,59,1.52,5.765,0.527320035,3.48,3.06,0.225757576,3.36359,1.68
Rb2InCuBr6,0.0,False,1.35,1.55,0.82,4,5.0,0.8,29.0,0.12,0.2,0.947961004,0.400510204,0,1,0,0,0.03,0.408163265,1.06,1.18,20,1.52,5.49,0.553734062,3.48,2.73,0.346320346,3.36359,1.84
Rb2HgAuBr6,0.0,False,1.5,1.35,0.82,6,6.0,0.85,80.0,0.54,0.15,0.886593852,0.49744898,0,1,0,0,0.25,0.433673469,0.96,0.42,1,1.52,5.87,0.517887564,3.48,3.06,0.257575758,3.36359,2.27
Rb2HgBiBr6,0.0,False,1.5,1.6,0.82,6,6.0,1.03,80.0,0.02,0.1,0.860215853,0.543367347,0,1,0,0,0.07,0.525510204,0.96,0.94,3,1.52,6.05,0.502479339,3.48,3.06,0.312121212,3.36359,2.01
Rb2InHgBr6,0.0,False,1.5,1.55,0.82,6,5.0,0.8,80.0,0.22,0.05,0.894210637,0.484693878,0,1,0,0,0.3,0.408163265,0.96,1.18,31,1.52,5.82,0.52233677,3.48,3.06,0.242424242,3.36359,1.89
Rb2HgSbBr6,0.0,False,1.5,1.45,0.82,6,5.0,0.76,80.0,0.05,0.05,0.900398946,0.474489796,0,1,0,0,0.34,0.387755102,0.96,0.91,29,1.52,5.78,0.525951557,3.48,3.06,0.23030303,3.36359,2.025
Rb2AlHgBr6,0.0,False,1.5,1.25,0.82,6,3.0,0.535,80.0,0.39,0.25,0.936868751,0.417091837,0,1,0,0,0.565,0.272959184,0.96,1.35,67,1.52,5.555,0.547254725,3.48,3.06,0.162121212,3.36359,1.805
Rb2HgAsBr6,0.0,False,1.5,1.15,0.82,6,4.0,0.58,80.0,0.18,0.35,0.929340341,0.428571429,0,1,0,0,0.52,0.295918367,0.96,0.78,47,1.52,5.6,0.542857143,3.48,3.06,0.175757576,3.36359,2.09
Rb2CeCuBr6,1.5744,False,1.35,1.85,0.82,4,6.0,1.01,29.0,0.78,0.5,0.913036124,0.454081633,0,1,0,0,0.24,0.515306122,1.06,1.84,29,1.52,5.7,0.533333333,3.48,2.73,0.437229437,3.36359,1.51
Rb2TlGaBr6,1.6518,False,1.9,1.3,0.82,6,4.0,0.62,81.0,0.19,0.6,0.861640051,0.540816327,0,1,0,0,0.88,0.316326531,1.34,1.15,50,1.52,6.04,0.503311258,3.48,3.46,0.137777778,3.36359,1.715
Rb2AlTlBr6,2.8889,False,1.9,1.25,0.82,6,3.0,0.535,81.0,0.01,0.65,0.87393886,0.519132653,0,1,0,0,0.965,0.272959184,1.34,1.35,68,1.52,5.955,0.510495382,3.48,3.46,0.118888889,3.36359,1.615
Rb2NaTlBr6,1.0102,True,1.8,1.9,0.82,3,6.0,1.5,11.0,0.69,0.1,0.808122036,0.642857143,0,1,0,0,0.48,0.765306122,2.03,1.34,70,1.52,6.44,0.472049689,3.48,2.98,0.490196078,3.36359,1.275
Rb2NaScBr6,3.1115,False,1.8,1.6,0.82,3,4.0,0.745,11.0,0.43,0.2,0.915445191,0.450255102,0,1,0,0,0.275,0.380102041,2.03,1.6,10,1.52,5.685,0.534740545,3.48,2.98,0.243464052,3.36359,1.145
Rb2NaInBr6,2.0049,True,1.8,1.55,0.82,3,5.0,0.8,11.0,0.85,0.25,0.906673503,0.464285714,0,1,0,0,0.22,0.408163265,2.03,1.18,38,1.52,5.74,0.529616725,3.48,2.98,0.261437908,3.36359,1.355
Rb2NaAuBr6,0.0,False,1.8,1.35,0.82,3,6.0,0.85,11.0,1.61,0.45,0.898843853,0.477040816,0,1,0,0,0.17,0.433673469,2.03,0.42,68,1.52,5.79,0.525043178,3.48,2.98,0.277777778,3.36359,1.735
Rb2LiTlBr6,0.5529,True,1.45,1.9,0.82,2,6.0,1.5,3.0,0.64,0.45,0.842120697,0.576530612,0,1,0,0,0.74,0.765306122,1.98,1.34,78,1.52,6.18,0.491909385,3.48,2.72,0.657894737,3.36359,1.3
Rb2InGaBr6,1.1462,False,1.3,1.55,0.82,4,5.0,0.8,31.0,0.03,0.25,0.974589122,0.362244898,0,1,0,0,0.18,0.408163265,1.15,1.18,18,1.52,5.34,0.56928839,3.48,2.58,0.430107527,3.36359,1.795
Rb2AlInBr6,2.1004,False,1.55,1.25,0.82,5,3.0,0.535,49.0,0.17,0.3,0.99035317,0.340561224,0,1,0,0,0.265,0.272959184,1.18,1.35,36,1.52,5.255,0.57849667,3.48,2.76,0.222916667,3.36359,1.695
Rb2TlHgBr6,0.0,False,1.5,1.9,0.82,6,1.5,81.0,1.1,0.38,0.4,0.798206428,0.663265306,0,1,0,0,0.4,1.34,0.56122449,3.46,1,1.52,6.52,0.466257669,3.48,0.96,0.244444444,3.36359,1.81
Rb2ScTlBr6,3.0758,True,1.9,1.6,0.82,6,4.0,0.745,81.0,0.26,0.3,0.844169653,0.572704082,0,1,0,0,0.755,0.380102041,1.34,1.6,60,1.52,6.165,0.493106245,3.48,3.46,0.165555556,3.36359,1.49
Rb2YTlBr6,3.5841,True,1.9,1.8,0.82,6,5.0,0.9,81.0,0.4,0.1,0.823466125,0.612244898,0,1,0,0,0.6,0.459183673,1.34,1.74,42,1.52,6.32,0.481012658,3.48,3.46,0.2,3.36359,1.42
Rb2TlSbBr6,1.1629,True,1.9,1.45,0.82,6,5.0,0.76,81.0,0.43,0.45,0.842120697,0.576530612,0,1,0,0,0.74,0.387755102,1.34,0.91,30,1.52,6.18,0.491909385,3.48,3.46,0.168888889,3.36359,1.835
Rb2TlBiBr6,1.6711,True,1.9,1.6,0.82,6,6.0,1.03,81.0,0.4,0.3,0.806869133,0.645408163,0,1,0,0,0.47,0.525510204,1.34,0.94,2,1.52,6.45,0.471317829,3.48,3.46,0.228888889,3.36359,1.82
Rb2TlInBr6,1.8455,False,1.9,1.55,0.82,6,5.0,0.8,81.0,0.16,0.35,0.83670513,0.586734694,0,1,0,0,0.7,0.408163265,1.34,1.18,32,1.52,6.22,0.488745981,3.48,3.46,0.177777778,3.36359,1.7
Rb2TlAsBr6,1.1412,True,1.9,1.15,0.82,6,4.0,0.58,81.0,0.56,0.75,0.867384318,0.530612245,0,1,0,0,0.92,0.295918367,1.34,0.78,48,1.52,6.0,0.506666667,3.48,3.46,0.128888889,3.36359,1.9
Rb2YInBr6,2.8332,True,1.55,1.8,0.82,5,5.0,0.9,49.0,0.56,0.25,0.92603308,0.433673469,0,1,0,0,0.1,0.459183673,1.18,1.74,10,1.52,5.62,0.540925267,3.48,2.76,0.375,3.36359,1.5
Rb2InSbBr6,0.6829,True,1.55,1.45,0.82,5,0.76,51.0,0.8,0.27,0.1,0.949690859,0.397959184,0,1,0,0,0.04,0.91,0.408163265,2.72,2,1.52,5.48,0.554744526,3.48,1.18,0.350877193,3.36359,1.915
Rb2ScInBr6,2.4052,True,1.55,1.6,0.82,5,4.0,0.745,49.0,0.42,0.05,0.952297513,0.394132653,0,1,0,0,0.055,0.380102041,1.18,1.6,28,1.52,5.465,0.556267155,3.48,2.76,0.310416667,3.36359,1.57
Rb2YHgBr6,0.0,False,1.5,1.8,0.82,6,5.0,0.9,80.0,0.78,0.3,0.879105728,0.510204082,0,1,0,0,0.2,0.459183673,0.96,1.74,41,1.52,5.92,0.513513514,3.48,3.06,0.272727273,3.36359,1.61
Rb2LiDyBr6,4.1439,True,1.45,1.75,0.82,2,6.0,0.912,3.0,0.24,0.3,0.930669869,0.426530612,0,1,0,0,0.152,0.465306122,1.98,1.74,63,1.52,5.592,0.543633763,3.48,2.72,0.4,3.36359,1.1
K2InAsBr6,0.5636,True,1.55,1.15,0.82,4,0.58,33.0,0.8,0.4,0.4,0.960597891,0.352040816,0,1,0,0,0.22,0.78,0.408163265,2.54,16,1.38,5.3,0.520754717,3.34,1.18,0.459770115,3.36359,1.98
K2RbYBr6,3.71,True,2.35,1.8,0.82,5,5.0,0.9,37.0,0.4,0.55,0.803023474,0.617346939,0,1,0,0,0.62,0.459183673,2.14,1.74,2,1.38,6.34,0.43533123,3.34,3.48,0.197368421,3.36359,1.02
K2RbSbBr6,2.8383,True,2.35,1.45,0.82,5,5.0,0.76,37.0,1.23,0.9,0.821156262,0.581632653,0,1,0,0,0.76,0.387755102,2.14,0.91,14,1.38,6.2,0.44516129,3.34,3.48,0.166666667,3.36359,1.435
K2RbMoBr6,1.6014,True,2.35,1.45,0.82,5,5.0,0.69,37.0,1.34,0.9,0.83053325,0.56377551,0,1,0,0,0.83,0.352040816,2.14,0.8,5,1.38,6.13,0.450244698,3.34,3.48,0.151315789,3.36359,1.49
K2RbBiBr6,3.4181,True,2.35,1.6,0.82,5,6.0,1.03,37.0,1.2,0.75,0.786888535,0.650510204,0,1,0,0,0.49,0.525510204,2.14,0.94,46,1.38,6.47,0.426584235,3.34,3.48,0.225877193,3.36359,1.42
K2RbPrBr6,3.6885,True,2.35,1.85,0.82,5,6.0,0.99,37.0,0.31,0.5,0.791783643,0.640306122,0,1,0,0,0.53,0.505102041,2.14,1.83,22,1.38,6.43,0.429237947,3.34,3.48,0.217105263,3.36359,0.975
K2RbNdBr6,3.6907,True,2.35,1.85,0.82,5,6.0,0.983,37.0,0.32,0.5,0.792646555,0.638520408,0,1,0,0,0.537,0.501530612,2.14,1.82,23,1.38,6.423,0.429705745,3.34,3.48,0.215570175,3.36359,0.98
K2RbCeBr6,0.3159,False,2.35,1.85,0.82,5,6.0,1.01,37.0,0.3,0.5,0.7893285,0.645408163,0,1,0,0,0.51,0.515306122,2.14,1.84,21,1.38,6.45,0.427906977,3.34,3.48,0.221491228,3.36359,0.97
K2LiMoBr6,1.2722,True,1.45,1.45,0.82,2,5.0,0.69,3.0,1.18,0.0,0.948076131,0.369897959,0,1,0,0,0.07,0.352040816,1.98,0.8,39,1.38,5.37,0.51396648,3.34,2.72,0.302631579,3.36359,1.57
K2CuMoBr6,0.3972,True,1.35,1.45,0.82,4,5.0,0.69,29.0,0.26,0.1,0.946313908,0.37244898,0,1,0,0,0.08,0.352040816,1.06,0.8,13,1.38,5.38,0.513011152,3.34,2.73,0.298701299,3.36359,2.03
K2NaYBr6,4.0741,True,1.8,1.8,0.82,3,5.0,0.9,11.0,0.29,0.0,0.871775484,0.489795918,0,1,0,0,0.12,0.459183673,2.03,1.74,28,1.38,5.84,0.47260274,3.34,2.98,0.294117647,3.36359,1.075
K2NaSbBr6,2.5456,False,1.8,1.45,0.82,3,5.0,0.76,11.0,1.12,0.35,0.893187513,0.454081633,0,1,0,0,0.26,0.387755102,2.03,0.91,40,1.38,5.7,0.484210526,3.34,2.98,0.248366013,3.36359,1.49
K2NaMoBr6,1.4723,True,1.8,1.45,0.82,3,5.0,0.69,11.0,1.23,0.35,0.904292864,0.43622449,0,1,0,0,0.33,0.352040816,2.03,0.8,31,1.38,5.63,0.490230906,3.34,2.98,0.225490196,3.36359,1.545
K2NaBiBr6,3.1276,False,1.8,1.6,0.82,3,6.0,1.03,11.0,1.09,0.2,0.852792098,0.522959184,0,1,0,0,0.01,0.525510204,2.03,0.94,72,1.38,5.97,0.462311558,3.34,2.98,0.336601307,3.36359,1.475
K2LiYBr6,4.036,True,1.45,1.8,0.82,2,5.0,0.9,3.0,0.24,0.35,0.912395847,0.423469388,0,1,0,0,0.14,0.459183673,1.98,1.74,36,1.38,5.58,0.494623656,3.34,2.72,0.394736842,3.36359,1.1
K2LiSbBr6,2.3188,False,1.45,1.45,0.82,2,5.0,0.76,3.0,1.07,0.0,0.935876622,0.387755102,0,1,0,0,0.0,0.387755102,1.98,0.91,48,1.38,5.44,0.507352941,3.34,2.72,0.333333333,3.36359,1.515
K2LiPrBr6,3.9531,True,1.45,1.85,0.82,2,6.0,0.99,3.0,0.15,0.4,0.897913373,0.446428571,0,1,0,0,0.23,0.505102041,1.98,1.83,56,1.38,5.67,0.486772487,3.34,2.72,0.434210526,3.36359,1.055
K2LiNdBr6,3.973,True,1.45,1.85,0.82,2,6.0,0.983,3.0,0.16,0.4,0.899023278,0.444642857,0,1,0,0,0.223,0.501530612,1.98,1.82,57,1.38,5.663,0.487374183,3.34,2.72,0.431140351,3.36359,1.06
K2LiBiBr6,2.9174,False,1.45,1.6,0.82,2,6.0,1.03,3.0,1.04,0.15,0.891623262,0.456632653,0,1,0,0,0.27,0.525510204,1.98,0.94,80,1.38,5.71,0.483362522,3.34,2.72,0.451754386,3.36359,1.5
K2CuSbBr6,0.4007,False,1.35,1.45,0.82,4,5.0,0.76,29.0,0.15,0.1,0.934159417,0.390306122,0,1,0,0,0.01,0.387755102,1.06,0.91,22,1.38,5.45,0.506422018,3.34,2.73,0.329004329,3.36359,1.975
K2PrCuBr6,2.2293,False,1.35,1.85,0.82,4,6.0,0.99,29.0,0.77,0.5,0.89633254,0.448979592,0,1,0,0,0.22,0.505102041,1.06,1.83,30,1.38,5.68,0.485915493,3.34,2.73,0.428571429,3.36359,1.515
K2NdCuBr6,2.2312,False,1.35,1.85,0.82,4,6.0,0.983,29.0,0.76,0.5,0.897438538,0.447193878,0,1,0,0,0.213,0.501530612,1.06,1.82,31,1.38,5.673,0.486515071,3.34,2.73,0.425541126,3.36359,1.52
K2CuBiBr6,0.8862,False,1.35,1.6,0.82,4,6.0,1.03,29.0,0.12,0.25,0.89006448,0.459183673,0,1,0,0,0.26,0.525510204,1.06,0.94,54,1.38,5.72,0.482517483,3.34,2.73,0.445887446,3.36359,1.96
K2YAgBr6,3.2941,False,1.6,1.8,0.82,5,5.0,0.9,47.0,0.71,0.2,0.852792098,0.522959184,0,1,0,0,0.25,0.459183673,1.03,1.74,8,1.38,5.97,0.462311558,3.34,3.11,0.260869565,3.36359,1.575
K2AgSbBr6,1.1248,False,1.6,1.45,0.82,5,5.0,0.76,47.0,0.12,0.15,0.87327081,0.487244898,0,1,0,0,0.39,0.387755102,1.03,0.91,4,1.38,5.83,0.473413379,3.34,3.11,0.220289855,3.36359,1.99
K2PrAgBr6,3.1831,False,1.6,1.85,0.82,5,6.0,0.99,47.0,0.8,0.25,0.840126869,0.545918367,0,1,0,0,0.16,0.505102041,1.03,1.83,12,1.38,6.06,0.455445545,3.34,3.11,0.286956522,3.36359,1.53
K2NdAgBr6,3.2105,False,1.6,1.85,0.82,5,6.0,0.983,47.0,0.79,0.25,0.841098435,0.544132653,0,1,0,0,0.167,0.501530612,1.03,1.82,13,1.38,6.053,0.455972245,3.34,3.11,0.284927536,3.36359,1.535
K2AgMoBr6,0.6656,True,1.6,1.45,0.82,5,5.0,0.69,47.0,0.23,0.15,0.883883476,0.469387755,0,1,0,0,0.46,0.352040816,1.03,0.8,5,1.38,5.76,0.479166667,3.34,3.11,0.2,3.36359,2.045
K2CeAgBr6,2.5986,False,1.6,1.85,0.82,5,6.0,1.01,47.0,0.81,0.25,0.837363294,0.551020408,0,1,0,0,0.14,0.515306122,1.03,1.84,11,1.38,6.08,0.453947368,3.34,3.11,0.292753623,3.36359,1.525
K2AgBiBr6,1.5765,False,1.6,1.6,0.82,5,6.0,1.03,47.0,0.09,0.0,0.83461784,0.556122449,0,1,0,0,0.12,0.525510204,1.03,0.94,36,1.38,6.1,0.452459016,3.34,3.11,0.298550725,3.36359,1.975
K2NaPrBr6,3.9823,True,1.8,1.85,0.82,3,6.0,0.99,11.0,0.2,0.05,0.85854449,0.512755102,0,1,0,0,0.03,0.505102041,2.03,1.83,48,1.38,5.93,0.465430017,3.34,2.98,0.323529412,3.36359,1.03
K2NaNdBr6,4.0009,True,1.8,1.85,0.82,3,6.0,0.983,11.0,0.21,0.05,0.859559146,0.510969388,0,1,0,0,0.037,0.501530612,2.03,1.82,49,1.38,5.923,0.465980078,3.34,2.98,0.32124183,3.36359,1.035
K2NaCeBr6,0.3152,False,1.8,1.85,0.82,3,6.0,1.01,11.0,0.19,0.05,0.855658626,0.517857143,0,1,0,0,0.01,0.515306122,2.03,1.84,47,1.38,5.95,0.463865546,3.34,2.98,0.330065359,3.36359,1.025
K2TlGaBr6,1.6,False,1.9,1.3,0.82,6,4.0,0.62,81.0,0.19,0.6,0.842908746,0.540816327,0,1,0,0,0.88,0.316326531,1.34,1.15,50,1.38,6.04,0.456953642,3.34,3.46,0.137777778,3.36359,1.715
K2LiCeBr6,0.2916,False,1.45,1.85,0.82,2,6.0,1.01,3.0,0.14,0.4,0.894757263,0.451530612,0,1,0,0,0.25,0.515306122,1.98,1.84,55,1.38,5.69,0.485061511,3.34,2.72,0.442982456,3.36359,1.05
K2ScTlBr6,3.0604,True,1.9,1.6,0.82,6,4.0,0.745,81.0,0.26,0.3,0.825818139,0.572704082,0,1,0,0,0.755,0.380102041,1.34,1.6,60,1.38,6.165,0.447688564,3.34,3.46,0.165555556,3.36359,1.49
K2YTlBr6,3.4148,False,1.9,1.8,0.82,6,5.0,0.9,81.0,0.4,0.1,0.805564687,0.612244898,0,1,0,0,0.6,0.459183673,1.34,1.74,42,1.38,6.32,0.436708861,3.34,3.46,0.2,3.36359,1.42
K2RbTlBr6,1.5429,True,2.35,1.9,0.82,5,6.0,1.5,37.0,0.8,0.45,0.733597813,0.770408163,0,1,0,0,0.02,0.765306122,2.14,1.34,44,1.38,6.94,0.397694524,3.34,3.48,0.328947368,3.36359,1.22
K2RbInBr6,2.5232,True,2.35,1.55,0.82,5,5.0,0.8,37.0,0.96,0.8,0.81589244,0.591836735,0,1,0,0,0.72,0.408163265,2.14,1.18,12,1.38,6.24,0.442307692,3.34,3.48,0.175438596,3.36359,1.3
K2RbGaBr6,2.3254,True,2.35,1.3,0.82,5,4.0,0.62,37.0,0.99,1.05,0.840126869,0.545918367,0,1,0,0,0.9,0.316326531,2.14,1.15,6,1.38,6.06,0.455445545,3.34,3.48,0.135964912,3.36359,1.315
K2NaAsBr6,2.5764,False,1.8,1.15,0.82,3,4.0,0.58,11.0,1.25,0.65,0.922313193,0.408163265,0,1,0,0,0.44,0.295918367,2.03,0.78,22,1.38,5.52,0.5,3.34,2.98,0.189542484,3.36359,1.555
K2NaAuBr6,0.0,False,1.8,1.35,0.82,3,6.0,0.85,11.0,1.61,0.45,0.879303769,0.477040816,0,1,0,0,0.17,0.433673469,2.03,0.42,68,1.38,5.79,0.476683938,3.34,2.98,0.277777778,3.36359,1.735
K2LiTlBr6,0.5593,True,1.45,1.9,0.82,2,6.0,1.5,3.0,0.64,0.45,0.823813726,0.576530612,0,1,0,0,0.74,0.765306122,1.98,1.34,78,1.38,6.18,0.446601942,3.34,2.72,0.657894737,3.36359,1.3
K2TlInBr6,2.1232,False,1.9,1.55,0.82,6,5.0,0.8,81.0,0.16,0.35,0.818515888,0.586734694,0,1,0,0,0.7,0.408163265,1.34,1.18,32,1.38,6.22,0.443729904,3.34,3.46,0.177777778,3.36359,1.7
K2TlAuBr6,0.0,False,1.9,1.35,0.82,6,6.0,0.85,81.0,0.92,0.55,0.811988648,0.599489796,0,1,0,0,0.65,0.433673469,1.34,0.42,2,1.38,6.27,0.440191388,3.34,3.46,0.188888889,3.36359,2.08
K2TlAsBr6,1.5711,True,1.9,1.15,0.82,6,4.0,0.58,81.0,0.56,0.75,0.848528137,0.530612245,0,1,0,0,0.92,0.295918367,1.34,0.78,48,1.38,6.0,0.46,3.34,3.46,0.128888889,3.36359,1.9
K2AlTlBr6,2.8488,False,1.9,1.25,0.82,6,3.0,0.535,81.0,0.01,0.65,0.854940189,0.519132653,0,1,0,0,0.965,0.272959184,1.34,1.35,68,1.38,5.955,0.463476071,3.34,3.46,0.118888889,3.36359,1.615
K2RbScBr6,3.2468,False,2.35,1.6,0.82,5,4.0,0.745,37.0,0.54,0.75,0.823147749,0.577806122,0,1,0,0,0.775,0.380102041,2.14,1.6,16,1.38,6.185,0.446240905,3.34,3.48,0.163377193,3.36359,1.09
K2RbAuBr6,0.0,False,2.35,1.35,0.82,5,6.0,0.85,37.0,1.72,1.0,0.809406808,0.604591837,0,1,0,0,0.67,0.433673469,2.14,0.42,42,1.38,6.29,0.438791733,3.34,3.48,0.186403509,3.36359,1.68
K2RbAsBr6,3.0965,True,2.35,1.15,0.82,5,4.0,0.58,37.0,1.36,1.2,0.845709107,0.535714286,0,1,0,0,0.94,0.295918367,2.14,0.78,4,1.38,6.02,0.458471761,3.34,3.48,0.127192982,3.36359,1.5
K2RbAlBr6,3.3626,True,2.35,1.25,0.82,5,3.0,0.535,37.0,0.79,1.1,0.852078464,0.524234694,0,1,0,0,0.985,0.272959184,2.14,1.35,24,1.38,5.975,0.461924686,3.34,3.48,0.117324561,3.36359,1.215
K2NaInBr6,2.0195,True,1.8,1.55,0.82,3,5.0,0.8,11.0,0.85,0.25,0.88696321,0.464285714,0,1,0,0,0.22,0.408163265,2.03,1.18,38,1.38,5.74,0.480836237,3.34,2.98,0.261437908,3.36359,1.355
K2NaGaBr6,1.6303,True,1.8,1.3,0.82,3,4.0,0.62,11.0,0.88,0.5,0.915677846,0.418367347,0,1,0,0,0.4,0.316326531,2.03,1.15,20,1.38,5.56,0.496402878,3.34,2.98,0.202614379,3.36359,1.37
K2NaScBr6,3.0952,False,1.8,1.6,0.82,3,4.0,0.745,11.0,0.43,0.2,0.895544208,0.450255102,0,1,0,0,0.275,0.380102041,2.03,1.6,10,1.38,5.685,0.485488127,3.34,2.98,0.243464052,3.36359,1.145
K2NaTlBr6,1.0308,True,1.8,1.9,0.82,3,6.0,1.5,11.0,0.69,0.1,0.790554165,0.642857143,0,1,0,0,0.48,0.765306122,2.03,1.34,70,1.38,6.44,0.428571429,3.34,2.98,0.490196078,3.36359,1.275
K2ScHgBr6,0.0,False,1.5,1.6,0.82,6,4.0,0.745,80.0,0.64,0.1,0.883116882,0.470663265,0,1,0,0,0.355,0.380102041,0.96,1.6,59,1.38,5.765,0.478751084,3.34,3.06,0.225757576,3.36359,1.68
K2HgAuBr6,0.0,False,1.5,1.35,0.82,6,6.0,0.85,80.0,0.54,0.15,0.867320072,0.49744898,0,1,0,0,0.25,0.433673469,0.96,0.42,1,1.38,5.87,0.470187394,3.34,3.06,0.257575758,3.36359,2.27
K2ScAuBr6,1.7408,False,1.35,1.6,0.82,6,4.0,0.745,79.0,1.18,0.25,0.923149379,0.406887755,0,1,0,0,0.105,0.380102041,0.42,1.6,58,1.38,5.515,0.500453309,3.34,2.81,0.292156863,3.36359,1.95
K2BiAuBr6,0.389,False,1.6,1.35,0.82,6,0.85,79.0,1.03,0.52,0.25,0.877787728,0.479591837,0,1,0,0,0.18,0.42,0.525510204,2.81,4,1.38,5.8,0.475862069,3.34,0.94,0.403921569,3.36359,2.28
K2ScAgBr6,2.8359,False,1.6,1.6,0.82,5,4.0,0.745,47.0,0.57,0.0,0.875523444,0.483418367,0,1,0,0,0.405,0.380102041,1.03,1.6,26,1.38,5.815,0.474634566,3.34,3.11,0.215942029,3.36359,1.645
K2AlAuBr6,0.0,False,1.35,1.25,0.82,6,3.0,0.535,79.0,0.93,0.1,0.959692521,0.353316327,0,1,0,0,0.315,0.272959184,0.42,1.35,66,1.38,5.305,0.520263902,3.34,2.81,0.209803922,3.36359,2.075
K2AgAsBr6,0.7592,False,1.6,1.15,0.82,5,4.0,0.58,47.0,0.25,0.45,0.901091827,0.441326531,0,1,0,0,0.57,0.295918367,1.03,0.78,14,1.38,5.65,0.488495575,3.34,3.11,0.168115942,3.36359,2.055
K2ScInBr6,2.3286,True,1.55,1.6,0.82,5,4.0,0.745,49.0,0.42,0.05,0.931595393,0.394132653,0,1,0,0,0.055,0.380102041,1.18,1.6,28,1.38,5.465,0.505032022,3.34,2.76,0.310416667,3.36359,1.57
K2YHgBr6,0.0,False,1.5,1.8,0.82,6,5.0,0.9,80.0,0.78,0.3,0.859994734,0.510204082,0,1,0,0,0.2,0.459183673,0.96,1.74,41,1.38,5.92,0.466216216,3.34,3.06,0.272727273,3.36359,1.61
K2TlHgBr6,0.0,False,1.5,1.9,0.82,6,1.5,81.0,1.1,0.38,0.4,0.780854114,0.663265306,0,1,0,0,0.4,1.34,0.56122449,3.46,1,1.38,6.52,0.423312883,3.34,0.96,0.244444444,3.36359,1.81
K2HgSbBr6,0.0,False,1.5,1.45,0.82,6,5.0,0.76,80.0,0.05,0.05,0.880825056,0.474489796,0,1,0,0,0.34,0.387755102,0.96,0.91,29,1.38,5.78,0.477508651,3.34,3.06,0.23030303,3.36359,2.025
K2YCuBr6,2.3227,False,1.35,1.8,0.82,4,5.0,0.9,29.0,0.68,0.45,0.910763654,0.426020408,0,1,0,0,0.13,0.459183673,1.06,1.74,10,1.38,5.59,0.493738819,3.34,2.73,0.38961039,3.36359,1.56
K2YAuBr6,1.8862,False,1.35,1.8,0.82,6,5.0,0.9,79.0,1.32,0.45,0.897913373,0.446428571,0,1,0,0,0.05,0.459183673,0.42,1.74,40,1.38,5.67,0.486772487,3.34,2.81,0.352941176,3.36359,1.88
K2InAuBr6,0.0,False,1.55,1.35,0.82,6,0.85,79.0,0.8,0.76,0.2,0.9140339,0.420918367,0,1,0,0,0.05,0.42,0.408163265,2.81,30,1.38,5.57,0.49551167,3.34,1.18,0.31372549,3.36359,2.16
K2GaAuBr6,0.0,False,1.35,1.3,0.82,6,4.0,0.62,79.0,0.73,0.05,0.944558223,0.375,0,1,0,0,0.23,0.316326531,0.42,1.15,48,1.38,5.39,0.512059369,3.34,2.81,0.243137255,3.36359,2.175
K2AgAuBr6,0.0,False,1.6,1.35,0.82,5,6.0,0.85,47.0,0.61,0.25,0.859994734,0.510204082,0,1,0,0,0.3,0.433673469,1.03,0.42,32,1.38,5.92,0.466216216,3.34,3.11,0.246376812,3.36359,2.235
K2AlAgBr6,1.4617,True,1.6,1.25,0.82,5,3.0,0.535,47.0,0.32,0.35,0.908326284,0.429846939,0,1,0,0,0.615,0.272959184,1.03,1.35,34,1.38,5.605,0.492417484,3.34,3.11,0.155072464,3.36359,1.77
K2InCuBr6,0.0,False,1.35,1.55,0.82,4,5.0,0.8,29.0,0.12,0.2,0.927353156,0.400510204,0,1,0,0,0.03,0.408163265,1.06,1.18,20,1.38,5.49,0.50273224,3.34,2.73,0.346320346,3.36359,1.84
K2InSbBr6,0.6289,True,1.55,1.45,0.82,5,0.76,51.0,0.8,0.27,0.1,0.929045406,0.397959184,0,1,0,0,0.04,0.91,0.408163265,2.72,2,1.38,5.48,0.503649635,3.34,1.18,0.350877193,3.36359,1.915
K2InGaBr6,1.0688,False,1.3,1.55,0.82,4,5.0,0.8,31.0,0.03,0.25,0.953402402,0.362244898,0,1,0,0,0.18,0.408163265,1.15,1.18,18,1.38,5.34,0.516853933,3.34,2.58,0.430107527,3.36359,1.795
K2AlInBr6,1.7287,False,1.55,1.25,0.82,5,3.0,0.535,49.0,0.17,0.3,0.968823753,0.340561224,0,1,0,0,0.265,0.272959184,1.18,1.35,36,1.38,5.255,0.525214082,3.34,2.76,0.222916667,3.36359,1.695
K2InHgBr6,0.0,False,1.5,1.55,0.82,6,5.0,0.8,80.0,0.22,0.05,0.874771276,0.484693878,0,1,0,0,0.3,0.408163265,0.96,1.18,31,1.38,5.82,0.474226804,3.34,3.06,0.242424242,3.36359,1.89
K2GaHgBr6,0.0,False,1.5,1.3,0.82,6,4.0,0.62,80.0,0.19,0.2,0.902689508,0.43877551,0,1,0,0,0.48,0.316326531,0.96,1.15,49,1.38,5.64,0.489361702,3.34,3.06,0.187878788,3.36359,1.905
K2HgBiBr6,0.0,False,1.5,1.6,0.82,6,6.0,1.03,80.0,0.02,0.1,0.841515508,0.543367347,0,1,0,0,0.07,0.525510204,0.96,0.94,3,1.38,6.05,0.456198347,3.34,3.06,0.312121212,3.36359,2.01
K2HgAsBr6,0.0,False,1.5,1.15,0.82,6,4.0,0.58,80.0,0.18,0.35,0.90913729,0.428571429,0,1,0,0,0.52,0.295918367,0.96,0.78,47,1.38,5.6,0.492857143,3.34,3.06,0.175757576,3.36359,2.09
K2AlHgBr6,0.0,False,1.5,1.25,0.82,6,3.0,0.535,80.0,0.39,0.25,0.916502039,0.417091837,0,1,0,0,0.565,0.272959184,0.96,1.35,67,1.38,5.555,0.496849685,3.34,3.06,0.162121212,3.36359,1.805
K2TlCuBr6,0.0,False,1.35,1.9,0.82,6,1.5,81.0,0.77,0.28,0.55,0.822482847,0.579081633,0,1,0,0,0.73,1.34,0.392857143,3.46,52,1.38,6.19,0.445880452,3.34,1.06,0.171111111,3.36359,1.76
K2SbAuBr6,0.238,False,1.35,1.45,0.82,6,5.0,0.76,79.0,0.49,0.1,0.920645357,0.410714286,0,1,0,0,0.09,0.387755102,0.42,0.91,28,1.38,5.53,0.499095841,3.34,2.81,0.298039216,3.36359,2.295
K2AsAuBr6,0.1518,False,1.35,1.15,0.82,6,4.0,0.58,79.0,0.36,0.2,0.951620341,0.364795918,0,1,0,0,0.27,0.295918367,0.42,0.78,46,1.38,5.35,0.51588785,3.34,2.81,0.22745098,3.36359,2.36
K2TlAgBr6,0.0,False,1.6,1.9,0.82,6,1.5,81.0,1.15,0.31,0.3,0.774911541,0.676020408,0,1,0,0,0.35,1.34,0.586734694,3.46,34,1.38,6.57,0.420091324,3.34,1.03,0.255555556,3.36359,1.775
K2InAgBr6,0.1875,True,1.6,1.55,0.82,5,5.0,0.8,47.0,0.15,0.05,0.867320072,0.49744898,0,1,0,0,0.35,0.408163265,1.03,1.18,2,1.38,5.87,0.470187394,3.34,3.11,0.231884058,3.36359,1.855
K2GaAgBr6,0.0,False,1.6,1.3,0.82,5,4.0,0.62,47.0,0.12,0.3,0.894757263,0.451530612,0,1,0,0,0.53,0.316326531,1.03,1.15,16,1.38,5.69,0.485061511,3.34,3.11,0.179710145,3.36359,1.87
K2CeCuBr6,0.2116,False,1.35,1.85,0.82,4,6.0,1.01,29.0,0.78,0.5,0.893187513,0.454081633,0,1,0,0,0.24,0.515306122,1.06,1.84,29,1.38,5.7,0.484210526,3.34,2.73,0.437229437,3.36359,1.51
K2RbYCl6,4.4925,True,2.35,1.8,0.82,5,5.0,0.9,37.0,0.4,0.55,0.807787548,0.668508287,1,0,0,0,0.62,0.497237569,2.34,1.94,2,1.38,6.04,0.456953642,3.19,3.33,0.197368421,3.61272,1.02
K2RbSbCl6,3.3633,True,2.35,1.45,0.82,5,5.0,0.76,37.0,1.23,0.9,0.826955388,0.629834254,1,0,0,0,0.76,0.419889503,2.34,1.11,14,1.38,5.9,0.46779661,3.19,3.33,0.166666667,3.61272,1.435
K2RbMoCl6,1.6332,True,2.35,1.45,0.82,5,5.0,0.69,37.0,1.34,0.9,0.836884527,0.610497238,1,0,0,0,0.83,0.38121547,2.34,1.0,5,1.38,5.83,0.473413379,3.19,3.33,0.151315789,3.61272,1.49
K2RbPrCl6,4.3496,True,2.35,1.85,0.82,5,6.0,0.99,37.0,0.31,0.5,0.795927698,0.693370166,1,0,0,0,0.53,0.546961326,2.34,2.03,22,1.38,6.13,0.450244698,3.19,3.33,0.217105263,3.61272,0.975
K2RbNdCl6,4.3595,True,2.35,1.85,0.82,5,6.0,0.983,37.0,0.32,0.5,0.796837627,0.691436464,1,0,0,0,0.537,0.543093923,2.34,2.02,23,1.38,6.123,0.450759432,3.19,3.33,0.215570175,3.61272,0.98
K2RbCeCl6,0.3325,False,2.35,1.85,0.82,5,6.0,1.01,37.0,0.3,0.5,0.793339315,0.698895028,1,0,0,0,0.51,0.55801105,2.34,2.04,21,1.38,6.15,0.448780488,3.19,3.33,0.221491228,3.61272,0.97
K2RbBiCl6,3.9638,False,2.35,1.6,0.82,5,6.0,1.03,37.0,1.2,0.75,0.790767713,0.70441989,1,0,0,0,0.49,0.569060773,2.34,1.14,46,1.38,6.17,0.44732577,3.19,3.33,0.225877193,3.61272,1.42
K2LiMoCl6,1.4862,False,1.45,1.45,0.82,2,5.0,0.69,3.0,1.18,0.0,0.962334673,0.400552486,1,0,0,0,0.07,0.38121547,2.18,1.0,39,1.38,5.07,0.544378698,3.19,2.57,0.302631579,3.61272,1.57
K2CuSbCl6,0.583,False,1.35,1.45,0.82,4,5.0,0.76,29.0,0.15,0.1,0.947385785,0.422651934,1,0,0,0,0.01,0.419889503,1.26,1.11,22,1.38,5.15,0.53592233,3.19,2.58,0.329004329,3.61272,1.975
K2AgMoCl6,1.0353,True,1.6,1.45,0.82,5,5.0,0.69,47.0,0.23,0.15,0.893596482,0.508287293,1,0,0,0,0.46,0.38121547,1.23,1.0,5,1.38,5.46,0.505494505,3.19,2.96,0.2,3.61272,2.045
K2NaYCl6,4.9526,True,1.8,1.8,0.82,3,5.0,0.9,11.0,0.29,0.0,0.880692561,0.53038674,1,0,0,0,0.12,0.497237569,2.23,1.94,28,1.38,5.54,0.498194946,3.19,2.83,0.294117647,3.61272,1.075
K2NaMoCl6,1.5542,False,1.8,1.45,0.82,3,5.0,0.69,11.0,1.23,0.35,0.915391518,0.472375691,1,0,0,0,0.33,0.38121547,2.23,1.0,31,1.38,5.33,0.51782364,3.19,2.83,0.225490196,3.61272,1.545
K2NaInCl6,3.2151,True,1.8,1.55,0.82,3,5.0,0.8,11.0,0.85,0.25,0.896881763,0.502762431,1,0,0,0,0.22,0.44198895,2.23,1.38,38,1.38,5.44,0.507352941,3.19,2.83,0.261437908,3.61272,1.355
K2LiYCl6,4.9248,True,1.45,1.8,0.82,2,5.0,0.9,3.0,0.24,0.35,0.924059998,0.458563536,1,0,0,0,0.14,0.497237569,2.18,1.94,36,1.38,5.28,0.522727273,3.19,2.57,0.394736842,3.61272,1.1
K2LiTbCl6,4.9973,True,1.45,1.75,0.82,2,6.0,0.923,3.0,0.12,0.3,0.920052195,0.464917127,1,0,0,0,0.163,0.509944751,2.18,2.06,62,1.38,5.303,0.520460117,3.19,2.57,0.404824561,3.61272,1.04
K2LiSbCl6,2.9339,False,1.45,1.45,0.82,2,5.0,0.76,3.0,1.07,0.0,0.949228948,0.419889503,1,0,0,0,0.0,0.419889503,2.18,1.11,48,1.38,5.14,0.536964981,3.19,2.57,0.333333333,3.61272,1.515
K2LiPrCl6,4.8264,True,1.45,1.85,0.82,2,6.0,0.99,3.0,0.15,0.4,0.908572959,0.483425414,1,0,0,0,0.23,0.546961326,2.18,2.03,56,1.38,5.37,0.51396648,3.19,2.57,0.434210526,3.61272,1.055
K2LiNdCl6,4.8605,True,1.45,1.85,0.82,2,6.0,0.983,3.0,0.16,0.4,0.909758864,0.481491713,1,0,0,0,0.223,0.543093923,2.18,2.02,57,1.38,5.363,0.51463733,3.19,2.57,0.431140351,3.61272,1.06
K2LiBiCl6,3.6182,False,1.45,1.6,0.82,2,6.0,1.03,3.0,1.04,0.15,0.901855229,0.494475138,1,0,0,0,0.27,0.569060773,2.18,1.14,80,1.38,5.41,0.510166359,3.19,2.57,0.451754386,3.61272,1.5
K2CuBiCl6,1.1617,False,1.35,1.6,0.82,4,6.0,1.03,29.0,0.12,0.25,0.90019129,0.497237569,1,0,0,0,0.26,0.569060773,1.26,1.14,54,1.38,5.42,0.509225092,3.19,2.58,0.445887446,3.61272,1.96
K2YAgCl6,3.6689,False,1.6,1.8,0.82,5,5.0,0.9,47.0,0.71,0.2,0.860500316,0.566298343,1,0,0,0,0.25,0.497237569,1.23,1.94,8,1.38,5.67,0.486772487,3.19,2.96,0.260869565,3.61272,1.575
K2AgSbCl6,1.6025,False,1.6,1.45,0.82,5,5.0,0.76,47.0,0.12,0.15,0.882285134,0.527624309,1,0,0,0,0.39,0.419889503,1.23,1.11,4,1.38,5.53,0.499095841,3.19,2.96,0.220289855,3.61272,1.99
K2InAgCl6,1.2922,True,1.6,1.55,0.82,5,5.0,0.8,47.0,0.15,0.05,0.875949154,0.538674033,1,0,0,0,0.35,0.44198895,1.23,1.38,2,1.38,5.57,0.49551167,3.19,2.96,0.231884058,3.61272,1.855
K2NaSbCl6,3.1323,False,1.8,1.45,0.82,3,5.0,0.76,11.0,1.12,0.35,0.903525332,0.491712707,1,0,0,0,0.26,0.419889503,2.23,1.11,40,1.38,5.4,0.511111111,3.19,2.83,0.248366013,3.61272,1.49
K2NaPrCl6,4.7855,True,1.8,1.85,0.82,3,6.0,0.99,11.0,0.2,0.05,0.866613995,0.555248619,1,0,0,0,0.03,0.546961326,2.23,2.03,48,1.38,5.63,0.490230906,3.19,2.83,0.323529412,3.61272,1.03
K2NaNdCl6,4.8337,True,1.8,1.85,0.82,3,6.0,0.983,11.0,0.21,0.05,0.867692831,0.553314917,1,0,0,0,0.037,0.543093923,2.23,2.02,49,1.38,5.623,0.490841188,3.19,2.83,0.32124183,3.61272,1.035
K2NaCeCl6,0.3201,False,1.8,1.85,0.82,3,6.0,1.01,11.0,0.19,0.05,0.863546335,0.560773481,1,0,0,0,0.01,0.55801105,2.23,2.04,47,1.38,5.65,0.488495575,3.19,2.83,0.330065359,3.61272,1.025
K2NaBiCl6,3.7886,False,1.8,1.6,0.82,3,6.0,1.03,11.0,1.09,0.2,0.860500316,0.566298343,1,0,0,0,0.01,0.569060773,2.23,1.14,72,1.38,5.67,0.486772487,3.19,2.83,0.336601307,3.61272,1.475
K2PrAgCl6,3.4664,False,1.6,1.85,0.82,5,6.0,0.99,47.0,0.8,0.25,0.847054998,0.591160221,1,0,0,0,0.16,0.546961326,1.23,2.03,12,1.38,5.76,0.479166667,3.19,2.96,0.286956522,3.61272,1.53
K2NdAgCl6,3.4986,False,1.6,1.85,0.82,5,6.0,0.983,47.0,0.79,0.25,0.848085658,0.589226519,1,0,0,0,0.167,0.543093923,1.23,2.02,13,1.38,5.753,0.479749696,3.19,2.96,0.284927536,3.61272,1.535
K2CeAgCl6,2.8498,False,1.6,1.85,0.82,5,6.0,1.01,47.0,0.81,0.25,0.844124012,0.596685083,1,0,0,0,0.14,0.55801105,1.23,2.04,11,1.38,5.78,0.477508651,3.19,2.96,0.292753623,3.61272,1.525
K2AgBiCl6,2.0583,False,1.6,1.6,0.82,5,6.0,1.03,47.0,0.09,0.0,0.84121324,0.602209945,1,0,0,0,0.12,0.569060773,1.23,1.14,36,1.38,5.8,0.475862069,3.19,2.96,0.298550725,3.61272,1.975
K2LiLuCl6,5.0952,True,1.45,1.75,0.82,2,6.0,0.861,3.0,0.29,0.3,0.930936232,0.447790055,1,0,0,0,0.101,0.475690608,2.18,1.89,68,1.38,5.241,0.526617058,3.19,2.57,0.377631579,3.61272,1.125
K2NaGaCl6,2.9202,True,1.8,1.3,0.82,3,4.0,0.62,11.0,0.88,0.5,0.927573534,0.453038674,1,0,0,0,0.4,0.342541436,2.23,1.35,20,1.38,5.26,0.524714829,3.19,2.83,0.202614379,3.61272,1.37
K2NaAuCl6,0.0,False,1.8,1.35,0.82,3,6.0,0.85,11.0,1.61,0.45,0.888713441,0.516574586,1,0,0,0,0.17,0.46961326,2.23,0.62,68,1.38,5.49,0.50273224,3.19,2.83,0.277777778,3.61272,1.735
K2ScTlCl6,3.3972,True,1.9,1.6,0.82,6,4.0,0.745,81.0,0.26,0.3,0.831890331,0.620165746,1,0,0,0,0.755,0.41160221,1.54,1.8,60,1.38,5.865,0.470588235,3.19,3.31,0.165555556,3.61272,1.49
K2RbAuCl6,0.1648,False,2.35,1.35,0.82,5,6.0,0.85,37.0,1.72,1.0,0.814530349,0.654696133,1,0,0,0,0.67,0.46961326,2.34,0.62,42,1.38,5.99,0.460767947,3.19,3.33,0.186403509,3.61272,1.68
K2NaLaCl6,4.6105,True,1.8,1.95,0.82,3,6.0,1.032,11.0,0.17,0.15,0.860196895,0.566850829,1,0,0,0,0.012,0.570165746,2.23,2.06,46,1.38,5.672,0.486600846,3.19,2.83,0.337254902,3.61272,1.015
K2TlSbCl6,1.9155,True,1.9,1.45,0.82,6,5.0,0.76,81.0,0.43,0.45,0.829768162,0.624309392,1,0,0,0,0.74,0.419889503,1.54,1.11,30,1.38,5.88,0.469387755,3.19,3.31,0.168888889,3.61272,1.835
K2RbTmCl6,4.5162,True,2.35,1.75,0.82,5,6.0,0.88,37.0,0.43,0.6,0.810471228,0.662983425,1,0,0,0,0.64,0.486187845,2.34,1.91,32,1.38,6.02,0.458471761,3.19,3.33,0.192982456,3.61272,1.035
K2RbTbCl6,4.2001,True,2.35,1.75,0.82,5,6.0,0.923,37.0,0.28,0.6,0.804723205,0.674861878,1,0,0,0,0.597,0.509944751,2.34,2.06,28,1.38,6.063,0.455220188,3.19,3.33,0.202412281,3.61272,0.96
K2RbScCl6,4.0698,False,2.35,1.6,0.82,5,4.0,0.745,37.0,0.54,0.75,0.829063176,0.625690608,1,0,0,0,0.775,0.41160221,2.34,1.8,16,1.38,5.885,0.468988955,3.19,3.33,0.163377193,3.61272,1.09
K2RbLuCl6,4.5442,True,2.35,1.75,0.82,5,6.0,0.861,37.0,0.45,0.6,0.813037292,0.657734807,1,0,0,0,0.659,0.475690608,2.34,1.89,34,1.38,6.001,0.459923346,3.19,3.33,0.188815789,3.61272,1.045
K2RbInCl6,3.7137,True,2.35,1.55,0.82,5,5.0,0.8,37.0,0.96,0.8,0.821386665,0.640883978,1,0,0,0,0.72,0.44198895,2.34,1.38,12,1.38,5.94,0.464646465,3.19,3.33,0.175438596,3.61272,1.3
K2RbGdCl6,3.2314,True,2.35,1.8,0.82,5,6.0,0.938,37.0,0.38,0.55,0.802737215,0.679005525,1,0,0,0,0.582,0.518232044,2.34,1.96,27,1.38,6.078,0.454096742,3.19,3.33,0.205701754,3.61272,1.01
K2RbDyCl6,4.5105,True,2.35,1.75,0.82,5,6.0,0.912,37.0,0.4,0.6,0.806185854,0.671823204,1,0,0,0,0.608,0.503867403,2.34,1.94,29,1.38,6.052,0.456047588,3.19,3.33,0.2,3.61272,1.02
K2RbErCl6,4.5391,True,2.35,1.75,0.82,5,6.0,0.89,37.0,0.42,0.6,0.809127163,0.665745856,1,0,0,0,0.63,0.491712707,2.34,1.92,31,1.38,6.03,0.457711443,3.19,3.33,0.195175439,3.61272,1.03
K2NaSmCl6,4.8597,True,1.8,1.85,0.82,3,6.0,0.958,11.0,0.24,0.05,0.871567844,0.54640884,1,0,0,0,0.062,0.529281768,2.23,1.99,51,1.38,5.598,0.493033226,3.19,2.83,0.313071895,3.61272,1.05
K2NaGdCl6,3.1345,True,1.8,1.8,0.82,3,6.0,0.938,11.0,0.27,0.0,0.874692863,0.540883978,1,0,0,0,0.082,0.518232044,2.23,1.96,53,1.38,5.578,0.494801004,3.19,2.83,0.306535948,3.61272,1.065
K2LiSmCl6,4.9171,True,1.45,1.85,0.82,2,6.0,0.958,3.0,0.19,0.4,0.914019631,0.474585635,1,0,0,0,0.198,0.529281768,2.18,1.99,59,1.38,5.338,0.517047583,3.19,2.57,0.420175439,3.61272,1.075
K2LiErCl6,5.0496,True,1.45,1.75,0.82,2,6.0,0.89,3.0,0.26,0.3,0.925813433,0.455801105,1,0,0,0,0.13,0.491712707,2.18,1.92,65,1.38,5.27,0.523719165,3.19,2.57,0.390350877,3.61272,1.11
K2LiLaCl6,4.554,True,1.45,1.95,0.82,2,6.0,1.032,3.0,0.12,0.5,0.901521949,0.495027624,1,0,0,0,0.272,0.570165746,2.18,2.06,54,1.38,5.412,0.509977827,3.19,2.57,0.452631579,3.61272,1.04
K2LiDyCl6,5.0198,True,1.45,1.75,0.82,2,6.0,0.912,3.0,0.24,0.3,0.921964624,0.461878453,1,0,0,0,0.152,0.503867403,2.18,1.94,63,1.38,5.292,0.52154195,3.19,2.57,0.4,3.61272,1.1
K2LiEuCl6,0.0,False,1.45,1.85,0.82,2,6.0,0.947,3.0,0.22,0.4,0.915907038,0.471546961,1,0,0,0,0.187,0.52320442,2.18,1.96,60,1.38,5.327,0.518115262,3.19,2.57,0.415350877,3.61272,1.09
K2TlInCl6,2.5682,False,1.9,1.55,0.82,6,5.0,0.8,81.0,0.16,0.35,0.82416162,0.635359116,1,0,0,0,0.7,0.44198895,1.54,1.38,32,1.38,5.92,0.466216216,3.19,3.31,0.177777778,3.61272,1.7
K2TlGaCl6,2.5197,False,1.9,1.3,0.82,6,4.0,0.62,81.0,0.19,0.6,0.850006409,0.585635359,1,0,0,0,0.88,0.342541436,1.54,1.35,50,1.38,5.74,0.480836237,3.19,3.31,0.137777778,3.61272,1.715
K2TlAsCl6,1.905,True,1.9,1.15,0.82,6,4.0,0.58,81.0,0.56,0.75,0.855971367,0.574585635,1,0,0,0,0.92,0.320441989,1.54,0.98,48,1.38,5.7,0.484210526,3.19,3.31,0.128888889,3.61272,1.9
K2AlTlCl6,3.8301,False,1.9,1.25,0.82,6,3.0,0.535,81.0,0.01,0.65,0.86278281,0.562154696,1,0,0,0,0.965,0.29558011,1.54,1.55,68,1.38,5.655,0.48806366,3.19,3.31,0.118888889,3.61272,1.615
K2RbGaCl6,3.5572,True,2.35,1.3,0.82,5,4.0,0.62,37.0,0.99,1.05,0.847054998,0.591160221,1,0,0,0,0.9,0.342541436,2.34,1.35,6,1.38,5.76,0.479166667,3.19,3.33,0.135964912,3.61272,1.315
K2RbAlCl6,4.487,True,2.35,1.25,0.82,5,3.0,0.535,37.0,0.79,1.1,0.859742166,0.567679558,1,0,0,0,0.985,0.29558011,2.34,1.55,24,1.38,5.675,0.486343612,3.19,3.33,0.117324561,3.61272,1.215
K2NaTmCl6,4.9718,True,1.8,1.75,0.82,3,6.0,0.88,11.0,0.32,0.05,0.883883476,0.524861878,1,0,0,0,0.14,0.486187845,2.23,1.91,58,1.38,5.52,0.5,3.19,2.83,0.287581699,3.61272,1.09
K2NaTlCl6,1.9894,True,1.8,1.9,0.82,3,6.0,1.5,11.0,0.69,0.1,0.794631399,0.696132597,1,0,0,0,0.48,0.828729282,2.23,1.54,70,1.38,6.14,0.449511401,3.19,2.83,0.490196078,3.61272,1.275
K2NaScCl6,3.9133,True,1.8,1.6,0.82,3,4.0,0.745,11.0,0.43,0.2,0.906042115,0.487569061,1,0,0,0,0.275,0.41160221,2.23,1.8,10,1.38,5.385,0.512534819,3.19,2.83,0.243464052,3.61272,1.145
K2NaTbCl6,4.9113,True,1.8,1.75,0.82,3,6.0,0.923,11.0,0.17,0.05,0.877051373,0.536740331,1,0,0,0,0.097,0.509944751,2.23,2.06,54,1.38,5.563,0.496135179,3.19,2.83,0.301633987,3.61272,1.015
K2NaLuCl6,5.0025,True,1.8,1.75,0.82,3,6.0,0.861,11.0,0.34,0.05,0.886936337,0.51961326,1,0,0,0,0.159,0.475690608,2.23,1.89,60,1.38,5.501,0.501726959,3.19,2.83,0.281372549,3.61272,1.1
K2NaEuCl6,0.0,False,1.8,1.85,0.82,3,6.0,0.947,11.0,0.27,0.05,0.873283836,0.543370166,1,0,0,0,0.073,0.52320442,2.23,1.96,52,1.38,5.587,0.494003938,3.19,2.83,0.309477124,3.61272,1.065
K2NaErCl6,4.9656,True,1.8,1.75,0.82,3,6.0,0.89,11.0,0.31,0.05,0.882285134,0.527624309,1,0,0,0,0.13,0.491712707,2.23,1.92,57,1.38,5.53,0.499095841,3.19,2.83,0.290849673,3.61272,1.085
K2NaDyCl6,4.9377,True,1.8,1.75,0.82,3,6.0,0.912,11.0,0.29,0.05,0.878789047,0.533701657,1,0,0,0,0.108,0.503867403,2.23,1.94,55,1.38,5.552,0.497118156,3.19,2.83,0.298039216,3.61272,1.075
K2NaAsCl6,3.145,False,1.8,1.15,0.82,3,4.0,0.58,11.0,1.25,0.65,0.934681377,0.44198895,1,0,0,0,0.44,0.320441989,2.23,0.98,22,1.38,5.22,0.528735632,3.19,2.83,0.189542484,3.61272,1.555
K2NaAlCl6,4.3079,True,1.8,1.25,0.82,3,3.0,0.535,11.0,0.68,0.55,0.942809042,0.429558011,1,0,0,0,0.485,0.29558011,2.23,1.55,2,1.38,5.175,0.533333333,3.19,2.83,0.174836601,3.61272,1.27
K2LiTlCl6,1.5798,True,1.45,1.9,0.82,2,6.0,1.5,3.0,0.64,0.45,0.829768162,0.624309392,1,0,0,0,0.74,0.828729282,2.18,1.54,78,1.38,5.88,0.469387755,3.19,2.57,0.657894737,3.61272,1.3
K2LiInCl6,2.865,True,1.45,1.55,0.82,2,5.0,0.8,3.0,0.8,0.1,0.941898994,0.430939227,1,0,0,0,0.04,0.44198895,2.18,1.38,46,1.38,5.18,0.532818533,3.19,2.57,0.350877193,3.61272,1.38
K2LiGdCl6,2.8434,True,1.45,1.8,0.82,2,6.0,0.938,3.0,0.22,0.35,0.917457087,0.469060773,1,0,0,0,0.178,0.518232044,2.18,1.96,61,1.38,5.318,0.518992102,3.19,2.57,0.411403509,3.61272,1.09
K2LiCeCl6,0.3231,False,1.45,1.85,0.82,2,6.0,1.01,3.0,0.14,0.4,0.905201631,0.488950276,1,0,0,0,0.25,0.55801105,2.18,2.04,55,1.38,5.39,0.512059369,3.19,2.57,0.442982456,3.61272,1.05
K2LiAuCl6,0.0,False,1.45,1.35,0.82,2,6.0,0.85,3.0,1.56,0.1,0.932894224,0.444751381,1,0,0,0,0.09,0.46961326,2.18,0.62,76,1.38,5.23,0.527724665,3.19,2.57,0.372807018,3.61272,1.76
K2YInCl6,3.1685,False,1.55,1.8,0.82,5,5.0,0.9,49.0,0.56,0.25,0.917112179,0.46961326,1,0,0,0,0.1,0.497237569,1.38,1.94,10,1.38,5.32,0.518796992,3.19,2.61,0.375,3.61272,1.5
K2RbAsCl6,3.4807,True,2.35,1.15,0.82,5,4.0,0.58,37.0,1.36,1.2,0.85297846,0.580110497,1,0,0,0,0.94,0.320441989,2.34,0.98,4,1.38,5.72,0.482517483,3.19,3.33,0.127192982,3.61272,1.5
K2LiScCl6,3.7414,True,1.45,1.6,0.82,2,4.0,0.745,3.0,0.38,0.15,0.952007179,0.415745856,1,0,0,0,0.015,0.41160221,2.18,1.8,18,1.38,5.125,0.538536585,3.19,2.57,0.326754386,3.61272,1.17
K2TlCuCl6,0.0,False,1.35,1.9,0.82,6,1.5,81.0,0.77,0.28,0.55,0.828359387,0.627071823,1,0,0,0,0.73,1.54,0.425414365,3.31,52,1.38,5.89,0.468590832,3.19,1.26,0.171111111,3.61272,1.76
K2CuAuCl6,0.0,False,1.35,1.35,0.82,4,6.0,0.85,29.0,0.64,0.0,0.931113891,0.447513812,1,0,0,0,0.08,0.46961326,1.26,0.62,50,1.38,5.24,0.526717557,3.19,2.58,0.367965368,3.61272,2.22
K2AlAgCl6,2.4737,True,1.6,1.25,0.82,5,3.0,0.535,47.0,0.32,0.35,0.919705333,0.465469613,1,0,0,0,0.615,0.29558011,1.23,1.55,34,1.38,5.305,0.520263902,3.19,2.96,0.155072464,3.61272,1.77
K2GaHgCl6,0.0,False,1.5,1.3,0.82,6,4.0,0.62,80.0,0.19,0.2,0.913677302,0.475138122,1,0,0,0,0.48,0.342541436,1.16,1.35,49,1.38,5.34,0.516853933,3.19,2.91,0.187878788,3.61272,1.905
K2InGaCl6,1.7475,False,1.3,1.55,0.82,4,5.0,0.8,31.0,0.03,0.25,0.968062855,0.392265193,1,0,0,0,0.18,0.44198895,1.35,1.38,18,1.38,5.04,0.547619048,3.19,2.43,0.430107527,3.61272,1.795
K2InAuCl6,0.0,False,1.55,1.35,0.82,6,0.85,79.0,0.8,0.76,0.2,0.925813433,0.455801105,1,0,0,0,0.05,0.62,0.44198895,2.66,30,1.38,5.27,0.523719165,3.19,1.38,0.31372549,3.61272,2.16
K2EuCuCl6,0.0,False,1.35,1.85,0.82,4,6.0,0.947,29.0,0.7,0.5,0.914190892,0.474309392,1,0,0,0,0.177,0.52320442,1.26,1.96,34,1.38,5.337,0.517144463,3.19,2.58,0.40995671,3.61272,1.55
K2LuAgCl6,3.6296,False,1.6,1.75,0.82,5,6.0,0.861,47.0,0.66,0.15,0.866460094,0.555524862,1,0,0,0,0.289,0.475690608,1.23,1.89,24,1.38,5.631,0.490143847,3.19,2.96,0.249565217,3.61272,1.6
K2ScHgCl6,0.0,False,1.5,1.6,0.82,6,4.0,0.745,80.0,0.64,0.1,0.892778919,0.509668508,1,0,0,0,0.355,0.41160221,1.16,1.8,59,1.38,5.465,0.505032022,3.19,2.91,0.225757576,3.61272,1.68
K2TbCuCl6,2.4713,False,1.35,1.75,0.82,4,6.0,0.923,29.0,0.8,0.4,0.918320495,0.467679558,1,0,0,0,0.153,0.509944751,1.26,2.06,36,1.38,5.313,0.519480519,3.19,2.58,0.3995671,3.61272,1.5
K2DyCuCl6,2.4629,False,1.35,1.75,0.82,4,6.0,0.912,29.0,0.68,0.4,0.920225724,0.464640884,1,0,0,0,0.142,0.503867403,1.26,1.94,37,1.38,5.302,0.52055828,3.19,2.58,0.394805195,3.61272,1.56
K2CeAuCl6,2.2375,False,1.35,1.85,0.82,6,6.0,1.01,79.0,1.42,0.5,0.890335181,0.513812155,1,0,0,0,0.16,0.55801105,0.62,2.04,21,1.38,5.48,0.503649635,3.19,2.66,0.396078431,3.61272,1.83
K2InSbCl6,1.2295,True,1.55,1.45,0.82,5,0.76,51.0,0.8,0.27,0.1,0.941898994,0.430939227,1,0,0,0,0.04,1.11,0.44198895,2.57,2,1.38,5.18,0.532818533,3.19,1.38,0.350877193,3.61272,1.915
K2TlHgCl6,0.0,False,1.5,1.9,0.82,6,1.5,81.0,1.1,0.38,0.4,0.78441106,0.718232044,1,0,0,0,0.4,1.54,0.607734807,3.31,1,1.38,6.22,0.443729904,3.19,1.16,0.244444444,3.61272,1.81
K2HgBiCl6,0.0,False,1.5,1.6,0.82,6,6.0,1.03,80.0,0.02,0.1,0.848528137,0.58839779,1,0,0,0,0.07,0.569060773,1.16,1.14,3,1.38,5.75,0.48,3.19,2.91,0.312121212,3.61272,2.01
K2YAuCl6,2.2731,False,1.35,1.8,0.82,6,5.0,0.9,79.0,1.32,0.45,0.908572959,0.483425414,1,0,0,0,0.05,0.497237569,0.62,1.94,40,1.38,5.37,0.51396648,3.19,2.66,0.352941176,3.61272,1.88
K2TbAuCl6,1.9175,False,1.35,1.75,0.82,6,6.0,0.923,79.0,1.44,0.4,0.904698088,0.489779006,1,0,0,0,0.073,0.509944751,0.62,2.06,14,1.38,5.393,0.511774523,3.19,2.66,0.361960784,3.61272,1.82
K2TmAuCl6,2.1163,False,1.35,1.75,0.82,6,6.0,0.88,79.0,1.29,0.4,0.911969493,0.477900552,1,0,0,0,0.03,0.486187845,0.62,1.91,10,1.38,5.35,0.51588785,3.19,2.66,0.345098039,3.61272,1.895
K2SmAuCl6,2.2805,False,1.35,1.85,0.82,6,6.0,0.958,79.0,1.37,0.5,0.898864552,0.499447514,1,0,0,0,0.108,0.529281768,0.62,1.99,17,1.38,5.428,0.508474576,3.19,2.66,0.375686275,3.61272,1.855
K2ScAuCl6,2.0353,False,1.35,1.6,0.82,6,4.0,0.745,79.0,1.18,0.25,0.935577524,0.440607735,1,0,0,0,0.105,0.41160221,0.62,1.8,58,1.38,5.215,0.52924257,3.19,2.66,0.292156863,3.61272,1.95
K2LuAuCl6,2.0732,False,1.35,1.75,0.82,6,6.0,0.861,79.0,1.27,0.4,0.915219807,0.472651934,1,0,0,0,0.011,0.475690608,0.62,1.89,8,1.38,5.331,0.517726505,3.19,2.66,0.337647059,3.61272,1.905
K2SbAuCl6,0.351,False,1.35,1.45,0.82,6,5.0,0.76,79.0,0.49,0.1,0.932894224,0.444751381,1,0,0,0,0.09,0.419889503,0.62,1.11,28,1.38,5.23,0.527724665,3.19,2.66,0.298039216,3.61272,2.295
K2GdAuCl6,1.5862,False,1.35,1.8,0.82,6,6.0,0.938,79.0,1.34,0.45,0.902188756,0.493922652,1,0,0,0,0.088,0.518232044,0.62,1.96,15,1.38,5.408,0.51035503,3.19,2.66,0.367843137,3.61272,1.87
K2ErAuCl6,2.1632,False,1.35,1.75,0.82,6,6.0,0.89,79.0,1.3,0.4,0.910268058,0.480662983,1,0,0,0,0.04,0.491712707,0.62,1.92,11,1.38,5.36,0.514925373,3.19,2.66,0.349019608,3.61272,1.89
K2BiAuCl6,0.9633,False,1.6,1.35,0.82,6,0.85,79.0,1.03,0.52,0.25,0.887097598,0.519337017,1,0,0,0,0.18,0.62,0.569060773,2.66,4,1.38,5.5,0.501818182,3.19,1.14,0.403921569,3.61272,2.28
K2DyAuCl6,2.1841,False,1.35,1.75,0.82,6,6.0,0.912,79.0,1.32,0.4,0.906547155,0.486740331,1,0,0,0,0.062,0.503867403,0.62,1.94,13,1.38,5.382,0.512820513,3.19,2.66,0.357647059,3.61272,1.88
K2TlAgCl6,0.0,False,1.6,1.9,0.82,6,1.5,81.0,1.15,0.31,0.3,0.778155788,0.732044199,1,0,0,0,0.35,1.54,0.635359116,3.31,34,1.38,6.27,0.440191388,3.19,1.23,0.255555556,3.61272,1.775
K2SmAgCl6,3.5685,False,1.6,1.85,0.82,5,6.0,0.958,47.0,0.76,0.25,0.851787149,0.582320442,1,0,0,0,0.192,0.529281768,1.23,1.99,15,1.38,5.728,0.481843575,3.19,2.96,0.277681159,3.61272,1.55
K2DyAgCl6,3.6341,False,1.6,1.75,0.82,5,6.0,0.912,47.0,0.71,0.15,0.858682997,0.56961326,1,0,0,0,0.238,0.503867403,1.23,1.94,19,1.38,5.682,0.485744456,3.19,2.96,0.264347826,3.61272,1.575
K2YCuCl6,2.6002,False,1.35,1.8,0.82,4,5.0,0.9,29.0,0.68,0.45,0.922313193,0.461325967,1,0,0,0,0.13,0.497237569,1.26,1.94,10,1.38,5.29,0.52173913,3.19,2.58,0.38961039,3.61272,1.56
K2ScCuCl6,1.8772,False,1.35,1.6,0.82,4,4.0,0.745,29.0,0.54,0.25,0.950153221,0.418508287,1,0,0,0,0.025,0.41160221,1.26,1.8,8,1.38,5.135,0.537487829,3.19,2.58,0.322510823,3.61272,1.63
K2GdCuCl6,0.3878,False,1.35,1.8,0.82,4,6.0,0.938,29.0,0.7,0.45,0.915735133,0.471823204,1,0,0,0,0.168,0.518232044,1.26,1.96,35,1.38,5.328,0.518018018,3.19,2.58,0.406060606,3.61272,1.55
K2ErCuCl6,2.4197,False,1.35,1.75,0.82,4,6.0,0.89,29.0,0.66,0.4,0.924059998,0.458563536,1,0,0,0,0.12,0.491712707,1.26,1.92,39,1.38,5.28,0.522727273,3.19,2.58,0.385281385,3.61272,1.57
K2ScInCl6,2.5251,True,1.55,1.6,0.82,5,4.0,0.745,49.0,0.42,0.05,0.944634422,0.42679558,1,0,0,0,0.055,0.41160221,1.38,1.8,28,1.38,5.165,0.534365924,3.19,2.61,0.310416667,3.61272,1.57
K2InAsCl6,0.5022,True,1.55,1.15,0.82,4,0.58,33.0,0.8,0.4,0.4,0.975807358,0.38121547,1,0,0,0,0.22,0.98,0.44198895,2.39,16,1.38,5.0,0.552,3.19,1.38,0.459770115,3.61272,1.98
K2AlInCl6,2.9258,False,1.55,1.25,0.82,5,3.0,0.535,49.0,0.17,0.3,0.984669382,0.36878453,1,0,0,0,0.265,0.29558011,1.38,1.55,36,1.38,4.955,0.557013118,3.19,2.61,0.222916667,3.61272,1.695
K2YHgCl6,0.0,False,1.5,1.8,0.82,6,5.0,0.9,80.0,0.78,0.3,0.868156012,0.552486188,1,0,0,0,0.2,0.497237569,1.16,1.94,41,1.38,5.62,0.491103203,3.19,2.91,0.272727273,3.61272,1.61
K2HgSbCl6,0.0,False,1.5,1.45,0.82,6,5.0,0.76,80.0,0.05,0.05,0.890335181,0.513812155,1,0,0,0,0.34,0.419889503,1.16,1.11,29,1.38,5.48,0.503649635,3.19,2.91,0.23030303,3.61272,2.025
K2InHgCl6,0.0,False,1.5,1.55,0.82,6,5.0,0.8,80.0,0.22,0.05,0.883883476,0.524861878,1,0,0,0,0.3,0.44198895,1.16,1.38,31,1.38,5.52,0.5,3.19,2.91,0.242424242,3.61272,1.89
K2AlHgCl6,0.0,False,1.5,1.25,0.82,6,3.0,0.535,80.0,0.39,0.25,0.928456097,0.451657459,1,0,0,0,0.565,0.29558011,1.16,1.55,67,1.38,5.255,0.525214082,3.19,2.91,0.162121212,3.61272,1.805
K2HgAsCl6,0.0,False,1.5,1.15,0.82,6,4.0,0.58,80.0,0.18,0.35,0.920572979,0.464088398,1,0,0,0,0.52,0.320441989,1.16,0.98,47,1.38,5.3,0.520754717,3.19,2.91,0.175757576,3.61272,2.09
K2TmCuCl6,2.4668,False,1.35,1.75,0.82,4,6.0,0.88,29.0,0.65,0.4,0.925813433,0.455801105,1,0,0,0,0.11,0.486187845,1.26,1.91,40,1.38,5.27,0.523719165,3.19,2.58,0.380952381,3.61272,1.575
K2SmCuCl6,2.3789,False,1.35,1.85,0.82,4,6.0,0.958,29.0,0.73,0.5,0.912310544,0.477348066,1,0,0,0,0.188,0.529281768,1.26,1.99,33,1.38,5.348,0.516080778,3.19,2.58,0.414718615,3.61272,1.535
K2PrCuCl6,2.2912,False,1.35,1.85,0.82,4,6.0,0.99,29.0,0.77,0.5,0.906884162,0.486187845,1,0,0,0,0.22,0.546961326,1.26,2.03,30,1.38,5.38,0.513011152,3.19,2.58,0.428571429,3.61272,1.515
K2NdCuCl6,2.4258,False,1.35,1.85,0.82,4,6.0,0.983,29.0,0.76,0.5,0.90806566,0.484254144,1,0,0,0,0.213,0.543093923,1.26,2.02,31,1.38,5.373,0.513679509,3.19,2.58,0.425541126,3.61272,1.52
K2LuCuCl6,2.4709,False,1.35,1.75,0.82,4,6.0,0.861,29.0,0.63,0.4,0.929163357,0.450552486,1,0,0,0,0.091,0.475690608,1.26,1.89,42,1.38,5.251,0.525614169,3.19,2.58,0.372727273,3.61272,1.585
K2LaCuCl6,2.1254,False,1.35,1.95,0.82,4,6.0,1.032,29.0,0.8,0.6,0.899859238,0.497790055,1,0,0,0,0.262,0.570165746,1.26,2.06,28,1.38,5.422,0.509037256,3.19,2.58,0.446753247,3.61272,1.5
K2CeCuCl6,1.5332,False,1.35,1.85,0.82,4,6.0,1.01,29.0,0.78,0.5,0.903525332,0.491712707,1,0,0,0,0.24,0.55801105,1.26,2.04,29,1.38,5.4,0.511111111,3.19,2.58,0.437229437,3.61272,1.51
K2CuMoCl6,0.7574,True,1.35,1.45,0.82,4,5.0,0.69,29.0,0.26,0.1,0.960440313,0.403314917,1,0,0,0,0.08,0.38121547,1.26,1.0,13,1.38,5.08,0.543307087,3.19,2.58,0.298701299,3.61272,2.03
K2InCuCl6,0.0445,False,1.35,1.55,0.82,4,5.0,0.8,29.0,0.12,0.2,0.94008416,0.433701657,1,0,0,0,0.03,0.44198895,1.26,1.38,20,1.38,5.19,0.531791908,3.19,2.58,0.346320346,3.61272,1.84
K2TlAuCl6,0.0,False,1.9,1.35,0.82,6,6.0,0.85,81.0,0.92,0.55,0.817259094,0.649171271,1,0,0,0,0.65,0.46961326,1.54,0.62,2,1.38,5.97,0.462311558,3.19,3.31,0.188888889,3.61272,2.08
K2PrAuCl6,2.2392,False,1.35,1.85,0.82,6,6.0,0.99,79.0,1.41,0.5,0.893596482,0.508287293,1,0,0,0,0.14,0.546961326,0.62,2.03,20,1.38,5.46,0.505494505,3.19,2.66,0.388235294,3.61272,1.835
K2NdAuCl6,2.2347,False,1.35,1.85,0.82,6,6.0,0.983,79.0,1.4,0.5,0.894743589,0.506353591,1,0,0,0,0.133,0.543093923,0.62,2.02,19,1.38,5.453,0.506143407,3.19,2.66,0.385490196,3.61272,1.84
K2LaAuCl6,2.324,False,1.35,1.95,0.82,6,6.0,1.032,79.0,1.44,0.6,0.886775135,0.519889503,1,0,0,0,0.182,0.570165746,0.62,2.06,22,1.38,5.502,0.501635769,3.19,2.66,0.404705882,3.61272,1.82
K2GaAuCl6,0.0,False,1.35,1.3,0.82,6,4.0,0.62,79.0,0.73,0.05,0.958553397,0.406077348,1,0,0,0,0.23,0.342541436,0.62,1.35,48,1.38,5.09,0.542239686,3.19,2.66,0.243137255,3.61272,2.175
K2EuAuCl6,0.0,False,1.35,1.85,0.82,6,6.0,0.947,79.0,1.34,0.5,0.900689827,0.49640884,1,0,0,0,0.097,0.52320442,0.62,1.96,16,1.38,5.417,0.509507107,3.19,2.66,0.371372549,3.61272,1.87
K2AsAuCl6,0.22,False,1.35,1.15,0.82,6,4.0,0.58,79.0,0.36,0.2,0.966145899,0.395027624,1,0,0,0,0.27,0.320441989,0.62,0.98,46,1.38,5.05,0.546534653,3.19,2.66,0.22745098,3.61272,2.36
K2AlAuCl6,0.86,True,1.35,1.25,0.82,6,3.0,0.535,79.0,0.93,0.1,0.974832526,0.382596685,1,0,0,0,0.315,0.29558011,0.62,1.55,66,1.38,5.005,0.551448551,3.19,2.66,0.209803922,3.61272,2.075
K2TmAgCl6,3.6439,False,1.6,1.75,0.82,5,6.0,0.88,47.0,0.68,0.15,0.863546335,0.560773481,1,0,0,0,0.27,0.486187845,1.23,1.91,22,1.38,5.65,0.488495575,3.19,2.96,0.255072464,3.61272,1.59
K2TbAgCl6,3.6214,False,1.6,1.75,0.82,5,6.0,0.923,47.0,0.83,0.15,0.857023852,0.572651934,1,0,0,0,0.227,0.509944751,1.23,2.06,18,1.38,5.693,0.484805902,3.19,2.96,0.267536232,3.61272,1.515
K2ScAgCl6,3.248,True,1.6,1.6,0.82,5,4.0,0.745,47.0,0.57,0.0,0.884684821,0.523480663,1,0,0,0,0.405,0.41160221,1.23,1.8,26,1.38,5.515,0.500453309,3.19,2.96,0.215942029,3.61272,1.645
K2GaAgCl6,1.1817,True,1.6,1.3,0.82,5,4.0,0.62,47.0,0.12,0.3,0.905201631,0.488950276,1,0,0,0,0.53,0.342541436,1.23,1.35,16,1.38,5.39,0.512059369,3.19,2.96,0.179710145,3.61272,1.87
K2EuAgCl6,0.0,False,1.6,1.85,0.82,5,6.0,0.947,47.0,0.73,0.25,0.853426061,0.579281768,1,0,0,0,0.203,0.52320442,1.23,1.96,16,1.38,5.717,0.482770684,3.19,2.96,0.274492754,3.61272,1.565
K2ErAgCl6,3.6443,False,1.6,1.75,0.82,5,6.0,0.89,47.0,0.69,0.15,0.862020634,0.563535912,1,0,0,0,0.26,0.491712707,1.23,1.92,21,1.38,5.66,0.487632509,3.19,2.96,0.257971014,3.61272,1.585
K2AgAuCl6,0.0,False,1.6,1.35,0.82,5,6.0,0.85,47.0,0.61,0.25,0.868156012,0.552486188,1,0,0,0,0.3,0.46961326,1.23,0.62,32,1.38,5.62,0.491103203,3.19,2.96,0.246376812,3.61272,2.235
K2AgAsCl6,1.519,False,1.6,1.15,0.82,5,4.0,0.58,47.0,0.25,0.45,0.911969493,0.477900552,1,0,0,0,0.57,0.320441989,1.23,0.98,14,1.38,5.35,0.51588785,3.19,2.96,0.168115942,3.61272,2.055
K2LaAgCl6,3.4632,False,1.6,1.95,0.82,5,6.0,1.032,47.0,0.83,0.35,0.840923266,0.602762431,1,0,0,0,0.118,0.570165746,1.23,2.06,10,1.38,5.802,0.475698035,3.19,2.96,0.299130435,3.61272,1.515
K2NaCrCl6,1.3875,True,1.8,1.4,0.82,3,4.0,0.615,11.0,0.73,0.4,0.928456097,0.451657459,1,0,0,0,0.405,0.339779006,2.23,1.5,13,1.38,5.255,0.525214082,3.19,2.83,0.200980392,3.61272,1.295
K2RbYI6,3.1008,True,2.35,1.8,0.82,5,5.0,0.9,37.0,0.4,0.55,0.796272739,0.55,0,0,1,0,0.62,0.409090909,1.84,1.44,2,1.38,6.82,0.404692082,3.58,3.72,0.197368421,3.05904,1.02
K2RbSbI6,2.3768,True,2.35,1.45,0.82,5,5.0,0.76,37.0,1.23,0.9,0.81296109,0.518181818,0,0,1,0,0.76,0.345454545,1.84,0.61,14,1.38,6.68,0.413173653,3.58,3.72,0.166666667,3.05904,1.435
K2RbPrI6,3.1256,True,2.35,1.85,0.82,5,6.0,0.99,37.0,0.31,0.5,0.785901603,0.570454545,0,0,1,0,0.53,0.45,1.84,1.53,22,1.38,6.91,0.399421129,3.58,3.72,0.217105263,3.05904,0.975
K2RbNdI6,3.1287,True,2.35,1.85,0.82,5,6.0,0.983,37.0,0.32,0.5,0.786698548,0.568863636,0,0,1,0,0.537,0.446818182,1.84,1.52,23,1.38,6.903,0.399826163,3.58,3.72,0.215570175,3.05904,0.98
K2RbMoI6,1.4308,True,2.35,1.45,0.82,5,5.0,0.69,37.0,1.34,0.9,0.82157036,0.502272727,0,0,1,0,0.83,0.313636364,1.84,0.5,5,1.38,6.61,0.417549168,3.58,3.72,0.151315789,3.05904,1.49
K2RbCeI6,0.2794,False,2.35,1.85,0.82,5,6.0,1.01,37.0,0.3,0.5,0.783633489,0.575,0,0,1,0,0.51,0.459090909,1.84,1.54,21,1.38,6.93,0.398268398,3.58,3.72,0.221491228,3.05904,0.97
K2NaYI6,3.1299,True,1.8,1.8,0.82,3,5.0,0.9,11.0,0.29,0.0,0.859269,0.436363636,0,0,1,0,0.12,0.409090909,1.73,1.44,28,1.38,6.32,0.436708861,3.58,3.22,0.294117647,3.05904,1.075
K2CuMoI6,0.087,True,1.35,1.45,0.82,4,5.0,0.69,29.0,0.26,0.1,0.92672015,0.331818182,0,0,1,0,0.08,0.313636364,0.76,0.5,13,1.38,5.86,0.470989761,3.58,2.97,0.298701299,3.05904,2.03
K2NaMoI6,1.0859,True,1.8,1.45,0.82,3,5.0,0.69,11.0,1.23,0.35,0.888801977,0.388636364,0,0,1,0,0.33,0.313636364,1.73,0.5,31,1.38,6.11,0.451718494,3.58,3.22,0.225490196,3.05904,1.545
K2LiYI6,2.9702,True,1.45,1.8,0.82,2,5.0,0.9,3.0,0.24,0.35,0.896135327,0.377272727,0,0,1,0,0.14,0.409090909,1.68,1.44,36,1.38,6.06,0.455445545,3.58,2.96,0.394736842,3.05904,1.1
K2LiSbI6,1.7108,False,1.45,1.45,0.82,2,5.0,0.76,3.0,1.07,0.0,0.917327716,0.345454545,0,0,1,0,0.0,0.345454545,1.68,0.61,48,1.38,5.92,0.466216216,3.58,2.96,0.333333333,3.05904,1.515
K2LiPrI6,2.9382,True,1.45,1.85,0.82,2,6.0,0.99,3.0,0.15,0.4,0.883021151,0.397727273,0,0,1,0,0.23,0.45,1.68,1.53,56,1.38,6.15,0.448780488,3.58,2.96,0.434210526,3.05904,1.055
K2LiNdI6,2.9488,True,1.45,1.85,0.82,2,6.0,0.983,3.0,0.16,0.4,0.884027361,0.396136364,0,0,1,0,0.223,0.446818182,1.68,1.52,57,1.38,6.143,0.449291877,3.58,2.96,0.431140351,3.05904,1.06
K2LiMoI6,0.974,True,1.45,1.45,0.82,2,5.0,0.69,3.0,1.18,0.0,0.928304287,0.329545455,0,0,1,0,0.07,0.313636364,1.68,0.5,39,1.38,5.85,0.471794872,3.58,2.96,0.302631579,3.05904,1.57
K2LiBiI6,1.9247,False,1.45,1.6,0.82,2,6.0,1.03,3.0,1.04,0.15,0.877315037,0.406818182,0,0,1,0,0.27,0.468181818,1.68,0.64,80,1.38,6.19,0.445880452,3.58,2.96,0.451754386,3.05904,1.5
K2YCuI6,1.8261,False,1.35,1.8,0.82,4,5.0,0.9,29.0,0.68,0.45,0.894658992,0.379545455,0,0,1,0,0.13,0.409090909,0.76,1.44,10,1.38,6.07,0.454695222,3.58,2.97,0.38961039,3.05904,1.56
K2CuSbI6,0.6999,False,1.35,1.45,0.82,4,5.0,0.76,29.0,0.15,0.1,0.915780789,0.347727273,0,0,1,0,0.01,0.345454545,0.76,0.61,22,1.38,5.93,0.465430017,3.58,2.97,0.329004329,3.05904,1.975
K2PrCuI6,1.8073,False,1.35,1.85,0.82,4,6.0,0.99,29.0,0.77,0.5,0.881587675,0.4,0,0,1,0,0.22,0.45,0.76,1.53,30,1.38,6.16,0.448051948,3.58,2.97,0.428571429,3.05904,1.515
K2NdCuI6,1.8245,False,1.35,1.85,0.82,4,6.0,0.983,29.0,0.76,0.5,0.882590619,0.398409091,0,0,1,0,0.213,0.446818182,0.76,1.52,31,1.38,6.153,0.448561677,3.58,2.97,0.425541126,3.05904,1.52
K2CuBiI6,0.8293,False,1.35,1.6,0.82,4,6.0,1.03,29.0,0.12,0.25,0.875900013,0.409090909,0,0,1,0,0.26,0.468181818,0.76,0.64,54,1.38,6.2,0.44516129,3.58,2.97,0.445887446,3.05904,1.96
K2YAgI6,2.5089,False,1.6,1.8,0.82,5,5.0,0.9,47.0,0.71,0.2,0.8419504,0.465909091,0,0,1,0,0.25,0.409090909,0.73,1.44,8,1.38,6.45,0.427906977,3.58,3.35,0.260869565,3.05904,1.575
K2AgSbI6,0.381,False,1.6,1.45,0.82,5,5.0,0.76,47.0,0.12,0.15,0.860630757,0.434090909,0,0,1,0,0.39,0.345454545,0.73,0.61,4,1.38,6.31,0.437400951,3.58,3.35,0.220289855,3.05904,1.99
K2NdAgI6,2.5576,False,1.6,1.85,0.82,5,6.0,0.983,47.0,0.79,0.25,0.831253648,0.484772727,0,0,1,0,0.167,0.446818182,0.73,1.52,13,1.38,6.533,0.422470534,3.58,3.35,0.284927536,3.05904,1.535
K2AgMoI6,0.6874,True,1.6,1.45,0.82,5,5.0,0.69,47.0,0.23,0.15,0.870285269,0.418181818,0,0,1,0,0.46,0.313636364,0.73,0.5,5,1.38,6.24,0.442307692,3.58,3.35,0.2,3.05904,2.045
K2AgBiI6,0.8096,False,1.6,1.6,0.82,5,6.0,1.03,47.0,0.09,0.0,0.825316122,0.495454545,0,0,1,0,0.12,0.468181818,0.73,0.64,36,1.38,6.58,0.419452888,3.58,3.35,0.298550725,3.05904,1.975
K2NaSbI6,2.0979,False,1.8,1.45,0.82,3,5.0,0.76,11.0,1.12,0.35,0.878734641,0.404545455,0,0,1,0,0.26,0.345454545,1.73,0.61,40,1.38,6.18,0.446601942,3.58,3.22,0.248366013,3.05904,1.49
K2NaPrI6,3.1022,True,1.8,1.85,0.82,3,6.0,0.99,11.0,0.2,0.05,0.847204381,0.456818182,0,0,1,0,0.03,0.45,1.73,1.53,48,1.38,6.41,0.430577223,3.58,3.22,0.323529412,3.05904,1.03
K2NaNdI6,3.1158,True,1.8,1.85,0.82,3,6.0,0.983,11.0,0.21,0.05,0.848130576,0.455227273,0,0,1,0,0.037,0.446818182,1.73,1.52,49,1.38,6.403,0.431047946,3.58,3.22,0.32124183,3.05904,1.035
K2NaCeI6,0.0,False,1.8,1.85,0.82,3,6.0,1.01,11.0,0.19,0.05,0.844569219,0.461363636,0,0,1,0,0.01,0.459090909,1.73,1.54,47,1.38,6.43,0.429237947,3.58,3.22,0.330065359,3.05904,1.025
K2NaBiI6,2.1103,False,1.8,1.6,0.82,3,6.0,1.03,11.0,1.09,0.2,0.8419504,0.465909091,0,0,1,0,0.01,0.468181818,1.73,0.64,72,1.38,6.45,0.427906977,3.58,3.22,0.336601307,3.05904,1.475
K2PrAgI6,2.5488,False,1.6,1.85,0.82,5,6.0,0.99,47.0,0.8,0.25,0.830363927,0.486363636,0,0,1,0,0.16,0.45,0.73,1.53,12,1.38,6.54,0.422018349,3.58,3.35,0.286956522,3.05904,1.53
K2CeAgI6,0.2137,False,1.6,1.85,0.82,5,6.0,1.01,47.0,0.81,0.25,0.827832329,0.490909091,0,0,1,0,0.14,0.459090909,0.73,1.54,11,1.38,6.56,0.420731707,3.58,3.35,0.292753623,3.05904,1.525
K2TlGaI6,0.4975,False,1.9,1.3,0.82,6,4.0,0.62,81.0,0.19,0.6,0.832911055,0.481818182,0,0,1,0,0.88,0.281818182,1.04,0.85,50,1.38,6.52,0.423312883,3.58,3.7,0.137777778,3.05904,1.715
K2AlTlI6,1.5653,False,1.9,1.25,0.82,6,3.0,0.535,81.0,0.01,0.65,0.843912988,0.4625,0,0,1,0,0.965,0.243181818,1.04,1.05,68,1.38,6.435,0.428904429,3.58,3.7,0.118888889,3.05904,1.615
K2TlAsI6,0.8611,True,1.9,1.15,0.82,6,4.0,0.58,81.0,0.56,0.75,0.838052481,0.472727273,0,0,1,0,0.92,0.263636364,1.04,0.48,48,1.38,6.48,0.425925926,3.58,3.7,0.128888889,3.05904,1.9
K2NaTlI6,0.0749,False,1.8,1.9,0.82,3,6.0,1.5,11.0,0.69,0.1,0.784765907,0.572727273,0,0,1,0,0.48,0.681818182,1.73,1.04,70,1.38,6.92,0.398843931,3.58,3.22,0.490196078,3.05904,1.275
K2NaInI6,0.6835,True,1.8,1.55,0.82,3,5.0,0.8,11.0,0.85,0.25,0.873083614,0.413636364,0,0,1,0,0.22,0.363636364,1.73,0.88,38,1.38,6.22,0.443729904,3.58,3.22,0.261437908,3.05904,1.355
K2TlInI6,0.8333,False,1.9,1.55,0.82,6,5.0,0.8,81.0,0.16,0.35,0.81053434,0.522727273,0,0,1,0,0.7,0.363636364,1.04,0.88,32,1.38,6.7,0.411940299,3.58,3.7,0.177777778,3.05904,1.7
K2RbGaI6,0.9854,True,2.35,1.3,0.82,5,4.0,0.62,37.0,0.99,1.05,0.830363927,0.486363636,0,0,1,0,0.9,0.281818182,1.84,0.85,6,1.38,6.54,0.422018349,3.58,3.72,0.135964912,3.05904,1.315
K2RbAsI6,2.3175,False,2.35,1.15,0.82,5,4.0,0.58,37.0,1.36,1.2,0.835473858,0.477272727,0,0,1,0,0.94,0.263636364,1.84,0.48,4,1.38,6.5,0.424615385,3.58,3.72,0.127192982,3.05904,1.5
K2RbAlI6,1.9161,True,2.35,1.25,0.82,5,3.0,0.535,37.0,0.79,1.1,0.841298231,0.467045455,0,0,1,0,0.985,0.243181818,1.84,1.05,24,1.38,6.455,0.427575523,3.58,3.72,0.117324561,3.05904,1.215
K2NaScI6,2.1954,False,1.8,1.6,0.82,3,4.0,0.745,11.0,0.43,0.2,0.880872681,0.401136364,0,0,1,0,0.275,0.338636364,1.73,1.3,10,1.38,6.165,0.447688564,3.58,3.22,0.243464052,3.05904,1.145
K2LiCeI6,0.2548,False,1.45,1.85,0.82,2,6.0,1.01,3.0,0.14,0.4,0.880158846,0.402272727,0,0,1,0,0.25,0.459090909,1.68,1.54,55,1.38,6.17,0.44732577,3.58,2.96,0.442982456,3.05904,1.05
K2ScInI6,1.9864,True,1.55,1.6,0.82,5,4.0,0.745,49.0,0.42,0.05,0.913470156,0.351136364,0,0,1,0,0.055,0.338636364,0.88,1.3,28,1.38,5.945,0.464255677,3.58,3.0,0.310416667,3.05904,1.57
K2InAsI6,0.0,False,1.55,1.15,0.82,4,0.58,33.0,0.8,0.4,0.4,0.939546727,0.313636364,0,0,1,0,0.22,0.48,0.363636364,2.78,16,1.38,5.78,0.477508651,3.58,0.88,0.459770115,3.05904,1.98
K2InGaI6,0.156,False,1.3,1.55,0.82,4,5.0,0.8,31.0,0.03,0.25,0.933089361,0.322727273,0,0,1,0,0.18,0.363636364,0.85,0.88,18,1.38,5.82,0.474226804,3.58,2.82,0.430107527,3.05904,1.795
K2YHgI6,0.0,False,1.5,1.8,0.82,6,5.0,0.9,80.0,0.78,0.3,0.848528137,0.454545455,0,0,1,0,0.2,0.409090909,0.66,1.44,41,1.38,6.4,0.43125,3.58,3.3,0.272727273,3.05904,1.61
K2AlInI6,0.8125,False,1.55,1.25,0.82,5,3.0,0.535,49.0,0.17,0.3,0.946918933,0.303409091,0,0,1,0,0.265,0.243181818,0.88,1.05,36,1.38,5.735,0.481255449,3.58,3.0,0.222916667,3.05904,1.695
K2TlHgI6,0.0,False,1.5,1.9,0.82,6,1.5,81.0,1.1,0.38,0.4,0.775797154,0.590909091,0,0,1,0,0.4,1.04,0.5,3.7,1,1.38,7.0,0.394285714,3.58,0.66,0.244444444,3.05904,1.81
K2ScHgI6,0.0,False,1.5,1.6,0.82,6,4.0,0.745,80.0,0.64,0.1,0.869588484,0.419318182,0,0,1,0,0.355,0.338636364,0.66,1.3,59,1.38,6.245,0.441953563,3.58,3.3,0.225757576,3.05904,1.68
K2HgBiI6,0.0,False,1.5,1.6,0.82,6,6.0,1.03,80.0,0.02,0.1,0.831635541,0.484090909,0,0,1,0,0.07,0.468181818,0.66,0.64,3,1.38,6.53,0.422664625,3.58,3.3,0.312121212,3.05904,2.01
K2InHgI6,0.0,False,1.5,1.55,0.82,6,5.0,0.8,80.0,0.22,0.05,0.861996838,0.431818182,0,0,1,0,0.3,0.363636364,0.66,0.88,31,1.38,6.3,0.438095238,3.58,3.3,0.242424242,3.05904,1.89
K2HgAsI6,0.0,False,1.5,1.15,0.82,6,4.0,0.58,80.0,0.18,0.35,0.893187513,0.381818182,0,0,1,0,0.52,0.263636364,0.66,0.48,47,1.38,6.08,0.453947368,3.58,3.3,0.175757576,3.05904,2.09
K2CeCuI6,0.3701,False,1.35,1.85,0.82,4,6.0,1.01,29.0,0.78,0.5,0.878734641,0.404545455,0,0,1,0,0.24,0.459090909,0.76,1.54,29,1.38,6.18,0.446601942,3.58,2.97,0.437229437,3.05904,1.51
K2YAuI6,1.1783,False,1.35,1.8,0.82,6,5.0,0.9,79.0,1.32,0.45,0.883021151,0.397727273,0,0,1,0,0.05,0.409090909,0.12,1.44,40,1.38,6.15,0.448780488,3.58,3.05,0.352941176,3.05904,1.88
K2ScAuI6,1.131,False,1.35,1.6,0.82,6,4.0,0.745,79.0,1.18,0.25,0.905851556,0.3625,0,0,1,0,0.105,0.338636364,0.12,1.3,58,1.38,5.995,0.460383653,3.58,3.05,0.292156863,3.05904,1.95
K2SbAuI6,0.0,False,1.35,1.45,0.82,6,5.0,0.76,79.0,0.49,0.1,0.903590695,0.365909091,0,0,1,0,0.09,0.345454545,0.12,0.61,28,1.38,6.01,0.459234609,3.58,3.05,0.298039216,3.05904,2.295
K2GaAuI6,0.0,False,1.35,1.3,0.82,6,4.0,0.62,79.0,0.73,0.05,0.92514141,0.334090909,0,0,1,0,0.23,0.281818182,0.12,0.85,48,1.38,5.87,0.470187394,3.58,3.05,0.243137255,3.05904,2.175
K2TlAgI6,0.0,False,1.6,1.9,0.82,6,1.5,81.0,1.15,0.31,0.3,0.770295047,0.602272727,0,0,1,0,0.35,1.04,0.522727273,3.7,34,1.38,7.05,0.391489362,3.58,0.73,0.255555556,3.05904,1.775
K2ScAgI6,2.1618,False,1.6,1.6,0.82,5,4.0,0.745,47.0,0.57,0.0,0.862681506,0.430681818,0,0,1,0,0.405,0.338636364,0.73,1.3,26,1.38,6.295,0.438443209,3.58,3.35,0.215942029,3.05904,1.645
K2InAgI6,0.0,False,1.6,1.55,0.82,5,5.0,0.8,47.0,0.15,0.05,0.855209461,0.443181818,0,0,1,0,0.35,0.363636364,0.73,0.88,2,1.38,6.35,0.434645669,3.58,3.35,0.231884058,3.05904,1.855
K2HgSbI6,0.0,False,1.5,1.45,0.82,6,5.0,0.76,80.0,0.05,0.05,0.867504805,0.422727273,0,0,1,0,0.34,0.345454545,0.66,0.61,29,1.38,6.26,0.440894569,3.58,3.3,0.23030303,3.05904,2.025
K2GaHgI6,0.0,False,1.5,1.3,0.82,6,4.0,0.62,80.0,0.19,0.2,0.887349686,0.390909091,0,0,1,0,0.48,0.281818182,0.66,0.85,49,1.38,6.12,0.450980392,3.58,3.3,0.187878788,3.05904,1.905
K2TlAuI6,0.0,False,1.9,1.35,0.82,6,6.0,0.85,81.0,0.92,0.55,0.804530382,0.534090909,0,0,1,0,0.65,0.386363636,1.04,0.12,2,1.38,6.75,0.408888889,3.58,3.7,0.188888889,3.05904,2.08
K2AsAuI6,0.0,False,1.35,1.15,0.82,6,4.0,0.58,79.0,0.36,0.2,0.931488864,0.325,0,0,1,0,0.27,0.263636364,0.12,0.48,46,1.38,5.83,0.473413379,3.58,3.05,0.22745098,3.05904,2.36
K2AlAuI6,0.0,False,1.35,1.25,0.82,6,3.0,0.535,79.0,0.93,0.1,0.938734672,0.314772727,0,0,1,0,0.315,0.243181818,0.12,1.05,66,1.38,5.785,0.477095938,3.58,3.05,0.209803922,3.05904,2.075
K2InAuI6,0.0,False,1.55,1.35,0.82,6,0.85,79.0,0.8,0.76,0.2,0.897616542,0.375,0,0,1,0,0.05,0.12,0.363636364,3.05,30,1.38,6.05,0.456198347,3.58,0.88,0.31372549,3.05904,2.16
K2GaAgI6,0.0,False,1.6,1.3,0.82,5,4.0,0.62,47.0,0.12,0.3,0.880158846,0.402272727,0,0,1,0,0.53,0.281818182,0.73,0.85,16,1.38,6.17,0.44732577,3.58,3.35,0.179710145,3.05904,1.87
