Formula,Band Gap,Is Gap Direct,B1_radius,B2_radius,A_electroneg,B1_row,B2_row,X_row,B2_ionic_radius,B1_electrons,B_electroneg_diff,B_radius_diff,tolerance_factor,X_is_Cl,X_is_Br,X_is_I,X_is_F,B1_B2_ionic_radius_diff,B2_X_ionic_radius_ratio,B1_X_electroneg_diff,B2_X_electroneg_diff,B1_B2_valence_electrons_diff,A_ionic_radius,cell_volume,A_radius_ratio_in_cell,B1_X_bond_length,B2_X_bond_length,B1_B2_charge_density_ratio,X_space_occupancy,X_electron_affinity,B_electroneg_avg
Cs2AgBiCl6,1.8663,False,1.6,1.6,0.79,5,6.0,3,1.03,47.0,0.09,0.0,0.899732422,1,0,0,0,0.12,0.569060773,1.23,1.14,36,1.67,195.112,0.575862069,2.96,2.84,0.298550725,0.763821016,3.61272,1.975
Cs2NaCeCl6,0.3601,False,1.8,1.85,0.79,3,6.0,3,1.01,11.0,0.19,0.05,0.923619123,1,0,0,0,0.01,0.55801105,2.23,2.04,47,1.67,180.362125,0.591150442,2.83,2.82,0.330065359,0.826285708,3.61272,1.025
Cs2KSmCl6,5.0573,True,2.2,1.85,0.79,4,6.0,3,0.958,19.0,0.35,0.35,0.875872448,1,0,0,0,0.422,0.529281768,2.34,1.99,43,1.67,211.4956779,0.560590802,3.19,2.768,0.231400966,0.704651024,3.61272,0.995
Cs2NaLaCl6,4.6183,True,1.8,1.95,0.79,3,6.0,3,1.032,11.0,0.17,0.15,0.920036679,1,0,0,0,0.012,0.570165746,2.23,2.06,46,1.67,182.4772244,0.588857546,2.83,2.842,0.337254902,0.816708203,3.61272,1.015
Cs2NaBiCl6,3.7126,False,1.8,1.6,0.79,3,6.0,3,1.03,11.0,1.09,0.2,0.920361207,1,0,0,0,0.01,0.569060773,2.23,1.14,72,1.67,182.284263,0.589065256,2.83,2.84,0.336601307,0.81757275,3.61272,1.475
Cs2InAgCl6,1.3421,True,1.6,1.55,0.79,5,5.0,3,0.8,47.0,0.15,0.05,0.936884748,1,0,0,0,0.35,0.44198895,1.23,1.38,2,1.67,172.808693,0.599640934,2.96,2.61,0.231884058,0.862402484,3.61272,1.855
Cs2NaDyCl6,4.9885,True,1.8,1.75,0.79,3,6.0,3,0.912,11.0,0.29,0.05,0.939922198,1,0,0,0,0.108,0.503867403,2.23,1.94,55,1.67,171.1387566,0.601585014,2.83,2.722,0.298039216,0.870817628,3.61272,1.075
Cs2LiMoCl6,1.5978,True,1.45,1.45,0.79,2,5.0,3,0.69,3.0,1.18,0.0,1.029279693,1,0,0,0,0.07,0.38121547,2.18,1.0,39,1.67,130.323843,0.65877712,2.57,2.5,0.302631579,1.143540911,3.61272,1.57
Cs2NaScCl6,3.8894,False,1.8,1.6,0.79,3,4.0,3,0.745,11.0,0.43,0.2,0.969071132,1,0,0,0,0.275,0.41160221,2.23,1.8,10,1.67,156.1554416,0.620241411,2.83,2.555,0.243464052,0.954373697,3.61272,1.145
Cs2NaMoCl6,1.6371,True,1.8,1.45,0.79,3,5.0,3,0.69,11.0,1.23,0.35,0.979070928,1,0,0,0,0.33,0.38121547,2.23,1.0,31,1.67,151.419437,0.626641651,2.83,2.5,0.225490196,0.984224014,3.61272,1.545
Cs2LiSbCl6,2.9508,False,1.45,1.45,0.79,2,5.0,3,0.76,3.0,1.07,0.0,1.015262266,1,0,0,0,0.0,0.419889503,2.18,1.11,48,1.67,135.796744,0.649805447,2.57,2.57,0.333333333,1.097453751,3.61272,1.515
Cs2LiErCl6,5.1941,True,1.45,1.75,0.79,2,6.0,3,0.89,3.0,0.26,0.3,0.990217845,1,0,0,0,0.13,0.491712707,2.18,1.92,65,1.67,146.363183,0.633776091,2.57,2.7,0.390350877,1.01822496,3.61272,1.11
Cs2TmCuCl6,2.4365,False,1.35,1.75,0.79,4,6.0,3,0.88,29.0,0.65,0.4,0.990217845,1,0,0,0,0.11,0.486187845,1.26,1.91,40,1.67,146.363183,0.633776091,2.58,2.69,0.380952381,1.01822496,3.61272,1.575
Cs2SmCuCl6,2.57,False,1.35,1.85,0.79,4,6.0,3,0.958,29.0,0.73,0.5,0.975775625,1,0,0,0,0.188,0.529281768,1.26,1.99,33,1.67,152.9587042,0.624532536,2.58,2.768,0.414718615,0.974319486,3.61272,1.535
Cs2CuSbCl6,0.898,False,1.35,1.45,0.79,4,5.0,3,0.76,29.0,0.15,0.1,1.013290883,1,0,0,0,0.01,0.419889503,1.26,1.11,22,1.67,136.590875,0.648543689,2.58,2.57,0.329004329,1.091073222,3.61272,1.975
Cs2PrCuCl6,2.3465,False,1.35,1.85,0.79,4,6.0,3,0.99,29.0,0.77,0.5,0.969971756,1,0,0,0,0.22,0.546961326,1.26,2.03,30,1.67,155.720872,0.620817844,2.58,2.8,0.428571429,0.957037064,3.61272,1.515
Cs2CuBiCl6,1.1184,False,1.35,1.6,0.79,4,6.0,3,1.03,29.0,0.12,0.25,0.962813292,1,0,0,0,0.26,0.569060773,1.26,1.14,54,1.67,159.220088,0.616236162,2.58,2.84,0.445887446,0.936004043,3.61272,1.96
Cs2RbTmCl6,5.0734,True,2.35,1.75,0.79,5,6.0,3,0.88,37.0,0.43,0.6,0.866851835,1,0,0,0,0.64,0.486187845,2.34,1.91,32,1.67,218.167208,0.554817276,3.33,2.69,0.192982456,0.683102871,3.61272,1.035
Cs2NaPrCl6,4.9676,True,1.8,1.85,0.79,3,6.0,3,0.99,11.0,0.2,0.05,0.926900186,1,0,0,0,0.03,0.546961326,2.23,2.03,48,1.67,178.453547,0.593250444,2.83,2.8,0.323529412,0.835122914,3.61272,1.03
Cs2NaNdCl6,4.9943,True,1.8,1.85,0.79,3,6.0,3,0.983,11.0,0.21,0.05,0.928054072,1,0,0,0,0.037,0.543093923,2.23,2.02,49,1.67,177.7887394,0.593988974,2.83,2.793,0.32124183,0.838245699,3.61272,1.035
Cs2NaLuCl6,5.494,True,1.8,1.75,0.79,3,6.0,3,0.861,11.0,0.34,0.05,0.948636256,1,0,0,0,0.159,0.475690608,2.23,1.89,60,1.67,166.4657665,0.607162334,2.83,2.671,0.281372549,0.895263028,3.61272,1.1
Cs2LiPrCl6,4.7971,True,1.45,1.85,0.79,2,6.0,3,0.99,3.0,0.15,0.4,0.971778034,1,0,0,0,0.23,0.546961326,2.18,2.03,56,1.67,154.854153,0.621973929,2.57,2.8,0.434210526,0.962393602,3.61272,1.055
Cs2LiNdCl6,4.8227,True,1.45,1.85,0.79,2,6.0,3,0.983,3.0,0.16,0.4,0.973046438,1,0,0,0,0.223,0.543093923,2.18,2.02,57,1.67,154.2493671,0.622785754,2.57,2.793,0.431140351,0.966166986,3.61272,1.06
Cs2LiBiCl6,3.6075,False,1.45,1.6,0.79,2,6.0,3,1.03,3.0,1.04,0.15,0.964592984,1,0,0,0,0.27,0.569060773,2.18,1.14,80,1.67,158.340421,0.617375231,2.57,2.84,0.451754386,0.941204054,3.61272,1.5
Cs2KSbCl6,3.393,True,2.2,1.45,0.79,4,5.0,3,0.76,19.0,1.23,0.75,0.905980563,1,0,0,0,0.62,0.419889503,2.34,1.11,32,1.67,191.102976,0.579861111,3.19,2.57,0.183574879,0.779844716,3.61272,1.435
Cs2KMoCl6,1.666,True,2.2,1.45,0.79,4,5.0,3,0.69,19.0,1.34,0.75,0.917126194,1,0,0,0,0.69,0.38121547,2.34,1.0,23,1.67,184.220009,0.586994728,3.19,2.5,0.166666667,0.808981863,3.61272,1.49
Cs2KBiCl6,4.0357,True,2.2,1.6,0.79,4,6.0,3,1.03,19.0,1.2,0.6,0.86541427,1,0,0,0,0.35,0.569060773,2.34,1.14,64,1.67,219.256227,0.553897181,3.19,2.84,0.248792271,0.679709982,3.61272,1.42
Cs2ScTlCl6,3.5792,True,1.9,1.6,0.79,6,4.0,3,0.745,81.0,0.26,0.3,0.889760963,1,0,0,0,0.755,0.41160221,1.54,1.8,60,1.67,201.7455896,0.569479966,3.31,2.555,0.165555556,0.738705844,3.61272,1.49
Cs2TlGaCl6,2.6597,False,1.9,1.3,0.79,6,4.0,3,0.62,81.0,0.19,0.6,0.90913729,1,0,0,0,0.88,0.342541436,1.54,1.35,50,1.67,189.119224,0.581881533,3.31,2.43,0.137777778,0.788024839,3.61272,1.715
Cs2TlSbCl6,2.0043,True,1.9,1.45,0.79,6,5.0,3,0.76,81.0,0.43,0.45,0.887491164,1,0,0,0,0.74,0.419889503,1.54,1.11,30,1.67,203.297472,0.568027211,3.31,2.57,0.168888889,0.733066893,3.61272,1.835
Cs2RbTlCl6,2.4689,True,2.35,1.9,0.79,5,6.0,3,1.5,37.0,0.8,0.45,0.78591085,1,0,0,0,0.02,0.828729282,2.34,1.54,44,1.67,292.754944,0.503012048,3.33,3.31,0.328947368,0.509062782,3.61272,1.22
Cs2RbAsCl6,3.4685,True,2.35,1.15,0.79,5,4.0,3,0.58,37.0,1.36,1.2,0.912316092,1,0,0,0,0.94,0.320441989,2.34,0.98,4,1.67,187.149248,0.583916084,3.33,2.39,0.127192982,0.79631977,3.61272,1.5
Cs2YTlCl6,4.3248,True,1.9,1.8,0.79,6,5.0,3,0.9,81.0,0.4,0.1,0.866851835,1,0,0,0,0.6,0.497237569,1.54,1.94,42,1.67,218.167208,0.554817276,3.31,2.71,0.2,0.683102871,3.61272,1.42
Cs2TlBiCl6,2.2018,True,1.9,1.6,0.79,6,6.0,3,1.03,81.0,0.4,0.3,0.848528137,1,0,0,0,0.47,0.569060773,1.54,1.14,2,1.67,232.608375,0.543089431,3.31,2.84,0.228888889,0.64069338,3.61272,1.82
Cs2RbYCl6,4.9337,True,2.35,1.8,0.79,5,5.0,3,0.9,37.0,0.4,0.55,0.863981464,1,0,0,0,0.62,0.497237569,2.34,1.94,2,1.67,220.348864,0.552980132,3.33,2.71,0.197368421,0.676339525,3.61272,1.02
Cs2RbTbCl6,4.9233,True,2.35,1.75,0.79,5,6.0,3,0.923,37.0,0.28,0.6,0.860703949,1,0,0,0,0.597,0.509944751,2.34,2.06,28,1.67,222.875692,0.550882401,3.33,2.733,0.202412281,0.668671602,3.61272,0.96
Cs2RbSmCl6,4.8937,True,2.35,1.85,0.79,5,6.0,3,0.958,37.0,0.35,0.5,0.855763864,1,0,0,0,0.562,0.529281768,2.34,1.99,25,1.67,226.7578132,0.547720564,3.33,2.768,0.210087719,0.657223864,3.61272,0.995
Cs2RbScCl6,4.0707,False,2.35,1.6,0.79,5,4.0,3,0.745,37.0,0.54,0.75,0.886737136,1,0,0,0,0.775,0.41160221,2.34,1.8,16,1.67,203.8165291,0.567544605,3.33,2.555,0.163377193,0.7312,3.61272,1.09
Cs2RbSbCl6,3.4707,True,2.35,1.45,0.79,5,5.0,3,0.76,37.0,1.23,0.9,0.88448272,1,0,0,0,0.76,0.419889503,2.34,1.11,14,1.67,205.379,0.566101695,3.33,2.57,0.166666667,0.725637218,3.61272,1.435
Cs2RbNdCl6,4.8574,True,2.35,1.85,0.79,5,6.0,3,0.983,37.0,0.32,0.5,0.85226981,1,0,0,0,0.537,0.543093923,2.34,2.02,23,1.67,229.5581829,0.54548424,3.33,2.793,0.215570175,0.64920642,3.61272,0.98
Cs2RbPrCl6,4.8296,True,2.35,1.85,0.79,5,6.0,3,0.99,37.0,0.31,0.5,0.851296582,1,0,0,0,0.53,0.546961326,2.34,2.03,22,1.67,230.346397,0.544861338,3.33,2.8,0.217105263,0.646984924,3.61272,0.975
Cs2RbInCl6,3.6668,True,2.35,1.55,0.79,5,5.0,3,0.8,37.0,0.96,0.8,0.878526607,1,0,0,0,0.72,0.44198895,2.34,1.38,12,1.67,209.584584,0.562289562,3.33,2.61,0.175438596,0.711076374,3.61272,1.3
Cs2RbLaCl6,4.4364,True,2.35,1.95,0.79,5,6.0,3,1.032,37.0,0.28,0.4,0.845503572,1,0,0,0,0.488,0.570165746,2.34,2.06,20,1.67,235.1136004,0.541153597,3.33,2.842,0.226315789,0.633866547,3.61272,0.96
Cs2RbErCl6,5.067,True,2.35,1.75,0.79,5,6.0,3,0.89,37.0,0.42,0.6,0.86541427,1,0,0,0,0.63,0.491712707,2.34,1.92,31,1.67,219.256227,0.553897181,3.33,2.7,0.195175439,0.679709982,3.61272,1.03
Cs2RbBiCl6,4.1316,True,2.35,1.6,0.79,5,6.0,3,1.03,37.0,1.2,0.75,0.845777641,1,0,0,0,0.49,0.569060773,2.34,1.14,46,1.67,234.885113,0.541329011,3.33,2.84,0.225877193,0.634483149,3.61272,1.42
Cs2RbDyCl6,5.0592,True,2.35,1.75,0.79,5,6.0,3,0.912,37.0,0.4,0.6,0.862268349,1,0,0,0,0.608,0.503867403,2.34,1.94,29,1.67,221.6648126,0.551883675,3.33,2.722,0.2,0.672324328,3.61272,1.02
Cs2YAgCl6,3.8705,False,1.6,1.8,0.79,5,5.0,3,0.9,47.0,0.71,0.2,0.920361207,1,0,0,0,0.25,0.497237569,1.23,1.94,8,1.67,182.284263,0.589065256,2.96,2.71,0.260869565,0.81757275,3.61272,1.575
Cs2TlInCl6,2.7015,False,1.9,1.55,0.79,6,5.0,3,0.8,81.0,0.16,0.35,0.881494602,1,0,0,0,0.7,0.44198895,1.54,1.38,32,1.67,207.474688,0.564189189,3.31,2.61,0.177777778,0.718307604,3.61272,1.7
Cs2TlAsCl6,2.0627,True,1.9,1.15,0.79,6,4.0,3,0.58,81.0,0.56,0.75,0.915517201,1,0,0,0,0.92,0.320441989,1.54,0.98,48,1.67,185.193,0.585964912,3.31,2.39,0.128888889,0.804731529,3.61272,1.9
Cs2AlTlCl6,3.9209,False,1.9,1.25,0.79,6,3.0,3,0.535,81.0,0.01,0.65,0.922802484,1,0,0,0,0.965,0.29558011,1.54,1.55,68,1.67,180.8413864,0.590627763,3.31,2.345,0.118888889,0.824095906,3.61272,1.615
Cs2RbLuCl6,5.0606,False,2.35,1.75,0.79,5,6.0,3,0.861,37.0,0.45,0.6,0.869596408,1,0,0,0,0.659,0.475690608,2.34,1.89,34,1.67,216.108018,0.556573904,3.33,2.671,0.188815789,0.689611832,3.61272,1.045
Cs2RbGdCl6,3.2357,True,2.35,1.8,0.79,5,6.0,3,0.938,37.0,0.38,0.55,0.858579803,1,0,0,0,0.582,0.518232044,2.34,1.96,27,1.67,224.5339866,0.549522869,3.33,2.748,0.205701754,0.663733132,3.61272,1.01
Cs2RbGaCl6,3.4534,True,2.35,1.3,0.79,5,4.0,3,0.62,37.0,0.99,1.05,0.905980563,1,0,0,0,0.9,0.342541436,2.34,1.35,6,1.67,191.102976,0.579861111,3.33,2.43,0.135964912,0.779844716,3.61272,1.315
Cs2RbEuCl6,0.0,False,2.35,1.85,0.79,5,6.0,3,0.947,37.0,0.38,0.5,0.857310341,1,0,0,0,0.573,0.52320442,2.34,1.96,26,1.67,225.5329005,0.548710366,3.33,2.757,0.207675439,0.660793373,3.61272,1.01
Cs2RbCeCl6,4.1198,False,2.35,1.85,0.79,5,6.0,3,1.01,37.0,0.3,0.5,0.848528137,1,0,0,0,0.51,0.55801105,2.34,2.04,21,1.67,232.608375,0.543089431,3.33,2.82,0.221491228,0.64069338,3.61272,0.97
Cs2RbAuCl6,0.1911,False,2.35,1.35,0.79,5,6.0,3,0.85,37.0,1.72,1.0,0.87119333,1,0,0,0,0.67,0.46961326,2.34,0.62,42,1.67,214.921799,0.557595993,3.33,2.66,0.186403509,0.69341801,3.61272,1.68
Cs2RbAlCl6,4.6551,True,2.35,1.25,0.79,5,3.0,3,0.535,37.0,0.79,1.1,0.919550316,1,0,0,0,0.985,0.29558011,2.34,1.55,24,1.67,182.7669219,0.588546256,3.33,2.345,0.117324561,0.815413668,3.61272,1.215
Cs2NaTlCl6,1.9178,True,1.8,1.9,0.79,3,6.0,3,1.5,11.0,0.69,0.1,0.849910105,1,0,0,0,0.48,0.828729282,2.23,1.54,70,1.67,231.475544,0.543973941,2.83,3.31,0.490196078,0.643828905,3.61272,1.275
Cs2NaTmCl6,5.4487,True,1.8,1.75,0.79,3,6.0,3,0.88,11.0,0.32,0.05,0.945371023,1,0,0,0,0.14,0.486187845,2.23,1.91,58,1.67,168.196608,0.605072464,2.83,2.69,0.287581699,0.886050247,3.61272,1.09
Cs2InCuCl6,0.0,False,1.35,1.55,0.79,4,5.0,3,0.8,29.0,0.12,0.2,1.005481319,1,0,0,0,0.03,0.44198895,1.26,1.38,20,1.67,139.798359,0.643545279,2.58,2.61,0.346320346,1.066040025,3.61272,1.84
Cs2CuAsCl6,0.8647,False,1.35,1.15,0.79,4,4.0,3,0.58,29.0,0.28,0.2,1.049989546,1,0,0,0,0.19,0.320441989,1.26,0.98,4,1.67,122.763473,0.672032193,2.58,2.39,0.251082251,1.213965705,3.61272,2.04
Cs2AlHgCl6,0.0,False,1.5,1.25,0.79,6,3.0,3,0.535,80.0,0.39,0.25,0.993044347,1,0,0,0,0.565,0.29558011,1.16,1.55,67,1.67,145.1169564,0.635585157,2.91,2.345,0.162121212,1.02696921,3.61272,1.805
Cs2AsAuCl6,0.3048,False,1.35,1.15,0.79,6,4.0,3,0.58,79.0,0.36,0.2,1.033356049,1,0,0,0,0.27,0.320441989,0.62,0.98,46,1.67,128.787625,0.661386139,2.66,2.39,0.22745098,1.157181415,3.61272,2.36
Cs2InAuCl6,0.0,False,1.55,1.35,0.79,6,0.85,3,79.0,0.8,0.76,0.2,0.990217845,1,0,0,0,0.05,0.62,0.44198895,2.66,30,1.67,146.363183,0.633776091,1.38,2.61,0.31372549,1.01822496,3.61272,2.16
Cs2ScAgCl6,3.3916,False,1.6,1.6,0.79,5,4.0,3,0.745,47.0,0.57,0.0,0.946228113,1,0,0,0,0.405,0.41160221,1.23,1.8,26,1.67,167.7399659,0.605621034,2.96,2.555,0.215942029,0.888462361,3.61272,1.645
Cs2LiGdCl6,2.782,True,1.45,1.8,0.79,2,6.0,3,0.938,3.0,0.22,0.35,0.981280189,1,0,0,0,0.178,0.518232044,2.18,1.96,61,1.67,150.3990174,0.62805566,2.57,2.748,0.411403509,0.990901727,3.61272,1.09
Cs2KAsCl6,3.4599,True,2.2,1.15,0.79,4,4.0,3,0.58,19.0,1.36,1.05,0.935205743,1,0,0,0,0.8,0.320441989,2.34,0.98,14,1.67,173.741112,0.598566308,3.19,2.39,0.140096618,0.857774216,3.61272,1.5
Cs2KAuCl6,0.2103,False,2.2,1.35,0.79,4,6.0,3,0.85,19.0,1.72,0.85,0.892042401,1,0,0,0,0.53,0.46961326,2.34,0.62,60,1.67,200.201625,0.570940171,3.19,2.66,0.20531401,0.744402779,3.61272,1.68
Cs2YInCl6,3.496,True,1.55,1.8,0.79,5,5.0,3,0.9,49.0,0.56,0.25,0.980911287,1,0,0,0,0.1,0.497237569,1.38,1.94,10,1.67,150.568768,0.627819549,2.61,2.71,0.375,0.989784589,3.61272,1.5
Cs2GdAuCl6,1.5111,False,1.35,1.8,0.79,6,6.0,3,0.938,79.0,1.34,0.45,0.964949712,1,0,0,0,0.088,0.518232044,0.62,1.96,15,1.67,158.1648773,0.61760355,2.66,2.748,0.367843137,0.942248675,3.61272,1.87
Cs2NaGdCl6,3.0186,True,1.8,1.8,0.79,3,6.0,3,0.938,11.0,0.27,0.0,0.935541062,1,0,0,0,0.082,0.518232044,2.23,1.96,53,1.67,173.5543606,0.598780925,2.83,2.748,0.306535948,0.858697215,3.61272,1.065
Cs2LiTbCl6,5.0434,True,1.45,1.75,0.79,2,6.0,3,0.923,3.0,0.12,0.3,0.984055826,1,0,0,0,0.163,0.509944751,2.18,2.06,62,1.67,149.1299531,0.62983217,2.57,2.733,0.404824561,0.999334091,3.61272,1.04
Cs2LiSmCl6,4.9508,True,1.45,1.85,0.79,2,6.0,3,0.958,3.0,0.19,0.4,0.977603605,1,0,0,0,0.198,0.529281768,2.18,1.99,59,1.67,152.1022745,0.62570251,2.57,2.768,0.420175439,0.979805507,3.61272,1.075
Cs2LiLaCl6,4.4927,True,1.45,1.95,0.79,2,6.0,3,1.032,3.0,0.12,0.5,0.96423652,1,0,0,0,0.272,0.570165746,2.18,2.06,54,1.67,158.5160945,0.617147081,2.57,2.842,0.452631579,0.940160976,3.61272,1.04
Cs2KYCl6,5.1935,True,2.2,1.8,0.79,4,5.0,3,0.9,19.0,0.4,0.4,0.88448272,1,0,0,0,0.48,0.497237569,2.34,1.94,20,1.67,205.379,0.566101695,3.19,2.71,0.217391304,0.725637218,3.61272,1.02
Cs2KPrCl6,4.9664,True,2.2,1.85,0.79,4,6.0,3,0.99,19.0,0.31,0.35,0.87119333,1,0,0,0,0.39,0.546961326,2.34,2.03,40,1.67,214.921799,0.557595993,3.19,2.8,0.239130435,0.69341801,3.61272,0.975
Cs2KNdCl6,5.1287,True,2.2,1.85,0.79,4,6.0,3,0.983,19.0,0.32,0.35,0.87221261,1,0,0,0,0.397,0.543093923,2.34,2.02,41,1.67,214.1691971,0.55824837,3.19,2.793,0.237439614,0.695854717,3.61272,0.98
Cs2KInCl6,3.5784,True,2.2,1.55,0.79,4,5.0,3,0.8,19.0,0.96,0.65,0.899732422,1,0,0,0,0.58,0.44198895,2.34,1.38,30,1.67,195.112,0.575862069,3.19,2.61,0.193236715,0.763821016,3.61272,1.3
Cs2KLuCl6,5.2423,True,2.2,1.75,0.79,4,6.0,3,0.861,19.0,0.45,0.45,0.890368204,1,0,0,0,0.519,0.475690608,2.34,1.89,52,1.67,201.3330924,0.569868623,3.19,2.671,0.207971014,0.740219327,3.61272,1.045
Cs2KDyCl6,5.1988,True,2.2,1.75,0.79,4,6.0,3,0.912,19.0,0.4,0.45,0.882687423,1,0,0,0,0.468,0.503867403,2.34,1.94,47,1.67,206.6347105,0.564952639,3.19,2.722,0.220289855,0.72122755,3.61272,1.02
Cs2KCeCl6,4.0361,False,2.2,1.85,0.79,4,6.0,3,1.01,19.0,0.3,0.35,0.868294184,1,0,0,0,0.37,0.55801105,2.34,2.04,39,1.67,217.081801,0.555740433,3.19,2.82,0.243961353,0.686518379,3.61272,0.97
Cs2InSbCl6,1.3727,True,1.55,1.45,0.79,5,0.76,3,51.0,0.8,0.27,0.1,1.007422403,1,0,0,0,0.04,1.11,0.44198895,2.57,2,1.67,138.991832,0.644787645,1.38,2.61,0.350877193,1.072225928,3.61272,1.915
Cs2InBiCl6,1.7612,True,1.55,1.6,0.79,6,1.03,3,83.0,0.8,0.24,0.05,0.957513403,1,0,0,0,0.23,1.14,0.44198895,2.84,34,1.67,161.878625,0.612844037,1.38,2.61,0.258899676,0.920632024,3.61272,1.9
Cs2InAsCl6,1.3524,False,1.55,1.15,0.79,4,0.58,3,33.0,0.8,0.4,0.4,1.043689609,1,0,0,0,0.22,0.98,0.44198895,2.39,16,1.67,125.0,0.668,1.38,2.61,0.459770115,1.192245169,3.61272,1.98
Cs2YHgCl6,0.0,False,1.5,1.8,0.79,6,5.0,3,0.9,80.0,0.78,0.3,0.928549474,1,0,0,0,0.2,0.497237569,1.16,1.94,41,1.67,177.504328,0.59430605,2.91,2.71,0.272727273,0.839588802,3.61272,1.61
Cs2HgSbCl6,0.0,False,1.5,1.45,0.79,6,5.0,3,0.76,80.0,0.05,0.05,0.952271541,1,0,0,0,0.34,0.419889503,1.16,1.11,29,1.67,164.566592,0.609489051,2.91,2.57,0.23030303,0.905594777,3.61272,2.025
Cs2InHgCl6,0.0,False,1.5,1.55,0.79,6,5.0,3,0.8,80.0,0.22,0.05,0.945371023,1,0,0,0,0.3,0.44198895,1.16,1.38,31,1.67,168.196608,0.605072464,2.91,2.61,0.242424242,0.886050247,3.61272,1.89
Cs2HgBiCl6,0.0,False,1.5,1.6,0.79,6,6.0,3,1.03,80.0,0.02,0.1,0.907556182,1,0,0,0,0.07,0.569060773,1.16,1.14,3,1.67,190.109375,0.580869565,2.91,2.84,0.312121212,0.783920552,3.61272,2.01
Cs2HgAsCl6,0.0,False,1.5,1.15,0.79,6,4.0,3,0.58,80.0,0.18,0.35,0.984612839,1,0,0,0,0.52,0.320441989,1.16,0.98,47,1.67,148.877,0.630188679,2.91,2.39,0.175757576,1.001032034,3.61272,2.09
Cs2YCuCl6,2.5338,False,1.35,1.8,0.79,4,5.0,3,0.9,29.0,0.68,0.45,0.986474111,1,0,0,0,0.13,0.497237569,1.26,1.94,10,1.67,148.035889,0.631379962,2.58,2.71,0.38961039,1.006719702,3.61272,1.56
Cs2ErCuCl6,2.0815,False,1.35,1.75,0.79,4,6.0,3,0.89,29.0,0.66,0.4,0.988342433,1,0,0,0,0.12,0.491712707,1.26,1.92,39,1.67,147.197952,0.632575758,2.58,2.7,0.385281385,1.012450541,3.61272,1.57
Cs2YAuCl6,2.2263,False,1.35,1.8,0.79,6,5.0,3,0.9,79.0,1.32,0.45,0.971778034,1,0,0,0,0.05,0.497237569,0.62,1.94,40,1.67,154.854153,0.621973929,2.66,2.71,0.352941176,0.962393602,3.61272,1.88
Cs2TbAuCl6,2.181,False,1.35,1.75,0.79,6,6.0,3,0.923,79.0,1.44,0.4,0.967633607,1,0,0,0,0.073,0.509944751,0.62,2.06,14,1.67,156.8524335,0.619321342,2.66,2.733,0.361960784,0.950132828,3.61272,1.82
Cs2SbAuCl6,0.4039,False,1.35,1.45,0.79,6,5.0,3,0.76,79.0,0.49,0.1,0.997791213,1,0,0,0,0.09,0.419889503,0.62,1.11,28,1.67,143.055667,0.638623327,2.66,2.57,0.298039216,1.041766812,3.61272,2.295
Cs2DyAuCl6,2.1667,False,1.35,1.75,0.79,6,6.0,3,0.912,79.0,1.32,0.4,0.969611305,1,0,0,0,0.062,0.503867403,0.62,1.94,13,1.67,155.894603,0.620587142,2.66,2.722,0.357647059,0.955970529,3.61272,1.88
Cs2ErAuCl6,2.0871,False,1.35,1.75,0.79,6,6.0,3,0.89,79.0,1.3,0.4,0.973591053,1,0,0,0,0.04,0.491712707,0.62,1.92,11,1.67,153.990656,0.623134328,2.66,2.7,0.349019608,0.967790189,3.61272,1.89
Cs2AgSbCl6,1.6624,False,1.6,1.45,0.79,5,5.0,3,0.76,47.0,0.12,0.15,0.943661491,1,0,0,0,0.39,0.419889503,1.23,1.11,4,1.67,169.112377,0.6039783,2.96,2.57,0.220289855,0.881252152,3.61272,1.99
Cs2NdAgCl6,3.8207,False,1.6,1.85,0.79,5,6.0,3,0.983,47.0,0.79,0.25,0.907082921,1,0,0,0,0.167,0.543093923,1.23,2.02,13,1.67,190.4070928,0.580566661,2.96,2.793,0.284927536,0.782694825,3.61272,1.535
Cs2DyCuCl6,2.2443,False,1.35,1.75,0.79,4,6.0,3,0.912,29.0,0.68,0.4,0.984241427,1,0,0,0,0.142,0.503867403,1.26,1.94,37,1.67,149.0456036,0.629950962,2.58,2.722,0.394805195,0.999899645,3.61272,1.56
Cs2NaGaCl6,2.8347,True,1.8,1.3,0.79,3,4.0,3,0.62,11.0,0.88,0.5,0.992100389,1,0,0,0,0.4,0.342541436,2.23,1.35,20,1.67,145.531576,0.634980989,2.83,2.43,0.202614379,1.024043374,3.61272,1.37
Cs2NaEuCl6,0.0,False,1.8,1.85,0.79,3,6.0,3,0.947,11.0,0.27,0.05,0.934034016,1,0,0,0,0.073,0.52320442,2.23,1.96,52,1.67,174.395797,0.597816359,2.83,2.757,0.309477124,0.854554116,3.61272,1.065
Cs2NaAuCl6,0.0,False,1.8,1.35,0.79,3,6.0,3,0.85,11.0,1.61,0.45,0.950536985,1,0,0,0,0.17,0.46961326,2.23,0.62,68,1.67,165.469149,0.608378871,2.83,2.66,0.277777778,0.90065518,3.61272,1.735
Cs2NaAlCl6,4.1213,True,1.8,1.25,0.79,3,3.0,3,0.535,11.0,0.68,0.55,1.008395758,1,0,0,0,0.485,0.29558011,2.23,1.55,2,1.67,138.5897344,0.645410628,2.83,2.345,0.174836601,1.075336833,3.61272,1.27
Cs2LiTmCl6,5.2527,True,1.45,1.75,0.79,2,6.0,3,0.88,3.0,0.27,0.3,0.992100389,1,0,0,0,0.12,0.486187845,2.18,1.91,66,1.67,145.531576,0.634980989,2.57,2.69,0.385964912,1.024043374,3.61272,1.115
Cs2LiTlCl6,1.5236,True,1.45,1.9,0.79,2,6.0,3,1.5,3.0,0.64,0.45,0.887491164,1,0,0,0,0.74,0.828729282,2.18,1.54,78,1.67,203.297472,0.568027211,2.57,3.31,0.657894737,0.733066893,3.61272,1.3
Cs2LiScCl6,3.7738,False,1.45,1.6,0.79,2,4.0,3,0.745,3.0,0.38,0.15,1.018233765,1,0,0,0,0.015,0.41160221,2.18,1.8,18,1.67,134.6113281,0.651707317,2.57,2.555,0.326754386,1.107118161,3.61272,1.17
Cs2LiInCl6,2.7765,True,1.45,1.55,0.79,2,5.0,3,0.8,3.0,0.8,0.1,1.007422403,1,0,0,0,0.04,0.44198895,2.18,1.38,46,1.67,138.991832,0.644787645,2.57,2.61,0.350877193,1.072225928,3.61272,1.38
Cs2LiDyCl6,5.0917,True,1.45,1.75,0.79,2,6.0,3,0.912,3.0,0.24,0.3,0.986101293,1,0,0,0,0.152,0.503867403,2.18,1.94,63,1.67,148.2038571,0.631141345,2.57,2.722,0.4,1.005578728,3.61272,1.1
Cs2LiAuCl6,0.0,False,1.45,1.35,0.79,2,6.0,3,0.85,3.0,1.56,0.1,0.997791213,1,0,0,0,0.09,0.46961326,2.18,0.62,76,1.67,143.055667,0.638623327,2.57,2.66,0.372807018,1.041766812,3.61272,1.76
Cs2KTlCl6,2.3439,True,2.2,1.9,0.79,4,6.0,3,1.5,19.0,0.8,0.3,0.802838161,1,0,0,0,0.12,0.828729282,2.34,1.54,62,1.67,274.625,0.513846154,3.19,3.31,0.362318841,0.542669626,3.61272,1.22
Cs2KLaCl6,4.842,True,2.2,1.95,0.79,4,6.0,3,1.032,19.0,0.28,0.25,0.865127328,1,0,0,0,0.348,0.570165746,2.34,2.06,38,1.67,219.4744648,0.553713528,3.19,2.842,0.249275362,0.679034102,3.61272,0.96
Cs2KGaCl6,3.3316,True,2.2,1.3,0.79,4,4.0,3,0.62,19.0,0.99,0.9,0.928549474,1,0,0,0,0.76,0.342541436,2.34,1.35,12,1.67,177.504328,0.59430605,3.19,2.43,0.149758454,0.839588802,3.61272,1.315
Cs2KAlCl6,4.6198,True,2.2,1.25,0.79,4,3.0,3,0.535,19.0,0.79,0.95,0.942809042,1,0,0,0,0.845,0.29558011,2.34,1.55,6,1.67,169.5715054,0.603432701,3.19,2.345,0.129227053,0.878866091,3.61272,1.215
Cs2ScInCl6,2.8043,True,1.55,1.6,0.79,5,4.0,3,0.745,49.0,0.42,0.05,1.010348121,1,0,0,0,0.055,0.41160221,1.38,1.8,28,1.67,137.7878671,0.646660213,2.61,2.555,0.310416667,1.08159484,3.61272,1.57
Cs2ScCuCl6,1.9388,False,1.35,1.6,0.79,4,4.0,3,0.745,29.0,0.54,0.25,1.016250836,1,0,0,0,0.025,0.41160221,1.26,1.8,8,1.67,135.4008354,0.650438169,2.58,2.555,0.322510823,1.100662678,3.61272,1.63
Cs2CuMoCl6,0.8536,True,1.35,1.45,0.79,4,5.0,3,0.69,29.0,0.26,0.1,1.027253552,1,0,0,0,0.08,0.38121547,1.26,1.0,13,1.67,131.096512,0.657480315,2.58,2.5,0.298701299,1.136801001,3.61272,2.03
Cs2GaCuCl6,0.0,False,1.35,1.3,0.79,4,4.0,3,0.62,29.0,0.09,0.05,1.041606396,1,0,0,0,0.15,0.342541436,1.26,1.35,2,1.67,125.751501,0.666666667,2.58,2.43,0.268398268,1.185120217,3.61272,1.855
Cs2AlCuCl6,0.8612,True,1.35,1.25,0.79,4,3.0,3,0.535,29.0,0.29,0.1,1.059583359,1,0,0,0,0.235,0.29558011,1.26,1.55,16,1.67,119.4589531,0.678172589,2.58,2.345,0.231601732,1.247546895,3.61272,1.755
Cs2LiEuCl6,0.0,False,1.45,1.85,0.79,2,6.0,3,0.947,3.0,0.22,0.4,0.97962231,1,0,0,0,0.187,0.52320442,2.18,1.96,60,1.67,151.1639008,0.626994556,2.57,2.757,0.415350877,0.985887803,3.61272,1.09
Cs2InGaCl6,1.9897,False,1.3,1.55,0.79,4,5.0,3,0.8,31.0,0.03,0.25,1.035406358,1,0,0,0,0.18,0.44198895,1.35,1.38,18,1.67,128.024064,0.662698413,2.43,2.61,0.430107527,1.164083075,3.61272,1.795
Cs2GaHgCl6,0.0,False,1.5,1.3,0.79,6,4.0,3,0.62,80.0,0.19,0.2,0.977237462,1,0,0,0,0.48,0.342541436,1.16,1.35,49,1.67,152.273304,0.625468165,2.91,2.43,0.187878788,0.978705014,3.61272,1.905
Cs2TlCuCl6,0.0,False,1.35,1.9,0.79,6,1.5,3,81.0,0.77,0.28,0.55,0.885984388,1,0,0,0,0.73,1.54,0.425414365,3.31,52,1.67,204.336469,0.567062818,1.26,2.58,0.171111111,0.729339441,3.61272,1.76
Cs2TbCuCl6,2.5342,False,1.35,1.75,0.79,4,6.0,3,0.923,29.0,0.8,0.4,0.98220366,1,0,0,0,0.153,0.509944751,1.26,2.06,36,1.67,149.9751993,0.628646716,2.58,2.733,0.3995671,0.993701937,3.61272,1.5
Cs2ScAuCl6,2.0233,False,1.35,1.6,0.79,6,4.0,3,0.745,79.0,1.18,0.25,1.000661178,1,0,0,0,0.105,0.41160221,0.62,1.8,58,1.67,141.8283134,0.640460211,2.66,2.555,0.292156863,1.050782052,3.61272,1.95
Cs2GaAuCl6,0.0,False,1.35,1.3,0.79,6,4.0,3,0.62,79.0,0.73,0.05,1.025235372,1,0,0,0,0.23,0.342541436,0.62,1.35,48,1.67,131.872229,0.656188605,2.66,2.43,0.243137255,1.130113954,3.61272,2.175
Cs2AlAuCl6,0.8686,False,1.35,1.25,0.79,6,3.0,3,0.535,79.0,0.93,0.1,1.042646962,1,0,0,0,0.315,0.29558011,0.62,1.55,66,1.67,125.3753751,0.667332667,2.66,2.345,0.209803922,1.188675575,3.61272,2.075
Cs2AgMoCl6,0.9531,True,1.6,1.45,0.79,5,5.0,3,0.69,47.0,0.23,0.15,0.955759715,1,0,0,0,0.46,0.38121547,1.23,1.0,5,1.67,162.771336,0.611721612,2.96,2.5,0.2,0.915582865,3.61272,2.045
Cs2PrAgCl6,3.826,False,1.6,1.85,0.79,5,6.0,3,0.99,47.0,0.8,0.25,0.905980563,1,0,0,0,0.16,0.546961326,1.23,2.03,12,1.67,191.102976,0.579861111,2.96,2.8,0.286956522,0.779844716,3.61272,1.53
Cs2AlInCl6,3.1183,False,1.55,1.25,0.79,5,3.0,3,0.535,49.0,0.17,0.3,1.053168122,1,0,0,0,0.265,0.29558011,1.38,1.55,36,1.67,121.6552839,0.674066599,2.61,2.345,0.222916667,1.22502403,3.61272,1.695
Cs2TlHgCl6,0.0,False,1.5,1.9,0.79,6,1.5,3,81.0,1.1,0.38,0.4,0.838978785,1,0,0,0,0.4,1.54,0.607734807,3.31,1,1.67,240.641848,0.536977492,1.16,2.91,0.244444444,0.619304777,3.61272,1.81
Cs2ScHgCl6,0.0,False,1.5,1.6,0.79,6,4.0,3,0.745,80.0,0.64,0.1,0.954885278,1,0,0,0,0.355,0.41160221,1.16,1.8,59,1.67,163.2189196,0.61116194,2.91,2.555,0.225757576,0.913072127,3.61272,1.68
Cs2CeCuCl6,1.6741,False,1.35,1.85,0.79,4,6.0,3,1.01,29.0,0.78,0.5,0.966379268,1,0,0,0,0.24,0.55801105,1.26,2.04,29,1.67,157.464,0.618518519,2.58,2.82,0.437229437,0.946442654,3.61272,1.51
Cs2PrAuCl6,1.8745,False,1.35,1.85,0.79,6,6.0,3,0.99,79.0,1.41,0.5,0.955759715,1,0,0,0,0.14,0.546961326,0.62,2.03,20,1.67,162.771336,0.611721612,2.66,2.8,0.388235294,0.915582865,3.61272,1.835
Cs2NdAuCl6,2.2148,False,1.35,1.85,0.79,6,6.0,3,0.983,79.0,1.4,0.5,0.956986621,1,0,0,0,0.133,0.543093923,0.62,2.02,19,1.67,162.1460947,0.612506877,2.66,2.793,0.385490196,0.919113386,3.61272,1.84
Cs2LaAuCl6,2.275,False,1.35,1.95,0.79,6,6.0,3,1.032,79.0,1.44,0.6,0.94846384,1,0,0,0,0.182,0.570165746,0.62,2.06,22,1.67,166.556566,0.607051981,2.66,2.842,0.404705882,0.894774969,3.61272,1.82
Cs2EuAuCl6,0.0,False,1.35,1.85,0.79,6,6.0,3,0.947,79.0,1.34,0.5,0.96334651,1,0,0,0,0.097,0.52320442,0.62,1.96,16,1.67,158.9558467,0.616577441,2.66,2.757,0.371372549,0.937560015,3.61272,1.87
Cs2TlAgCl6,0.0,False,1.6,1.9,0.79,6,1.5,3,81.0,1.15,0.31,0.3,0.832288364,1,0,0,0,0.35,1.54,0.635359116,3.31,34,1.67,246.491883,0.532695375,1.23,2.96,0.255555556,0.604606709,3.61272,1.775
Cs2BiAuCl6,0.9914,False,1.6,1.35,0.79,6,0.85,3,79.0,1.03,0.52,0.25,0.948808735,1,0,0,0,0.18,0.62,0.569060773,2.66,4,1.67,166.375,0.607272727,1.14,2.84,0.403921569,0.895751442,3.61272,2.28
Cs2CuAuCl6,0.0,False,1.35,1.35,0.79,4,6.0,3,0.85,29.0,0.64,0.0,0.995887032,1,0,0,0,0.08,0.46961326,1.26,0.62,50,1.67,143.877824,0.63740458,2.58,2.66,0.367965368,1.035813873,3.61272,2.22
Cs2LaCuCl6,2.1808,False,1.35,1.95,0.79,4,6.0,3,1.032,29.0,0.8,0.6,0.962458142,1,0,0,0,0.262,0.570165746,1.26,2.06,28,1.67,159.3964114,0.616008853,2.58,2.842,0.446753247,0.93496864,3.61272,1.5
Cs2TlAuCl6,0.0,False,1.9,1.35,0.79,6,6.0,3,0.85,81.0,0.92,0.55,0.8741119,1,0,0,0,0.65,0.46961326,1.54,0.62,2,1.67,212.776173,0.559463987,3.31,2.66,0.188888889,0.700410408,3.61272,2.08
Cs2LuAgCl6,3.7052,False,1.6,1.75,0.79,5,6.0,3,0.861,47.0,0.66,0.15,0.926735579,1,0,0,0,0.289,0.475690608,1.23,1.89,24,1.67,178.5486546,0.59314509,2.96,2.671,0.249565217,0.834678068,3.61272,1.6
Cs2AgAsCl6,1.5886,False,1.6,1.15,0.79,5,4.0,3,0.58,47.0,0.25,0.45,0.97541085,1,0,0,0,0.57,0.320441989,1.23,0.98,14,1.67,153.130375,0.624299065,2.96,2.39,0.168115942,0.9732272,3.61272,2.055
Cs2CeAgCl6,2.9041,False,1.6,1.85,0.79,5,6.0,3,1.01,47.0,0.81,0.25,0.902845683,1,0,0,0,0.14,0.55801105,1.23,2.04,11,1.67,193.100552,0.577854671,2.96,2.82,0.292753623,0.771777421,3.61272,1.525
Cs2LaAgCl6,3.6099,False,1.6,1.95,0.79,5,6.0,3,1.032,47.0,0.83,0.35,0.899422276,1,0,0,0,0.118,0.570165746,1.23,2.06,10,1.67,195.3139096,0.575663564,2.96,2.842,0.299130435,0.763031401,3.61272,1.515
Cs2GdAgCl6,0.0,False,1.6,1.8,0.79,5,6.0,3,0.938,47.0,0.73,0.2,0.914234065,1,0,0,0,0.212,0.518232044,1.23,1.96,17,1.67,185.9738549,0.585143658,2.96,2.748,0.271884058,0.801352675,3.61272,1.565
Cs2AlAgCl6,2.4585,True,1.6,1.25,0.79,5,3.0,3,0.535,47.0,0.32,0.35,0.983684834,1,0,0,0,0.615,0.29558011,1.23,1.55,34,1.67,149.2987476,0.629594722,2.96,2.345,0.155072464,0.998204261,3.61272,1.77
Cs2GaAgCl6,1.2972,True,1.6,1.3,0.79,5,4.0,3,0.62,47.0,0.12,0.3,0.968172179,1,0,0,0,0.53,0.342541436,1.23,1.35,16,1.67,156.590819,0.619666048,2.96,2.43,0.179710145,0.951720203,3.61272,1.87
Cs2KCrCl6,1.5535,True,2.2,1.4,0.79,4,4.0,3,0.615,19.0,0.84,0.8,0.929376321,1,0,0,0,0.765,0.339779006,2.34,1.5,5,1.67,177.0309834,0.594835263,3.19,2.425,0.148550725,0.841833691,3.61272,1.24
Cs2NaCrCl6,1.3532,True,1.8,1.4,0.79,3,4.0,3,0.615,11.0,0.73,0.4,0.993044347,1,0,0,0,0.405,0.339779006,2.23,1.5,13,1.67,145.1169564,0.635585157,2.83,2.425,0.200980392,1.02696921,3.61272,1.295
Cs2KYbCl6,0.0,False,2.2,1.75,0.79,4,6.0,3,0.868,19.0,0.28,0.45,0.889306074,1,0,0,0,0.512,0.479558011,2.34,2.06,51,1.67,202.055332,0.569188821,3.19,2.678,0.209661836,0.737573439,3.61272,0.96
Cs2KHoCl6,5.2294,True,2.2,1.75,0.79,4,6.0,3,0.901,19.0,0.41,0.45,0.884332833,1,0,0,0,0.479,0.497790055,2.34,1.93,48,1.67,205.4834477,0.566005762,3.19,2.711,0.21763285,0.725268375,3.61272,1.025
Cs2NaUCl6,0.5004,False,1.8,1.75,0.79,3,7.0,3,1.025,11.0,0.45,0.05,0.92117353,1,0,0,0,0.005,0.566298343,2.23,1.78,81,1.67,181.8024546,0.589585172,2.83,2.835,0.33496732,0.819739461,3.61272,1.155
Cs2NaYCl6,5.0774,True,1.8,1.8,0.79,3,5.0,3,0.9,11.0,0.29,0.0,0.941958131,1,0,0,0,0.12,0.497237569,2.23,1.94,28,1.67,170.031464,0.602888087,2.83,2.71,0.294117647,0.876488637,3.61272,1.075
Cs2NaHoCl6,5.2906,True,1.8,1.75,0.79,3,6.0,3,0.901,11.0,0.3,0.05,0.941788133,1,0,0,0,0.119,0.497790055,2.23,1.93,56,1.67,170.1235554,0.602779282,2.83,2.711,0.294444444,0.876014175,3.61272,1.08
Cs2NaYbCl6,0.0,False,1.8,1.75,0.79,3,6.0,3,0.868,11.0,0.17,0.05,0.947430655,1,0,0,0,0.152,0.479558011,2.23,2.06,59,1.67,167.1020565,0.606390704,2.83,2.678,0.283660131,0.891854051,3.61272,1.015
Cs2LiYCl6,4.8986,True,1.45,1.8,0.79,2,5.0,3,0.9,3.0,0.24,0.35,0.988342433,1,0,0,0,0.14,0.497237569,2.18,1.94,36,1.67,147.197952,0.632575758,2.57,2.71,0.394736842,1.012450541,3.61272,1.1
Cs2AgAuCl6,0.0,False,1.6,1.35,0.79,5,6.0,3,0.85,47.0,0.61,0.25,0.928549474,1,0,0,0,0.3,0.46961326,1.23,0.62,32,1.67,177.504328,0.59430605,2.96,2.66,0.246376812,0.839588802,3.61272,2.235
Cs2NaTbCl6,5.2046,True,1.8,1.75,0.79,3,6.0,3,0.923,11.0,0.17,0.05,0.938063643,1,0,0,0,0.097,0.509944751,2.23,2.06,54,1.67,172.1579885,0.60039547,2.83,2.733,0.301633987,0.865662101,3.61272,1.015
Cs2LiLuCl6,5.3389,True,1.45,1.75,0.79,2,6.0,3,0.861,3.0,0.29,0.3,0.995697013,1,0,0,0,0.101,0.475690608,2.18,1.89,68,1.67,143.9602125,0.637282961,2.57,2.671,0.377631579,1.035221076,3.61272,1.125
Cs2KScCl6,3.7113,False,2.2,1.6,0.79,4,4.0,3,0.745,19.0,0.54,0.6,0.908346048,1,0,0,0,0.635,0.41160221,2.34,1.8,2,1.67,189.6138686,0.581375109,3.19,2.555,0.179951691,0.785969123,3.61272,1.09
Cs2KEuCl6,0.0,False,2.2,1.85,0.79,4,6.0,3,0.947,19.0,0.38,0.35,0.877492525,1,0,0,0,0.433,0.52320442,2.34,1.96,44,1.67,210.3264131,0.561627711,3.19,2.757,0.228743961,0.708568381,3.61272,1.01
Cs2NaSmCl6,5.1745,True,1.8,1.85,0.79,3,6.0,3,0.958,11.0,0.24,0.05,0.93219865,1,0,0,0,0.062,0.529281768,2.23,1.99,51,1.67,175.4279072,0.596641658,2.83,2.768,0.313071895,0.849526444,3.61272,1.05
Cs2NaErCl6,5.3424,True,1.8,1.75,0.79,3,6.0,3,0.89,11.0,0.31,0.05,0.943661491,1,0,0,0,0.13,0.491712707,2.23,1.92,57,1.67,169.112377,0.6039783,2.83,2.7,0.290849673,0.881252152,3.61272,1.085
Cs2KTbCl6,5.0878,True,2.2,1.75,0.79,4,6.0,3,0.923,19.0,0.28,0.45,0.881048125,1,0,0,0,0.457,0.509944751,2.34,2.06,46,1.67,207.7902655,0.563903427,3.19,2.733,0.22294686,0.717216689,3.61272,0.96
Cs2NaSbCl6,2.8096,False,1.8,1.45,0.79,3,5.0,3,0.76,11.0,1.12,0.35,0.966379268,1,0,0,0,0.26,0.419889503,2.23,1.11,40,1.67,157.464,0.618518519,2.83,2.57,0.248366013,0.946442654,3.61272,1.49
Cs2NaInCl6,2.9904,True,1.8,1.55,0.79,3,5.0,3,0.8,11.0,0.85,0.25,0.959273538,1,0,0,0,0.22,0.44198895,2.23,1.38,38,1.67,160.989184,0.613970588,2.83,2.61,0.261437908,0.925718377,3.61272,1.355
Cs2NaAsCl6,2.8421,False,1.8,1.15,0.79,3,4.0,3,0.58,11.0,1.25,0.65,0.999702691,1,0,0,0,0.44,0.320441989,2.23,0.98,22,1.67,142.236648,0.639846743,2.83,2.39,0.189542484,1.047765454,3.61272,1.555
Cs2LiCrF6,4.3359,False,1.45,1.4,0.79,2,4.0,2,0.615,3.0,0.68,0.05,1.134597193,0,0,0,1,0.145,0.478599222,3.0,2.32,21,1.67,61.39613362,0.846641318,2.045,1.9,0.269736842,0.86857679,3.40119,1.32
Cs2LiAlF6,6.8832,True,1.45,1.25,0.79,2,3.0,2,0.535,3.0,0.63,0.2,1.15808174,0,0,0,1,0.225,0.416342412,3.0,2.37,10,1.67,57.73623962,0.864165589,2.045,1.82,0.234649123,0.923635779,3.40119,1.295
Cs2LiGaF6,6.1115,True,1.45,1.3,0.79,2,4.0,2,0.62,3.0,0.83,0.15,1.133160994,0,0,0,1,0.14,0.482490272,3.0,2.17,28,1.67,61.629875,0.84556962,2.045,1.905,0.271929825,0.865282571,3.40119,1.395
Cs2NaTiF6,0.0,False,1.8,1.4,0.79,3,4.0,2,0.67,11.0,0.61,0.4,1.050700921,0,0,0,1,0.35,0.521400778,3.05,2.44,11,1.67,77.308776,0.784037559,2.305,1.955,0.218954248,0.689795641,3.40119,1.235
Cs2NaFeF6,3.841,True,1.8,1.4,0.79,3,4.0,2,0.645,11.0,0.9,0.4,1.056903406,0,0,0,1,0.375,0.501945525,3.05,2.15,15,1.67,75.95567787,0.78866588,2.305,1.93,0.210784314,0.702083875,3.40119,1.38
Cs2NaMnF6,0.0,False,1.8,1.4,0.79,3,4.0,2,0.645,11.0,0.62,0.4,1.056903406,0,0,0,1,0.375,0.501945525,3.05,2.43,14,1.67,75.95567787,0.78866588,2.305,1.93,0.210784314,0.702083875,3.40119,1.24
Cs2NaCrF6,4.2707,True,1.8,1.4,0.79,3,4.0,2,0.615,11.0,0.73,0.4,1.06444374,0,0,0,1,0.405,0.478599222,3.05,2.32,13,1.67,74.35291513,0.794292509,2.305,1.9,0.200980392,0.717218102,3.40119,1.295
Cs2NaCoF6,2.801,False,1.8,1.35,0.79,3,4.0,2,0.61,11.0,0.95,0.45,1.065710935,0,0,0,1,0.41,0.474708171,3.05,2.1,16,1.67,74.088,0.795238095,2.305,1.895,0.199346405,0.719782646,3.40119,1.405
Cs2NaVF6,0.0,False,1.8,1.35,0.79,3,4.0,2,0.64,11.0,0.7,0.45,1.058152701,0,0,0,1,0.38,0.498054475,3.05,2.35,12,1.67,75.686967,0.789598109,2.305,1.925,0.209150327,0.704576478,3.40119,1.28
Cs2NaAlF6,6.697,True,1.8,1.25,0.79,3,3.0,2,0.535,11.0,0.68,0.55,1.085087497,0,0,0,1,0.485,0.416342412,3.05,2.37,2,1.67,70.18945313,0.80969697,2.305,1.82,0.174836601,0.759761678,3.40119,1.27
Cs2NaMoF6,4.3824,False,1.8,1.45,0.79,3,5.0,2,0.69,11.0,1.23,0.35,1.045791104,0,0,0,1,0.33,0.536964981,3.05,1.82,31,1.67,78.402752,0.780373832,2.305,1.975,0.225490196,0.680170725,3.40119,1.545
Cs2LiYF6,7.2663,True,1.45,1.8,0.79,2,5.0,2,0.9,3.0,0.24,0.35,1.058152701,0,0,0,1,0.14,0.700389105,3.0,2.76,36,1.67,75.686967,0.789598109,2.045,2.185,0.394736842,0.704576478,3.40119,1.1
Cs2LiSbF6,4.1258,False,1.45,1.45,0.79,2,5.0,2,0.76,3.0,1.07,0.0,1.094373087,0,0,0,1,0.0,0.591439689,3.0,1.93,48,1.67,68.417929,0.816625917,2.045,2.045,0.333333333,0.77943395,3.40119,1.515
Cs2LiPrF6,6.9993,False,1.45,1.85,0.79,2,6.0,2,0.99,3.0,0.15,0.4,1.036107853,0,0,0,1,0.23,0.770428016,3.0,2.85,56,1.67,80.621568,0.773148148,2.045,2.275,0.434210526,0.661451495,3.40119,1.055
Cs2LiNdF6,7.055,False,1.45,1.85,0.79,2,6.0,2,0.983,3.0,0.16,0.4,1.037789456,0,0,0,1,0.223,0.764980545,3.0,2.84,57,1.67,80.2302923,0.774402968,2.045,2.268,0.431140351,0.664677332,3.40119,1.06
Cs2LiMoF6,4.8178,True,1.45,1.45,0.79,2,5.0,2,0.69,3.0,1.18,0.0,1.113429335,0,0,0,1,0.07,0.536964981,3.0,1.82,39,1.67,64.964808,0.830845771,2.045,1.975,0.302631579,0.820863762,3.40119,1.57
Cs2LiCeF6,0.5299,False,1.45,1.85,0.79,2,6.0,2,1.01,3.0,0.14,0.4,1.031333162,0,0,0,1,0.25,0.785992218,3.0,2.86,55,1.67,81.746504,0.769585253,2.045,2.295,0.442982456,0.65234908,3.40119,1.05
Cs2LiBiF6,4.8946,False,1.45,1.6,0.79,2,6.0,2,1.03,3.0,1.04,0.15,1.026602276,0,0,0,1,0.27,0.80155642,3.0,1.96,80,1.67,82.881856,0.766055046,2.045,2.315,0.451754386,0.643412916,3.40119,1.5
Cs2CuBiF6,1.1623,False,1.35,1.6,0.79,4,6.0,2,1.03,29.0,0.12,0.25,1.024253072,0,0,0,1,0.26,0.80155642,2.08,1.96,54,1.67,83.453453,0.764302059,2.055,2.315,0.445887446,0.639005994,3.40119,1.96
Cs2NaSbF6,4.2317,False,1.8,1.45,0.79,3,5.0,2,0.76,11.0,1.12,0.35,1.028962282,0,0,0,1,0.26,0.591439689,3.05,1.93,40,1.67,82.312875,0.767816092,2.305,2.045,0.248366013,0.647860455,3.40119,1.49
Cs2NaPrF6,6.6211,False,1.8,1.85,0.79,3,6.0,2,0.99,11.0,0.2,0.05,0.977289503,0,0,0,1,0.03,0.770428016,3.05,2.85,48,1.67,96.071912,0.729257642,2.305,2.275,0.323529412,0.555076458,3.40119,1.03
Cs2NaNdF6,6.7399,True,1.8,1.85,0.79,3,6.0,2,0.983,11.0,0.21,0.05,0.978785464,0,0,0,1,0.037,0.764980545,3.05,2.84,49,1.67,95.63208052,0.730373934,2.305,2.268,0.32124183,0.557629368,3.40119,1.035
Cs2NaCeF6,6.3611,False,1.8,1.85,0.79,3,6.0,2,1.01,11.0,0.19,0.05,0.973040418,0,0,0,1,0.01,0.785992218,3.05,2.86,47,1.67,97.336,0.726086957,2.305,2.295,0.330065359,0.547867764,3.40119,1.025
Cs2KCeF6,0.4187,False,2.2,1.85,0.79,4,6.0,2,1.01,19.0,0.3,0.35,0.902416517,0,0,0,1,0.37,0.785992218,3.16,2.86,39,1.67,122.023936,0.673387097,2.665,2.295,0.243961353,0.437022919,3.40119,0.97
Cs2YAgF6,3.3465,False,1.6,1.8,0.79,5,5.0,2,0.9,47.0,0.71,0.2,0.968828122,0,0,0,1,0.25,0.700389105,2.05,2.76,8,1.67,98.611128,0.722943723,2.435,2.185,0.260869565,0.540783355,3.40119,1.575
Cs2KSbF6,4.1778,False,2.2,1.45,0.79,4,5.0,2,0.76,19.0,1.23,0.75,0.950315483,0,0,0,1,0.62,0.591439689,3.16,1.93,32,1.67,104.487111,0.709129512,2.665,2.045,0.183574879,0.510371625,3.40119,1.435
Cs2KPrF6,6.2956,False,2.2,1.85,0.79,4,6.0,2,0.99,19.0,0.31,0.35,0.906070025,0,0,0,1,0.39,0.770428016,3.16,2.85,40,1.67,120.553784,0.67611336,2.665,2.275,0.239130435,0.442352408,3.40119,0.975
Cs2NaNiF6,0.0,False,1.8,1.35,0.79,3,4.0,2,0.6,11.0,0.98,0.45,1.068254397,0,0,0,1,0.42,0.46692607,3.05,2.07,17,1.67,73.560059,0.797136038,2.305,1.885,0.196078431,0.72494853,3.40119,1.42
Cs2AlTlF6,5.6085,False,1.9,1.25,0.79,6,3.0,2,0.535,81.0,0.01,0.65,0.971983914,0,0,0,1,0.965,0.416342412,2.36,2.37,68,1.67,97.65374513,0.725298588,2.785,1.82,0.118888889,0.546085115,3.40119,1.615
Cs2RbScF6,6.6555,True,2.35,1.6,0.79,5,4.0,2,0.745,37.0,0.54,0.75,0.92574683,0,0,0,1,0.775,0.579766537,3.16,2.62,16,1.67,113.0288829,0.690796277,2.805,2.03,0.163377193,0.471802032,3.40119,1.09
Cs2RbIrF6,2.5113,True,2.35,1.35,0.79,5,6.0,2,0.68,37.0,1.38,1.0,0.938361829,0,0,0,1,0.84,0.529182879,3.16,1.78,40,1.67,108.531333,0.700209644,2.805,1.965,0.149122807,0.491353558,3.40119,1.51
Cs2RbAsF6,4.5627,False,2.35,1.15,0.79,5,4.0,2,0.58,37.0,1.36,1.2,0.95845523,0,0,0,1,0.94,0.451361868,3.16,1.8,4,1.67,101.847563,0.715203426,2.805,1.865,0.127192982,0.52359875,3.40119,1.5
Cs2RbAuF6,0.7939,False,2.35,1.35,0.79,5,6.0,2,0.85,37.0,1.72,1.0,0.906070025,0,0,0,1,0.67,0.661478599,3.16,1.44,42,1.67,120.553784,0.67611336,2.805,2.135,0.186403509,0.442352408,3.40119,1.68
Cs2NaRhF6,1.9082,True,1.8,1.35,0.79,3,5.0,2,0.665,11.0,1.35,0.45,1.051935588,0,0,0,1,0.355,0.517509728,3.05,1.7,34,1.67,77.03688138,0.784958872,2.305,1.95,0.217320261,0.692230211,3.40119,1.605
Cs2NaRuF6,0.0,False,1.8,1.3,0.79,3,5.0,2,0.68,11.0,1.27,0.5,1.048240263,0,0,0,1,0.34,0.529182879,3.05,1.78,33,1.67,77.854483,0.782201405,2.305,1.965,0.222222222,0.684960642,3.40119,1.565
Cs2NaIrF6,2.2607,True,1.8,1.35,0.79,3,6.0,2,0.68,11.0,1.27,0.45,1.048240263,0,0,0,1,0.34,0.529182879,3.05,1.78,66,1.67,77.854483,0.782201405,2.305,1.965,0.222222222,0.684960642,3.40119,1.565
Cs2RbRuF6,0.0,False,2.35,1.3,0.79,5,5.0,2,0.68,37.0,1.38,1.05,0.938361829,0,0,0,1,0.84,0.529182879,3.16,1.78,7,1.67,108.531333,0.700209644,2.805,1.965,0.149122807,0.491353558,3.40119,1.51
Cs2RbFeF6,4.1178,False,2.35,1.4,0.79,5,4.0,2,0.645,37.0,1.01,0.95,0.945297978,0,0,0,1,0.875,0.501945525,3.16,2.15,11,1.67,106.1597654,0.705385428,2.805,1.93,0.141447368,0.502330205,3.40119,1.325
Cs2ScTlF6,5.2805,False,1.9,1.6,0.79,6,4.0,2,0.745,81.0,0.26,0.3,0.929592092,0,0,0,1,0.755,0.579766537,2.36,2.62,60,1.67,111.6320434,0.693665628,2.785,2.03,0.165555556,0.477705639,3.40119,1.49
Cs2TlRuF6,0.5579,False,1.9,1.3,0.79,6,5.0,2,0.68,81.0,0.58,0.6,0.942312826,0,0,0,1,0.82,0.529182879,2.36,1.78,37,1.67,107.171875,0.703157895,2.785,1.965,0.151111111,0.497586299,3.40119,1.91
Cs2TlRhF6,1.9056,False,1.9,1.35,0.79,6,5.0,2,0.665,81.0,0.66,0.55,0.945297978,0,0,0,1,0.835,0.517509728,2.36,1.7,36,1.67,106.1597654,0.705385428,2.785,1.95,0.147777778,0.502330205,3.40119,1.95
Cs2YTlF6,4.7054,False,1.9,1.8,0.79,6,5.0,2,0.9,81.0,0.4,0.1,0.90060079,0,0,0,1,0.6,0.700389105,2.36,2.76,42,1.67,122.763473,0.672032193,2.785,2.185,0.2,0.434390258,3.40119,1.42
Cs2TlCrF6,4.1533,False,1.9,1.4,0.79,6,4.0,2,0.615,81.0,0.04,0.5,0.955386537,0,0,0,1,0.885,0.478599222,2.36,2.32,57,1.67,102.8321191,0.712913554,2.785,1.9,0.136666667,0.518585605,3.40119,1.64
Cs2TlAuF6,0.0,False,1.9,1.35,0.79,6,6.0,2,0.85,81.0,0.92,0.55,0.909753237,0,0,0,1,0.65,0.661478599,2.36,1.44,2,1.67,119.095488,0.678861789,2.785,2.135,0.188888889,0.447768908,3.40119,2.08
Cs2TlAsF6,2.9734,True,1.9,1.15,0.79,6,4.0,2,0.58,81.0,0.56,0.75,0.962577618,0,0,0,1,0.92,0.451361868,2.36,1.8,48,1.67,100.544625,0.71827957,2.785,1.865,0.128888889,0.530383963,3.40119,1.9
Cs2RbSbF6,4.0614,False,2.35,1.45,0.79,5,5.0,2,0.76,37.0,1.23,0.9,0.922883696,0,0,0,1,0.76,0.591439689,3.16,1.93,14,1.67,114.084125,0.688659794,2.805,2.045,0.166666667,0.467438013,3.40119,1.435
Cs2TlSbF6,2.4839,True,1.9,1.45,0.79,6,5.0,2,0.76,81.0,0.43,0.45,0.92670516,0,0,0,1,0.74,0.591439689,2.36,1.93,30,1.67,112.678587,0.691511387,2.785,2.045,0.168888889,0.473268773,3.40119,1.835
Cs2TlCoF6,2.9239,False,1.9,1.35,0.79,6,4.0,2,0.61,81.0,0.26,0.55,0.956407249,0,0,0,1,0.89,0.474708171,2.36,2.1,54,1.67,102.503232,0.713675214,2.785,1.895,0.135555556,0.520249514,3.40119,1.75
Cs2NaGaF6,5.8467,True,1.8,1.3,0.79,3,4.0,2,0.62,11.0,0.88,0.5,1.063179555,0,0,0,1,0.4,0.482490272,3.05,2.17,20,1.67,74.618461,0.793349169,2.305,1.905,0.202614379,0.714665727,3.40119,1.37
Cs2LiAuF6,0.5298,True,1.45,1.35,0.79,2,6.0,2,0.85,3.0,1.56,0.1,1.07081003,0,0,0,1,0.09,0.661478599,3.0,1.44,76,1.67,73.034632,0.799043062,2.045,2.135,0.372807018,0.730163968,3.40119,1.76
Cs2KRuF6,0.0,False,2.2,1.3,0.79,4,5.0,2,0.68,19.0,1.38,0.9,0.966735621,0,0,0,1,0.7,0.529182879,3.16,1.78,25,1.67,99.252847,0.721382289,2.665,1.965,0.164251208,0.537286922,3.40119,1.51
Cs2AlInF6,4.5643,False,1.55,1.25,0.79,5,3.0,2,0.535,49.0,0.17,0.3,1.146219187,0,0,0,1,0.265,0.416342412,2.2,2.37,36,1.67,59.54744262,0.8553137,2.085,1.82,0.222916667,0.895542349,3.40119,1.695
Cs2MnHgF6,0.3874,False,1.5,1.4,0.79,6,4.0,2,0.645,80.0,0.45,0.1,1.037308441,0,0,0,1,0.455,0.501945525,1.98,2.43,55,1.67,80.34195587,0.774044032,2.385,1.93,0.195454545,0.663753528,3.40119,1.775
Cs2ScCuF6,1.8308,False,1.35,1.6,0.79,4,4.0,2,0.745,29.0,0.54,0.25,1.095712589,0,0,0,1,0.025,0.579766537,2.08,2.62,8,1.67,68.16731413,0.817625459,2.055,2.03,0.322510823,0.782299513,3.40119,1.63
Cs2CrHgF6,0.0,False,1.5,1.4,0.79,6,4.0,2,0.615,80.0,0.34,0.1,1.044570811,0,0,0,1,0.485,0.478599222,1.98,2.32,56,1.67,78.67784913,0.779463244,2.385,1.9,0.186363636,0.677792508,3.40119,1.83
Cs2RhAuF6,0.6011,False,1.35,1.35,0.79,6,5.0,2,0.665,79.0,0.26,0.0,1.095712589,0,0,0,1,0.185,0.517509728,1.44,1.7,34,1.67,68.16731413,0.817625459,2.135,1.95,0.260784314,0.782299513,3.40119,2.41
Cs2ScAuF6,1.8594,False,1.35,1.6,0.79,6,4.0,2,0.745,79.0,1.18,0.25,1.074666489,0,0,0,1,0.105,0.579766537,1.44,2.62,58,1.67,72.25119213,0.801920768,2.135,2.03,0.292156863,0.73808134,3.40119,1.95
Cs2NaAsF6,4.5578,False,1.8,1.15,0.79,3,4.0,2,0.58,11.0,1.25,0.65,1.07337792,0,0,0,1,0.44,0.451361868,3.05,1.8,22,1.67,72.511713,0.800959233,2.305,1.865,0.189542484,0.735429553,3.40119,1.555
Cs2KAuF6,0.788,False,2.2,1.35,0.79,4,6.0,2,0.85,19.0,1.72,0.85,0.932497068,0,0,0,1,0.53,0.661478599,3.16,1.44,60,1.67,110.592,0.695833333,2.665,2.135,0.20531401,0.48219814,3.40119,1.68
Cs2CoHgF6,0.0,False,1.5,1.35,0.79,6,4.0,2,0.61,80.0,0.12,0.15,1.045791104,0,0,0,1,0.49,0.474708171,1.98,2.1,53,1.67,78.402752,0.780373832,2.385,1.895,0.184848485,0.680170725,3.40119,1.94
Cs2HgAsF6,0.0,False,1.5,1.15,0.79,6,4.0,2,0.58,80.0,0.18,0.35,1.053173159,0,0,0,1,0.52,0.451361868,1.98,1.8,47,1.67,76.765625,0.785882353,2.385,1.865,0.175757576,0.694676252,3.40119,2.09
Cs2YHgF6,0.0,False,1.5,1.8,0.79,6,5.0,2,0.9,80.0,0.78,0.3,0.979427992,0,0,0,1,0.2,0.700389105,1.98,2.76,41,1.67,95.443993,0.730853392,2.385,2.185,0.272727273,0.558728266,3.40119,1.61
Cs2InAuF6,0.6895,False,1.55,1.35,0.79,6,0.85,2,79.0,0.8,0.76,0.2,1.060660172,0,0,0,1,0.05,1.44,0.622568093,2.135,30,1.67,75.151448,0.791469194,2.2,2.085,0.31372549,0.709597195,3.40119,2.16
Cs2TlCuF6,0.0,False,1.35,1.9,0.79,6,1.5,2,81.0,0.77,0.28,0.55,0.92479048,0,0,0,1,0.73,2.36,0.59922179,2.785,52,1.67,113.379904,0.690082645,2.08,2.055,0.171111111,0.470341346,3.40119,1.76
Cs2VAgF6,0.0,False,1.6,1.35,0.79,5,4.0,2,0.64,47.0,0.3,0.25,1.026602276,0,0,0,1,0.51,0.498054475,2.05,2.35,24,1.67,82.881856,0.766055046,2.435,1.925,0.185507246,0.643412916,3.40119,1.78
Cs2HgAuF6,0.0,False,1.5,1.35,0.79,6,6.0,2,0.85,80.0,0.54,0.15,0.990262373,0,0,0,1,0.25,0.661478599,1.98,1.44,1,1.67,92.345408,0.738938053,2.385,2.135,0.257575758,0.577475998,3.40119,2.27
Cs2GaAuF6,0.9632,False,1.35,1.3,0.79,6,4.0,2,0.62,79.0,0.73,0.05,1.107917308,0,0,0,1,0.23,0.482490272,1.44,2.17,48,1.67,65.939264,0.826732673,2.135,1.905,0.243137255,0.808732968,3.40119,2.175
Cs2HgIrF6,0.0,False,1.5,1.35,0.79,6,6.0,2,0.68,80.0,0.2,0.15,1.028962282,0,0,0,1,0.42,0.529182879,1.98,1.78,3,1.67,82.312875,0.767816092,2.385,1.965,0.206060606,0.647860455,3.40119,2.1
Cs2HgSbF6,0.0,False,1.5,1.45,0.79,6,5.0,2,0.76,80.0,0.05,0.05,1.01038057,0,0,0,1,0.34,0.591439689,1.98,1.93,29,1.67,86.938307,0.753950339,2.385,2.045,0.23030303,0.613391939,3.40119,2.025
Cs2CuAuF6,0.0,False,1.35,1.35,0.79,4,6.0,2,0.85,29.0,0.64,0.0,1.068254397,0,0,0,1,0.08,0.661478599,2.08,1.44,50,1.67,73.560059,0.797136038,2.055,2.135,0.367965368,0.72494853,3.40119,2.22
Cs2LiInF6,5.227,False,1.45,1.55,0.79,2,5.0,2,0.8,3.0,0.8,0.1,1.083773832,0,0,0,1,0.04,0.622568093,3.0,2.2,46,1.67,70.444997,0.808716707,2.045,2.085,0.350877193,0.757005592,3.40119,1.38
Cs2RbAlF6,8.3194,False,2.35,1.25,0.79,5,3.0,2,0.535,37.0,0.79,1.1,0.967780741,0,0,0,1,0.985,0.416342412,3.16,2.37,24,1.67,98.93164063,0.722162162,2.805,1.82,0.117324561,0.539031359,3.40119,1.215
Cs2YInF6,4.0503,False,1.55,1.8,0.79,5,5.0,2,0.9,49.0,0.56,0.25,1.048240263,0,0,0,1,0.1,0.700389105,2.2,2.76,10,1.67,77.854483,0.782201405,2.085,2.185,0.375,0.684960642,3.40119,1.5
Cs2NaAuF6,0.6262,True,1.8,1.35,0.79,3,6.0,2,0.85,11.0,1.61,0.45,1.008104938,0,0,0,1,0.17,0.661478599,3.05,1.44,68,1.67,87.528384,0.752252252,2.305,2.135,0.277777778,0.609256726,3.40119,1.735
Cs2LiScF6,6.6268,False,1.45,1.6,0.79,2,4.0,2,0.745,3.0,0.38,0.15,1.098401454,0,0,0,1,0.015,0.579766537,3.0,2.62,18,1.67,67.66792187,0.819631902,2.045,2.03,0.326754386,0.788072918,3.40119,1.17
Cs2InSbF6,2.2147,True,1.55,1.45,0.79,5,0.76,2,51.0,0.8,0.27,0.1,1.083773832,0,0,0,1,0.04,1.93,0.622568093,2.045,2,1.67,70.444997,0.808716707,2.2,2.085,0.350877193,0.757005592,3.40119,1.915
Cs2KAlF6,6.6738,True,2.2,1.25,0.79,4,3.0,2,0.535,19.0,0.79,0.95,0.997990173,0,0,0,1,0.845,0.416342412,3.16,2.37,6,1.67,90.21678412,0.744704571,2.665,1.82,0.129227053,0.591101281,3.40119,1.215
Cs2GaHgF6,0.0,False,1.5,1.3,0.79,6,4.0,2,0.62,80.0,0.19,0.2,1.043353362,0,0,0,1,0.48,0.482490272,1.98,2.17,49,1.67,78.953589,0.778554779,2.385,1.905,0.187878788,0.675425365,3.40119,1.905
Cs2InGaF6,3.3133,False,1.3,1.55,0.79,4,5.0,2,0.8,31.0,0.03,0.25,1.121800984,0,0,0,1,0.18,0.622568093,2.17,2.2,18,1.67,63.521199,0.837092732,1.905,2.085,0.430107527,0.83951905,3.40119,1.795
Cs2AlHgF6,0.0,False,1.5,1.25,0.79,6,3.0,2,0.535,80.0,0.39,0.25,1.06444374,0,0,0,1,0.565,0.416342412,1.98,2.37,67,1.67,74.35291513,0.794292509,2.385,1.82,0.162121212,0.717218102,3.40119,1.805
Cs2InCuF6,0.0917,False,1.35,1.55,0.79,4,5.0,2,0.8,29.0,0.12,0.2,1.081156021,0,0,0,1,0.03,0.622568093,2.08,2.2,20,1.67,70.957944,0.806763285,2.055,2.085,0.346320346,0.751533284,3.40119,1.84
Cs2YAuF6,2.0605,False,1.35,1.8,0.79,6,5.0,2,0.9,79.0,1.32,0.45,1.036107853,0,0,0,1,0.05,0.700389105,1.44,2.76,40,1.67,80.621568,0.773148148,2.135,2.185,0.352941176,0.661451495,3.40119,1.88
Cs2RuAuF6,0.0,False,1.35,1.3,0.79,6,5.0,2,0.68,79.0,0.34,0.05,1.091703884,0,0,0,1,0.17,0.529182879,1.44,1.78,35,1.67,68.921,0.814634146,2.135,1.965,0.266666667,0.773744674,3.40119,2.37
Cs2AlAuF6,1.5293,False,1.35,1.25,0.79,6,3.0,2,0.535,79.0,0.93,0.1,1.131728426,0,0,0,1,0.315,0.416342412,1.44,2.37,66,1.67,61.86420888,0.844500632,2.135,1.82,0.209803922,0.862004989,3.40119,2.075
Cs2ScAgF6,3.6511,False,1.6,1.6,0.79,5,4.0,2,0.745,47.0,0.57,0.0,1.002460454,0,0,0,1,0.405,0.579766537,2.05,2.62,26,1.67,89.01524463,0.748040314,2.435,2.03,0.215942029,0.599080044,3.40119,1.645
Cs2KScF6,6.8201,True,2.2,1.6,0.79,4,4.0,2,0.745,19.0,0.54,0.6,0.953351635,0,0,0,1,0.635,0.579766537,3.16,2.62,2,1.67,103.4920024,0.711395101,2.665,2.03,0.179951691,0.515279011,3.40119,1.09
Cs2KAsF6,4.6474,False,2.2,1.15,0.79,4,4.0,2,0.58,19.0,1.36,1.05,0.988076363,0,0,0,1,0.8,0.451361868,3.16,1.8,14,1.67,92.959677,0.737306843,2.665,1.865,0.140096618,0.57366009,3.40119,1.5
Cs2ScInF6,4.1422,False,1.55,1.6,0.79,5,4.0,2,0.745,49.0,0.42,0.05,1.087724405,0,0,0,1,0.055,0.579766537,2.2,2.62,28,1.67,69.68022088,0.811664642,2.085,2.03,0.310416667,0.765314116,3.40119,1.57
Cs2InAsF6,2.1016,True,1.55,1.15,0.79,4,0.58,2,33.0,0.8,0.4,0.4,1.133160994,0,0,0,1,0.22,1.8,0.622568093,1.865,16,1.67,61.629875,0.84556962,2.2,2.085,0.459770115,0.865282571,3.40119,1.98
Cs2TlHgF6,0.0,False,1.5,1.9,0.79,6,1.5,2,81.0,1.1,0.38,0.4,0.865761301,0,0,0,1,0.4,2.36,0.856031128,2.785,1,1.67,138.188413,0.646034816,1.98,2.385,0.244444444,0.385902519,3.40119,1.81
Cs2ScHgF6,0.0,False,1.5,1.6,0.79,6,4.0,2,0.745,80.0,0.64,0.1,1.013813347,0,0,0,1,0.355,0.579766537,1.98,2.62,59,1.67,86.05817338,0.756511891,2.385,2.03,0.225757576,0.619665217,3.40119,1.68
Cs2InHgF6,0.0,False,1.5,1.55,0.79,6,5.0,2,0.8,80.0,0.22,0.05,1.001339133,0,0,0,1,0.3,0.622568093,1.98,2.2,31,1.67,89.314623,0.747203579,2.385,2.085,0.242424242,0.597071956,3.40119,1.89
Cs2SbAuF6,0.8002,False,1.35,1.45,0.79,6,5.0,2,0.76,79.0,0.49,0.1,1.07081003,0,0,0,1,0.09,0.591439689,1.44,1.93,28,1.67,73.034632,0.799043062,2.135,2.045,0.298039216,0.730163968,3.40119,2.295
Cs2BiAuF6,1.2369,False,1.6,1.35,0.79,6,0.85,2,79.0,1.03,0.52,0.25,1.005839534,0,0,0,1,0.18,1.44,0.80155642,2.135,4,1.67,88.121125,0.750561798,1.96,2.315,0.403921569,0.6051586,3.40119,2.28
Cs2AsAuF6,0.8565,False,1.35,1.15,0.79,6,4.0,2,0.58,79.0,0.36,0.2,1.118996481,0,0,0,1,0.27,0.451361868,1.44,1.8,46,1.67,64.0,0.835,2.135,1.865,0.22745098,0.833238385,3.40119,2.36
Cs2TlAgF6,0.8053,False,1.6,1.9,0.79,6,1.5,2,81.0,1.15,0.31,0.3,0.857468568,0,0,0,1,0.35,2.36,0.894941634,2.785,34,1.67,142.236648,0.639846743,2.05,2.435,0.255555556,0.374919245,3.40119,1.775
Cs2HgMoF6,0.0,False,1.5,1.45,0.79,6,5.0,2,0.69,80.0,0.16,0.05,1.026602276,0,0,0,1,0.41,0.536964981,1.98,1.82,38,1.67,82.881856,0.766055046,2.385,1.975,0.209090909,0.643412916,3.40119,2.08
Cs2HgBiF6,0.0,False,1.5,1.6,0.79,6,6.0,2,1.03,80.0,0.02,0.1,0.952337431,0,0,0,1,0.07,0.80155642,1.98,1.96,3,1.67,103.823,0.710638298,2.385,2.315,0.312121212,0.513636253,3.40119,2.01
Cs2AgMoF6,2.7943,True,1.6,1.45,0.79,5,5.0,2,0.69,47.0,0.23,0.15,1.014962795,0,0,0,1,0.46,0.536964981,2.05,1.82,5,1.67,85.766121,0.757369615,2.435,1.975,0.2,0.621775312,3.40119,2.045
Cs2AgSbF6,2.3185,False,1.6,1.45,0.79,5,5.0,2,0.76,47.0,0.12,0.15,0.999104001,0,0,0,1,0.39,0.591439689,2.05,1.93,4,1.67,89.915392,0.745535714,2.435,2.045,0.220289855,0.593082624,3.40119,1.99
Cs2NdAgF6,3.3086,False,1.6,1.85,0.79,5,6.0,2,0.983,47.0,0.79,0.25,0.951729944,0,0,0,1,0.167,0.764980545,2.05,2.84,13,1.67,104.0219369,0.710184988,2.435,2.268,0.284927536,0.512653948,3.40119,1.535
Cs2PrAgF6,3.2577,False,1.6,1.85,0.79,5,6.0,2,0.99,47.0,0.8,0.25,0.950315483,0,0,0,1,0.16,0.770428016,2.05,2.85,12,1.67,104.487111,0.709129512,2.435,2.275,0.286956522,0.510371625,3.40119,1.53
Cs2CeAgF6,0.0,False,1.6,1.85,0.79,5,6.0,2,1.01,47.0,0.81,0.25,0.946297236,0,0,0,1,0.14,0.785992218,2.05,2.86,11,1.67,105.823817,0.706131078,2.435,2.295,0.292753623,0.503924903,3.40119,1.525
Cs2CoAgF6,1.8768,False,1.6,1.35,0.79,5,4.0,2,0.61,47.0,0.05,0.25,1.033714994,0,0,0,1,0.54,0.474708171,2.05,2.1,20,1.67,81.182737,0.771362587,2.435,1.895,0.176811594,0.656879266,3.40119,1.905
Cs2AgAuF6,0.0,False,1.6,1.35,0.79,5,6.0,2,0.85,47.0,0.61,0.25,0.979427992,0,0,0,1,0.3,0.661478599,2.05,1.44,32,1.67,95.443993,0.730853392,2.435,2.135,0.246376812,0.558728266,3.40119,2.235
Cs2GaAgF6,2.7308,False,1.6,1.3,0.79,5,4.0,2,0.62,47.0,0.12,0.3,1.031333162,0,0,0,1,0.53,0.482490272,2.05,2.17,16,1.67,81.746504,0.769585253,2.435,1.905,0.179710145,0.65234908,3.40119,1.87
Cs2InAgF6,2.1888,False,1.6,1.55,0.79,5,5.0,2,0.8,47.0,0.15,0.05,0.990262373,0,0,0,1,0.35,0.622568093,2.05,2.2,2,1.67,92.345408,0.738938053,2.435,2.085,0.231884058,0.577475998,3.40119,1.855
Cs2AlAgF6,3.4974,False,1.6,1.25,0.79,5,3.0,2,0.535,47.0,0.32,0.35,1.051935588,0,0,0,1,0.615,0.416342412,2.05,2.37,34,1.67,77.03688138,0.784958872,2.435,1.82,0.155072464,0.692230211,3.40119,1.77
Cs2AgIrF6,1.3698,True,1.6,1.35,0.79,5,6.0,2,0.68,47.0,0.27,0.25,1.017269528,0,0,0,1,0.47,0.529182879,2.05,1.78,30,1.67,85.184,0.759090909,2.435,1.965,0.197101449,0.626024332,3.40119,2.065
Cs2AgAsF6,2.4428,False,1.6,1.15,0.79,5,4.0,2,0.58,47.0,0.25,0.45,1.040926959,0,0,0,1,0.57,0.451361868,2.05,1.8,14,1.67,79.507,0.776744186,2.435,1.865,0.168115942,0.670724045,3.40119,2.055
Cs2AgBiF6,2.7645,False,1.6,1.6,0.79,5,6.0,2,1.03,47.0,0.09,0.0,0.942312826,0,0,0,1,0.12,0.80155642,2.05,1.96,36,1.67,107.171875,0.703157895,2.435,2.315,0.298550725,0.497586299,3.40119,1.975
Cs2NaSmF6,6.9248,True,1.8,1.85,0.79,3,6.0,2,0.958,11.0,0.24,0.05,0.984165771,0,0,0,1,0.062,0.745525292,3.05,2.81,51,1.67,94.07221459,0.734388742,2.305,2.243,0.313071895,0.566875744,3.40119,1.05
Cs2NaTbF6,6.8618,True,1.8,1.75,0.79,3,6.0,2,0.923,11.0,0.17,0.05,0.991798344,0,0,0,1,0.097,0.718287938,3.05,2.88,54,1.67,91.9170337,0.740084201,2.305,2.208,0.301633987,0.580167293,3.40119,1.015
Cs2NaTlF6,3.6228,True,1.8,1.9,0.79,3,6.0,2,1.5,11.0,0.69,0.1,0.879368551,0,0,0,1,0.48,1.167315175,3.05,2.36,70,1.67,131.872229,0.656188605,2.305,2.785,0.490196078,0.404385799,3.40119,1.275
Cs2NaErF6,6.8647,True,1.8,1.75,0.79,3,6.0,2,0.89,11.0,0.31,0.05,0.999104001,0,0,0,1,0.13,0.692607004,3.05,2.74,57,1.67,89.915392,0.745535714,2.305,2.175,0.290849673,0.593082624,3.40119,1.085
Cs2NaInF6,5.304,True,1.8,1.55,0.79,3,5.0,2,0.8,11.0,0.85,0.25,1.019586771,0,0,0,1,0.22,0.622568093,3.05,2.2,38,1.67,84.604519,0.760820046,2.305,2.085,0.261437908,0.630312155,3.40119,1.355
Cs2NaYF6,6.8639,True,1.8,1.8,0.79,3,5.0,2,0.9,11.0,0.29,0.0,0.996878825,0,0,0,1,0.12,0.700389105,3.05,2.76,28,1.67,90.518849,0.743875278,2.305,2.185,0.294117647,0.589128753,3.40119,1.075
Cs2TlFeF6,2.9057,False,1.9,1.4,0.79,6,4.0,2,0.645,81.0,0.21,0.5,0.949307725,0,0,0,1,0.855,0.501945525,2.36,2.15,55,1.67,104.8202259,0.708377519,2.785,1.93,0.143333333,0.508749683,3.40119,1.725
Cs2KCoF6,3.0136,False,2.2,1.35,0.79,4,4.0,2,0.61,19.0,1.06,0.85,0.981575861,0,0,0,1,0.77,0.474708171,3.16,2.1,8,1.67,94.818816,0.73245614,2.665,1.895,0.147342995,0.562412176,3.40119,1.35
Cs2KMoF6,4.1117,False,2.2,1.45,0.79,4,5.0,2,0.69,19.0,1.34,0.75,0.964652139,0,0,0,1,0.69,0.536964981,3.16,1.82,23,1.67,99.897344,0.719827586,2.665,1.975,0.166666667,0.533820566,3.40119,1.49
Cs2TlVF6,0.0,False,1.9,1.35,0.79,6,4.0,2,0.64,81.0,0.01,0.55,0.950315483,0,0,0,1,0.86,0.498054475,2.36,2.35,58,1.67,104.487111,0.709129512,2.785,1.925,0.142222222,0.510371625,3.40119,1.625
Cs2TlBiF6,3.0939,True,1.9,1.6,0.79,6,6.0,2,1.03,81.0,0.4,0.3,0.877644299,0,0,0,1,0.47,0.80155642,2.36,1.96,2,1.67,132.651,0.654901961,2.785,2.315,0.228888889,0.40201172,3.40119,1.82
Cs2KNiF6,0.0,False,2.2,1.35,0.79,4,4.0,2,0.6,19.0,1.09,0.85,0.98373317,0,0,0,1,0.78,0.46692607,3.16,2.07,9,1.67,94.196375,0.734065934,2.665,1.885,0.144927536,0.566128544,3.40119,1.365
Cs2KVF6,0.0,False,2.2,1.35,0.79,4,4.0,2,0.64,19.0,0.81,0.85,0.975160332,0,0,0,1,0.74,0.498054475,3.16,2.35,4,1.67,96.702579,0.727668845,2.665,1.925,0.154589372,0.551456406,3.40119,1.225
Cs2KFeF6,4.0956,False,2.2,1.4,0.79,4,4.0,2,0.645,19.0,1.01,0.8,0.974099222,0,0,0,1,0.735,0.501945525,3.16,2.15,7,1.67,97.01894488,0.72687704,2.665,1.93,0.155797101,0.54965818,3.40119,1.325
Cs2RbBiF6,4.7749,False,2.35,1.6,0.79,5,6.0,2,1.03,37.0,1.2,0.75,0.874216001,0,0,0,1,0.49,0.80155642,3.16,1.96,46,1.67,134.217728,0.65234375,2.805,2.315,0.225877193,0.397319024,3.40119,1.42
Cs2TlMoF6,3.8865,False,1.9,1.45,0.79,6,5.0,2,0.69,81.0,0.54,0.45,0.940333178,0,0,0,1,0.81,0.536964981,2.36,1.82,39,1.67,107.850176,0.701680672,2.785,1.975,0.153333333,0.494456835,3.40119,1.89
Cs2NaBiF6,5.021,False,1.8,1.6,0.79,3,6.0,2,1.03,11.0,1.09,0.2,0.968828122,0,0,0,1,0.01,0.80155642,3.05,1.96,72,1.67,98.611128,0.722943723,2.305,2.315,0.336601307,0.540783355,3.40119,1.475
Cs2KCrF6,4.287,False,2.2,1.4,0.79,4,4.0,2,0.615,19.0,0.84,0.8,0.98050075,0,0,0,1,0.765,0.478599222,3.16,2.32,5,1.67,95.13106212,0.731653888,2.665,1.9,0.148550725,0.560566186,3.40119,1.24
Cs2KMnF6,0.0,False,2.2,1.4,0.79,4,4.0,2,0.645,19.0,0.73,0.8,0.974099222,0,0,0,1,0.735,0.501945525,3.16,2.43,6,1.67,97.01894488,0.72687704,2.665,1.93,0.155797101,0.54965818,3.40119,1.185
Cs2KRhF6,2.1013,True,2.2,1.35,0.79,4,5.0,2,0.665,19.0,1.46,0.85,0.969877774,0,0,0,1,0.715,0.517509728,3.16,1.7,26,1.67,98.29130838,0.723726977,2.665,1.95,0.160628019,0.542542953,3.40119,1.55
Cs2KBiF6,4.9469,False,2.2,1.6,0.79,4,6.0,2,1.03,19.0,1.2,0.6,0.898792354,0,0,0,1,0.35,0.80155642,3.16,1.96,64,1.67,123.505992,0.670682731,2.665,2.315,0.248792271,0.4317787,3.40119,1.42
Cs2KYF6,6.464,True,2.2,1.8,0.79,4,5.0,2,0.9,19.0,0.4,0.4,0.922883696,0,0,0,1,0.48,0.700389105,3.16,2.76,20,1.67,114.084125,0.688659794,2.665,2.185,0.217391304,0.467438013,3.40119,1.02
Cs2KTiF6,0.0,False,2.2,1.4,0.79,4,4.0,2,0.67,19.0,0.72,0.8,0.968828122,0,0,0,1,0.71,0.521400778,3.16,2.44,3,1.67,98.611128,0.722943723,2.665,1.955,0.161835749,0.540783355,3.40119,1.18
Cs2NaScF6,6.8066,True,1.8,1.6,0.79,3,4.0,2,0.745,11.0,0.43,0.2,1.032522705,0,0,0,1,0.275,0.579766537,3.05,2.62,10,1.67,81.46429537,0.770472895,2.305,2.03,0.243464052,0.654608948,3.40119,1.145
Cs2RbYF6,6.1978,True,2.35,1.8,0.79,5,5.0,2,0.9,37.0,0.4,0.55,0.896991167,0,0,0,1,0.62,0.700389105,3.16,2.76,2,1.67,124.251499,0.669338677,2.805,2.185,0.197368421,0.429188035,3.40119,1.02
Cs2KTlF6,3.605,False,2.2,1.9,0.79,4,6.0,2,1.5,19.0,0.8,0.3,0.821281821,0,0,0,1,0.12,1.167315175,3.16,2.36,62,1.67,161.878625,0.612844037,2.665,2.785,0.362318841,0.329427413,3.40119,1.22
Cs2KGaF6,6.0476,True,2.2,1.3,0.79,4,4.0,2,0.62,19.0,0.99,0.9,0.979427992,0,0,0,1,0.76,0.482490272,3.16,2.17,12,1.67,95.443993,0.730853392,2.665,1.905,0.149758454,0.558728266,3.40119,1.315
Cs2TlInF6,3.9896,False,1.9,1.55,0.79,6,5.0,2,0.8,81.0,0.16,0.35,0.919093619,0,0,0,1,0.7,0.622568093,2.36,2.2,32,1.67,115.501303,0.685831622,2.785,2.085,0.177777778,0.461702641,3.40119,1.7
Cs2InBiF6,2.2862,True,1.55,1.6,0.79,6,1.03,2,83.0,0.8,0.24,0.05,1.017269528,0,0,0,1,0.23,1.96,0.622568093,2.315,34,1.67,85.184,0.759090909,2.2,2.085,0.258899676,0.626024332,3.40119,1.9
Cs2TlGaF6,4.7634,False,1.9,1.3,0.79,6,4.0,2,0.62,81.0,0.19,0.6,0.954368001,0,0,0,1,0.88,0.482490272,2.36,2.17,50,1.67,103.161709,0.712153518,2.785,1.905,0.137777778,0.516928783,3.40119,1.715
Cs2LiTlF6,3.4518,True,1.45,1.9,0.79,2,6.0,2,1.5,3.0,0.64,0.45,0.92670516,0,0,0,1,0.74,1.167315175,3.0,2.36,78,1.67,112.678587,0.691511387,2.045,2.785,0.657894737,0.473268773,3.40119,1.3
Cs2RbTlF6,3.7422,False,2.35,1.9,0.79,5,6.0,2,1.5,37.0,0.8,0.45,0.800713046,0,0,0,1,0.02,1.167315175,3.16,2.36,44,1.67,174.676879,0.597495528,2.805,2.785,0.328947368,0.305290872,3.40119,1.22
Cs2RbInF6,5.3728,False,2.35,1.55,0.79,5,5.0,2,0.8,37.0,0.96,0.8,0.915334545,0,0,0,1,0.72,0.622568093,3.16,2.2,12,1.67,116.930169,0.683026585,2.805,2.085,0.175438596,0.456060717,3.40119,1.3
Cs2RbGaF6,5.9411,True,2.35,1.3,0.79,5,4.0,2,0.62,37.0,0.99,1.05,0.950315483,0,0,0,1,0.9,0.482490272,3.16,2.17,6,1.67,104.487111,0.709129512,2.805,1.905,0.135964912,0.510371625,3.40119,1.315
Cs2KInF6,5.4629,True,2.2,1.55,0.79,4,5.0,2,0.8,19.0,0.96,0.65,0.942312826,0,0,0,1,0.58,0.622568093,3.16,2.2,30,1.67,107.171875,0.703157895,2.665,2.085,0.193236715,0.497586299,3.40119,1.3
K2NaMnF6,1.5314,True,1.8,1.4,0.82,3,4.0,2,0.645,11.0,0.62,0.4,0.976759072,0,0,0,1,0.375,0.501945525,3.05,2.43,14,1.38,75.95567787,0.651711924,2.305,1.93,0.210784314,0.702083875,3.40119,1.24
K2LiAlF6,7.2688,True,1.45,1.25,0.82,2,3.0,2,0.535,3.0,0.63,0.2,1.070265115,0,0,0,1,0.225,0.416342412,3.0,2.37,10,1.38,57.73623962,0.714100906,2.045,1.82,0.234649123,0.923635779,3.40119,1.295
K2NaVF6,0.0,False,1.8,1.35,0.82,3,4.0,2,0.64,11.0,0.7,0.45,0.977913634,0,0,0,1,0.38,0.498054475,3.05,2.35,12,1.38,75.686967,0.65248227,2.305,1.925,0.209150327,0.704576478,3.40119,1.28
K2RbMoF6,3.0563,False,2.35,1.45,0.82,5,5.0,2,0.69,37.0,1.34,0.9,0.86539219,0,0,0,1,0.83,0.536964981,3.16,1.82,5,1.38,109.215352,0.577405858,2.805,1.975,0.151315789,0.488276196,3.40119,1.49
K2RbYF6,5.6436,True,2.35,1.8,0.82,5,5.0,2,0.9,37.0,0.4,0.55,0.82897288,0,0,0,1,0.62,0.700389105,3.16,2.76,2,1.38,124.251499,0.553106212,2.805,2.185,0.197368421,0.429188035,3.40119,1.02
K2RbSbF6,3.5055,False,2.35,1.45,0.82,5,5.0,2,0.76,37.0,1.23,0.9,0.852901994,0,0,0,1,0.76,0.591439689,3.16,1.93,14,1.38,114.084125,0.569072165,2.805,2.045,0.166666667,0.467438013,3.40119,1.435
K2RbPrF6,5.2136,False,2.35,1.85,0.82,5,6.0,2,0.99,37.0,0.31,0.5,0.814286352,0,0,0,1,0.53,0.770428016,3.16,2.85,22,1.38,131.096512,0.543307087,2.805,2.275,0.217105263,0.406778608,3.40119,0.975
K2RbNdF6,5.2708,False,2.35,1.85,0.82,5,6.0,2,0.983,37.0,0.32,0.5,0.815409949,0,0,0,1,0.537,0.764980545,3.16,2.84,23,1.38,130.555324,0.544056771,2.805,2.268,0.215570175,0.408464818,3.40119,0.98
K2RbCeF6,0.0,False,2.35,1.85,0.82,5,6.0,2,1.01,37.0,0.3,0.5,0.811093073,0,0,0,1,0.51,0.785992218,3.16,2.86,21,1.38,132.651,0.541176471,2.805,2.295,0.221491228,0.40201172,3.40119,0.97
K2RbBiF6,4.2159,False,2.35,1.6,0.82,5,6.0,2,1.03,37.0,1.2,0.75,0.80792474,0,0,0,1,0.49,0.80155642,3.16,1.96,46,1.38,134.217728,0.5390625,2.805,2.315,0.225877193,0.397319024,3.40119,1.42
K2NaSbF6,3.9986,False,1.8,1.45,0.82,3,5.0,2,0.76,11.0,1.12,0.35,0.950936706,0,0,0,1,0.26,0.591439689,3.05,1.93,40,1.38,82.312875,0.634482759,2.305,2.045,0.248366013,0.647860455,3.40119,1.49
K2NaPrF6,5.9483,False,1.8,1.85,0.82,3,6.0,2,0.99,11.0,0.2,0.05,0.903182242,0,0,0,1,0.03,0.770428016,3.05,2.85,48,1.38,96.071912,0.602620087,2.305,2.275,0.323529412,0.555076458,3.40119,1.03
K2NaNdF6,5.9905,True,1.8,1.85,0.82,3,6.0,2,0.983,11.0,0.21,0.05,0.904564765,0,0,0,1,0.037,0.764980545,3.05,2.84,49,1.38,95.63208052,0.603542532,2.305,2.268,0.32124183,0.557629368,3.40119,1.035
K2NaBiF6,4.8062,False,1.8,1.6,0.82,3,6.0,2,1.03,11.0,1.09,0.2,0.895362483,0,0,0,1,0.01,0.80155642,3.05,1.96,72,1.38,98.611128,0.597402597,2.305,2.315,0.336601307,0.540783355,3.40119,1.475
K2LiYF6,6.6971,True,1.45,1.8,0.82,2,5.0,2,0.9,3.0,0.24,0.35,0.977913634,0,0,0,1,0.14,0.700389105,3.0,2.76,36,1.38,75.686967,0.65248227,2.045,2.185,0.394736842,0.704576478,3.40119,1.1
K2LiSbF6,4.1086,False,1.45,1.45,0.82,2,5.0,2,0.76,3.0,1.07,0.0,1.01138745,0,0,0,1,0.0,0.591439689,3.0,1.93,48,1.38,68.417929,0.674816626,2.045,2.045,0.333333333,0.77943395,3.40119,1.515
K2LiNdF6,6.3791,True,1.45,1.85,0.82,2,6.0,2,0.983,3.0,0.16,0.4,0.959094521,0,0,0,1,0.223,0.764980545,3.0,2.84,57,1.38,80.2302923,0.639925806,2.045,2.268,0.431140351,0.664677332,3.40119,1.06
K2LiMoF6,4.4161,False,1.45,1.45,0.82,2,5.0,2,0.69,3.0,1.18,0.0,1.028998674,0,0,0,1,0.07,0.536964981,3.0,1.82,39,1.38,64.964808,0.686567164,2.045,1.975,0.302631579,0.820863762,3.40119,1.57
K2LiBiF6,4.8822,False,1.45,1.6,0.82,2,6.0,2,1.03,3.0,1.04,0.15,0.948755658,0,0,0,1,0.27,0.80155642,3.0,1.96,80,1.38,82.881856,0.633027523,2.045,2.315,0.451754386,0.643412916,3.40119,1.5
K2CuSbF6,0.8543,False,1.35,1.45,0.82,4,5.0,2,0.76,29.0,0.15,0.1,1.008920651,0,0,0,1,0.01,0.591439689,2.08,1.93,22,1.38,68.921,0.673170732,2.055,2.045,0.329004329,0.773744674,3.40119,1.975
K2PrCuF6,0.316,False,1.35,1.85,0.82,4,6.0,2,0.99,29.0,0.77,0.5,0.955329023,0,0,0,1,0.22,0.770428016,2.08,2.85,30,1.38,81.182737,0.637413395,2.055,2.275,0.428571429,0.656879266,3.40119,1.515
K2CuBiF6,0.8218,False,1.35,1.6,0.82,4,6.0,2,1.03,29.0,0.12,0.25,0.946584593,0,0,0,1,0.26,0.80155642,2.08,1.96,54,1.38,83.453453,0.631578947,2.055,2.315,0.445887446,0.639005994,3.40119,1.96
K2AgMoF6,2.5573,True,1.6,1.45,0.82,5,5.0,2,0.69,47.0,0.23,0.15,0.937998791,0,0,0,1,0.46,0.536964981,2.05,1.82,5,1.38,85.766121,0.62585034,2.435,1.975,0.2,0.621775312,3.40119,2.045
K2YAgF6,2.6382,False,1.6,1.8,0.82,5,5.0,2,0.9,47.0,0.71,0.2,0.895362483,0,0,0,1,0.25,0.700389105,2.05,2.76,8,1.38,98.611128,0.597402597,2.435,2.185,0.260869565,0.540783355,3.40119,1.575
K2AgSbF6,2.0454,False,1.6,1.45,0.82,5,5.0,2,0.76,47.0,0.12,0.15,0.92334256,0,0,0,1,0.39,0.591439689,2.05,1.93,4,1.38,89.915392,0.616071429,2.435,2.045,0.220289855,0.593082624,3.40119,1.99
K2PrAgF6,2.5361,False,1.6,1.85,0.82,5,6.0,2,0.99,47.0,0.8,0.25,0.878253645,0,0,0,1,0.16,0.770428016,2.05,2.85,12,1.38,104.487111,0.585987261,2.435,2.275,0.286956522,0.510371625,3.40119,1.53
K2NdAgF6,2.4403,False,1.6,1.85,0.82,5,6.0,2,0.983,47.0,0.79,0.25,0.879560848,0,0,0,1,0.167,0.764980545,2.05,2.84,13,1.38,104.0219369,0.586859451,2.435,2.268,0.284927536,0.512653948,3.40119,1.535
K2AgBiF6,2.3982,False,1.6,1.6,0.82,5,6.0,2,1.03,47.0,0.09,0.0,0.870857825,0,0,0,1,0.12,0.80155642,2.05,1.96,36,1.38,107.171875,0.581052632,2.435,2.315,0.298550725,0.497586299,3.40119,1.975
K2TlCoF6,2.5182,False,1.9,1.35,0.82,6,4.0,2,0.61,81.0,0.26,0.55,0.883883476,0,0,0,1,0.89,0.474708171,2.36,2.1,54,1.38,102.503232,0.58974359,2.785,1.895,0.135555556,0.520249514,3.40119,1.75
K2NaCoF6,2.9932,True,1.8,1.35,0.82,3,4.0,2,0.61,11.0,0.95,0.45,0.984898731,0,0,0,1,0.41,0.474708171,3.05,2.1,16,1.38,74.088,0.657142857,2.305,1.895,0.199346405,0.719782646,3.40119,1.405
K2NaGaF6,5.952,True,1.8,1.3,0.82,3,4.0,2,0.62,11.0,0.88,0.5,0.982559304,0,0,0,1,0.4,0.482490272,3.05,2.17,20,1.38,74.618461,0.655581948,2.305,1.905,0.202614379,0.714665727,3.40119,1.37
K2LiTiF6,0.0,False,1.45,1.4,0.82,2,4.0,2,0.67,3.0,0.56,0.05,1.034143667,0,0,0,1,0.09,0.521400778,3.0,2.44,19,1.38,64.0,0.69,2.045,1.955,0.293859649,0.833238385,3.40119,1.26
K2NaAsF6,4.4981,False,1.8,1.15,0.82,3,4.0,2,0.58,11.0,1.25,0.65,0.991984333,0,0,0,1,0.44,0.451361868,3.05,1.8,22,1.38,72.511713,0.661870504,2.305,1.865,0.189542484,0.735429553,3.40119,1.555
K2LiScF6,6.7733,True,1.45,1.6,0.82,2,4.0,2,0.745,3.0,0.38,0.15,1.015110348,0,0,0,1,0.015,0.579766537,3.0,2.62,18,1.38,67.66792187,0.677300613,2.045,2.03,0.326754386,0.788072918,3.40119,1.17
K2LiAuF6,0.4499,True,1.45,1.35,0.82,2,6.0,2,0.85,3.0,1.56,0.1,0.989611165,0,0,0,1,0.09,0.661478599,3.0,1.44,76,1.38,73.034632,0.660287081,2.045,2.135,0.372807018,0.730163968,3.40119,1.76
K2LiGaF6,6.1271,True,1.45,1.3,0.82,2,4.0,2,0.62,3.0,0.83,0.15,1.047234094,0,0,0,1,0.14,0.482490272,3.0,2.17,28,1.38,61.629875,0.698734177,2.045,1.905,0.271929825,0.865282571,3.40119,1.395
K2RbScF6,5.8541,True,2.35,1.6,0.82,5,4.0,2,0.745,37.0,0.54,0.75,0.855548019,0,0,0,1,0.775,0.579766537,3.16,2.62,16,1.38,113.0288829,0.570837642,2.805,2.03,0.163377193,0.471802032,3.40119,1.09
K2YInF6,3.3664,True,1.55,1.8,0.82,5,5.0,2,0.9,49.0,0.56,0.25,0.96875285,0,0,0,1,0.1,0.700389105,2.2,2.76,10,1.38,77.854483,0.646370023,2.085,2.185,0.375,0.684960642,3.40119,1.5
K2YTlF6,4.3847,False,1.9,1.8,0.82,6,5.0,2,0.9,81.0,0.4,0.1,0.832308787,0,0,0,1,0.6,0.700389105,2.36,2.76,42,1.38,122.763473,0.555331992,2.785,2.185,0.2,0.434390258,3.40119,1.42
K2TlSbF6,2.6523,False,1.9,1.45,0.82,6,5.0,2,0.76,81.0,0.43,0.45,0.856433679,0,0,0,1,0.74,0.591439689,2.36,1.93,30,1.38,112.678587,0.571428571,2.785,2.045,0.168888889,0.473268773,3.40119,1.835
K2RbGaF6,5.5929,True,2.35,1.3,0.82,5,4.0,2,0.62,37.0,0.99,1.05,0.878253645,0,0,0,1,0.9,0.482490272,3.16,2.17,6,1.38,104.487111,0.585987261,2.805,1.905,0.135964912,0.510371625,3.40119,1.315
K2LiNiF6,0.0,False,1.45,1.35,0.82,2,4.0,2,0.6,3.0,0.93,0.1,1.052563529,0,0,0,1,0.16,0.46692607,3.0,2.07,25,1.38,60.698457,0.702290076,2.045,1.885,0.263157895,0.878560334,3.40119,1.445
K2LiCoF6,0.0,False,1.45,1.35,0.82,2,4.0,2,0.61,3.0,0.9,0.1,1.049892048,0,0,0,1,0.15,0.474708171,3.0,2.1,24,1.38,61.162984,0.700507614,2.045,1.895,0.26754386,0.871887753,3.40119,1.43
K2RbCrF6,4.5029,False,2.35,1.4,0.82,5,4.0,2,0.615,37.0,0.84,0.95,0.879186965,0,0,0,1,0.905,0.478599222,3.16,2.32,13,1.38,104.1547026,0.586609989,2.805,1.9,0.134868421,0.51200047,3.40119,1.24
K2TlNiF6,0.0,False,1.9,1.35,0.82,6,4.0,2,0.6,81.0,0.29,0.55,0.885776161,0,0,0,1,0.9,0.46692607,2.36,2.07,53,1.38,101.847563,0.591006424,2.785,1.885,0.133333333,0.52359875,3.40119,1.765
K2TlVF6,0.0,False,1.9,1.35,0.82,6,4.0,2,0.64,81.0,0.01,0.55,0.878253645,0,0,0,1,0.86,0.498054475,2.36,2.35,58,1.38,104.487111,0.585987261,2.785,1.925,0.142222222,0.510371625,3.40119,1.625
K2TlRhF6,1.9609,False,1.9,1.35,0.82,6,5.0,2,0.665,81.0,0.66,0.55,0.873616615,0,0,0,1,0.835,0.517509728,2.36,1.7,36,1.38,106.1597654,0.582893347,2.785,1.95,0.147777778,0.502330205,3.40119,1.95
K2MnTlF6,0.0,False,1.9,1.4,0.82,6,4.0,2,0.645,81.0,0.07,0.5,0.877322305,0,0,0,1,0.855,0.501945525,2.36,2.43,56,1.38,104.8202259,0.585365854,2.785,1.93,0.143333333,0.508749683,3.40119,1.585
K2TlGaF6,4.1618,False,1.9,1.3,0.82,6,4.0,2,0.62,81.0,0.19,0.6,0.881998864,0,0,0,1,0.88,0.482490272,2.36,2.17,50,1.38,103.161709,0.588486141,2.785,1.905,0.137777778,0.516928783,3.40119,1.715
K2TlFeF6,2.5608,False,1.9,1.4,0.82,6,4.0,2,0.645,81.0,0.21,0.5,0.877322305,0,0,0,1,0.855,0.501945525,2.36,2.15,55,1.38,104.8202259,0.585365854,2.785,1.93,0.143333333,0.508749683,3.40119,1.725
K2TlCrF6,4.0416,False,1.9,1.4,0.82,6,4.0,2,0.615,81.0,0.04,0.5,0.882940164,0,0,0,1,0.885,0.478599222,2.36,2.32,57,1.38,102.8321191,0.589114194,2.785,1.9,0.136666667,0.518585605,3.40119,1.64
K2TlAuF6,0.0,False,1.9,1.35,0.82,6,6.0,2,0.85,81.0,0.92,0.55,0.840767209,0,0,0,1,0.65,0.661478599,2.36,1.44,2,1.38,119.095488,0.56097561,2.785,2.135,0.188888889,0.447768908,3.40119,2.08
K2AlTlF6,4.7049,False,1.9,1.25,0.82,6,3.0,2,0.535,81.0,0.01,0.65,0.898278973,0,0,0,1,0.965,0.416342412,2.36,2.37,68,1.38,97.65374513,0.599348534,2.785,1.82,0.118888889,0.546085115,3.40119,1.615
K2RbVF6,0.0,False,2.35,1.35,0.82,5,4.0,2,0.64,37.0,0.81,1.0,0.874540099,0,0,0,1,0.88,0.498054475,3.16,2.35,14,1.38,105.823817,0.583509514,2.805,1.925,0.140350877,0.503924903,3.40119,1.225
K2RbMnF6,0.0,False,2.35,1.4,0.82,5,4.0,2,0.645,37.0,0.73,0.95,0.873616615,0,0,0,1,0.875,0.501945525,3.16,2.43,12,1.38,106.1597654,0.582893347,2.805,1.93,0.141447368,0.502330205,3.40119,1.185
K2RbCoF6,3.2015,False,2.35,1.35,0.82,5,4.0,2,0.61,37.0,1.06,1.0,0.88012227,0,0,0,1,0.91,0.474708171,3.16,2.1,10,1.38,103.823,0.587234043,2.805,1.895,0.13377193,0.513636253,3.40119,1.35
K2RbAlF6,5.9464,True,2.35,1.25,0.82,5,3.0,2,0.535,37.0,0.79,1.1,0.894394523,0,0,0,1,0.985,0.416342412,3.16,2.37,24,1.38,98.93164063,0.596756757,2.805,1.82,0.117324561,0.539031359,3.40119,1.215
K2TiTlF6,0.0,False,1.9,1.4,0.82,6,4.0,2,0.67,81.0,0.08,0.5,0.872695078,0,0,0,1,0.83,0.521400778,2.36,2.44,59,1.38,106.496424,0.582278481,2.785,1.955,0.148888889,0.500742228,3.40119,1.58
K2TlRuF6,0.0,False,1.9,1.3,0.82,6,5.0,2,0.68,81.0,0.58,0.6,0.870857825,0,0,0,1,0.82,0.529182879,2.36,1.78,37,1.38,107.171875,0.581052632,2.785,1.965,0.151111111,0.497586299,3.40119,1.91
K2TlMoF6,3.7506,False,1.9,1.45,0.82,6,5.0,2,0.69,81.0,0.54,0.45,0.869028292,0,0,0,1,0.81,0.536964981,2.36,1.82,39,1.38,107.850176,0.579831933,2.785,1.975,0.153333333,0.494456835,3.40119,1.89
K2TlIrF6,2.2493,False,1.9,1.35,0.82,6,6.0,2,0.68,81.0,0.58,0.55,0.870857825,0,0,0,1,0.82,0.529182879,2.36,1.78,4,1.38,107.171875,0.581052632,2.785,1.965,0.151111111,0.497586299,3.40119,1.91
K2TlInF6,3.6161,False,1.9,1.55,0.82,6,5.0,2,0.8,81.0,0.16,0.35,0.849399316,0,0,0,1,0.7,0.622568093,2.36,2.2,32,1.38,115.501303,0.566735113,2.785,2.085,0.177777778,0.461702641,3.40119,1.7
K2TlAsF6,2.726,True,1.9,1.15,0.82,6,4.0,2,0.58,81.0,0.56,0.75,0.889585951,0,0,0,1,0.92,0.451361868,2.36,1.8,48,1.38,100.544625,0.593548387,2.785,1.865,0.128888889,0.530383963,3.40119,1.9
K2RbTiF6,0.0,False,2.35,1.4,0.82,5,4.0,2,0.67,37.0,0.72,0.95,0.869028292,0,0,0,1,0.85,0.521400778,3.16,2.44,15,1.38,107.850176,0.579831933,2.805,1.955,0.146929825,0.494456835,3.40119,1.18
K2RbRuF6,0.0,False,2.35,1.3,0.82,5,5.0,2,0.68,37.0,1.38,1.05,0.86720643,0,0,0,1,0.84,0.529182879,3.16,1.78,7,1.38,108.531333,0.578616352,2.805,1.965,0.149122807,0.491353558,3.40119,1.51
K2RbRhF6,2.2056,True,2.35,1.35,0.82,5,5.0,2,0.665,37.0,1.46,1.0,0.869942097,0,0,0,1,0.855,0.517509728,3.16,1.7,8,1.38,107.5106689,0.58044164,2.805,1.95,0.145833333,0.496018276,3.40119,1.55
K2RbIrF6,2.2706,False,2.35,1.35,0.82,5,6.0,2,0.68,37.0,1.38,1.0,0.86720643,0,0,0,1,0.84,0.529182879,3.16,1.78,40,1.38,108.531333,0.578616352,2.805,1.965,0.149122807,0.491353558,3.40119,1.51
K2RbInF6,5.1078,False,2.35,1.55,0.82,5,5.0,2,0.8,37.0,0.96,0.8,0.84592529,0,0,0,1,0.72,0.622568093,3.16,2.2,12,1.38,116.930169,0.564417178,2.805,2.085,0.175438596,0.456060717,3.40119,1.3
K2RbAuF6,0.7578,False,2.35,1.35,0.82,5,6.0,2,0.85,37.0,1.72,1.0,0.837363294,0,0,0,1,0.67,0.661478599,3.16,1.44,42,1.38,120.553784,0.558704453,2.805,2.135,0.186403509,0.442352408,3.40119,1.68
K2RbAsF6,3.8905,False,2.35,1.15,0.82,5,4.0,2,0.58,37.0,1.36,1.2,0.885776161,0,0,0,1,0.94,0.451361868,3.16,1.8,4,1.38,101.847563,0.591006424,2.805,1.865,0.127192982,0.52359875,3.40119,1.5
K2TlBiF6,3.1816,False,1.9,1.6,0.82,6,6.0,2,1.03,81.0,0.4,0.3,0.811093073,0,0,0,1,0.47,0.80155642,2.36,1.96,2,1.38,132.651,0.541176471,2.785,2.315,0.228888889,0.40201172,3.40119,1.82
K2RbTlF6,3.7342,False,2.35,1.9,0.82,5,6.0,2,1.5,37.0,0.8,0.45,0.739995469,0,0,0,1,0.02,1.167315175,3.16,2.36,44,1.38,174.676879,0.493738819,2.805,2.785,0.328947368,0.305290872,3.40119,1.22
K2LiTlF6,3.5058,True,1.45,1.9,0.82,2,6.0,2,1.5,3.0,0.64,0.45,0.856433679,0,0,0,1,0.74,1.167315175,3.0,2.36,78,1.38,112.678587,0.571428571,2.045,2.785,0.657894737,0.473268773,3.40119,1.3
K2LiRhF6,1.7665,True,1.45,1.35,0.82,2,5.0,2,0.665,3.0,1.3,0.1,1.035437965,0,0,0,1,0.095,0.517509728,3.0,1.7,42,1.38,63.76029988,0.690863579,2.045,1.95,0.291666667,0.836370857,3.40119,1.63
K2LiMnF6,0.0,False,1.45,1.4,0.82,2,4.0,2,0.645,3.0,0.57,0.05,1.040647716,0,0,0,1,0.115,0.501945525,3.0,2.43,22,1.38,62.80748437,0.694339623,2.045,1.93,0.282894737,0.849058949,3.40119,1.265
K2LiInF6,5.2984,True,1.45,1.55,0.82,2,5.0,2,0.8,3.0,0.8,0.1,1.00159193,0,0,0,1,0.04,0.622568093,3.0,2.2,46,1.38,70.444997,0.668280872,2.045,2.085,0.350877193,0.757005592,3.40119,1.38
K2NaTiF6,0.0,False,1.8,1.4,0.82,3,4.0,2,0.67,11.0,0.61,0.4,0.971026918,0,0,0,1,0.35,0.521400778,3.05,2.44,11,1.38,77.308776,0.647887324,2.305,1.955,0.218954248,0.689795641,3.40119,1.235
K2NaRuF6,0.0,False,1.8,1.3,0.82,3,5.0,2,0.68,11.0,1.27,0.5,0.96875285,0,0,0,1,0.34,0.529182879,3.05,1.78,33,1.38,77.854483,0.646370023,2.305,1.965,0.222222222,0.684960642,3.40119,1.565
K2NaIrF6,2.3848,True,1.8,1.35,0.82,3,6.0,2,0.68,11.0,1.27,0.45,0.96875285,0,0,0,1,0.34,0.529182879,3.05,1.78,66,1.38,77.854483,0.646370023,2.305,1.965,0.222222222,0.684960642,3.40119,1.565
K2NaAuF6,0.5742,False,1.8,1.35,0.82,3,6.0,2,0.85,11.0,1.61,0.45,0.931660962,0,0,0,1,0.17,0.661478599,3.05,1.44,68,1.38,87.528384,0.621621622,2.305,2.135,0.277777778,0.609256726,3.40119,1.735
K2LiVF6,0.0,False,1.45,1.35,0.82,2,4.0,2,0.64,3.0,0.65,0.1,1.041958355,0,0,0,1,0.12,0.498054475,3.0,2.35,20,1.38,62.570773,0.695214106,2.045,1.925,0.280701754,0.852271022,3.40119,1.305
K2LiRuF6,0.0,False,1.45,1.3,0.82,2,5.0,2,0.68,3.0,1.22,0.15,1.031564756,0,0,0,1,0.08,0.529182879,3.0,1.78,41,1.38,64.481201,0.688279302,2.045,1.965,0.298245614,0.827020214,3.40119,1.59
K2LiIrF6,2.0832,True,1.45,1.35,0.82,2,6.0,2,0.68,3.0,1.22,0.1,1.031564756,0,0,0,1,0.08,0.529182879,3.0,1.78,74,1.38,64.481201,0.688279302,2.045,1.965,0.298245614,0.827020214,3.40119,1.59
K2LiCrF6,4.1644,False,1.45,1.4,0.82,2,4.0,2,0.615,3.0,0.68,0.05,1.048561387,0,0,0,1,0.145,0.478599222,3.0,2.32,21,1.38,61.39613362,0.699619772,2.045,1.9,0.269736842,0.86857679,3.40119,1.32
K2LiAsF6,4.5591,False,1.45,1.15,0.82,2,4.0,2,0.58,3.0,1.2,0.3,1.057947486,0,0,0,1,0.18,0.451361868,3.0,1.8,30,1.38,59.776471,0.705882353,2.045,1.865,0.254385965,0.892111156,3.40119,1.58
K2ScHgF6,0.0,False,1.5,1.6,0.82,6,4.0,2,0.745,80.0,0.64,0.1,0.936936505,0,0,0,1,0.355,0.579766537,1.98,2.62,59,1.38,86.05817338,0.625141563,2.385,2.03,0.225757576,0.619665217,3.40119,1.68
K2FeHgF6,0.0,False,1.5,1.4,0.82,6,4.0,2,0.645,80.0,0.17,0.1,0.958649981,0,0,0,1,0.455,0.501945525,1.98,2.15,54,1.38,80.34195587,0.6396292,2.385,1.93,0.195454545,0.663753528,3.40119,1.915
K2HgAuF6,0.0,False,1.5,1.35,0.82,6,6.0,2,0.85,80.0,0.54,0.15,0.915171387,0,0,0,1,0.25,0.661478599,1.98,1.44,1,1.38,92.345408,0.610619469,2.385,2.135,0.257575758,0.577475998,3.40119,2.27
K2CrHgF6,0.0,False,1.5,1.4,0.82,6,4.0,2,0.615,80.0,0.34,0.1,0.96536165,0,0,0,1,0.485,0.478599222,1.98,2.32,56,1.38,78.67784913,0.644107351,2.385,1.9,0.186363636,0.677792508,3.40119,1.83
K2CrCuF6,0.6826,False,1.35,1.4,0.82,4,4.0,2,0.615,29.0,0.24,0.05,1.045910157,0,0,0,1,0.155,0.478599222,2.08,2.32,5,1.38,61.86420888,0.697850822,2.055,1.9,0.266233766,0.862004989,3.40119,1.78
K2GaCuF6,0.2188,False,1.35,1.3,0.82,4,4.0,2,0.62,29.0,0.09,0.05,1.044589563,0,0,0,1,0.15,0.482490272,2.08,2.17,2,1.38,62.099136,0.696969697,2.055,1.905,0.268398268,0.858743939,3.40119,1.855
K2NiAuF6,0.0,False,1.35,1.35,0.82,6,0.85,2,79.0,0.6,0.63,0.0,1.028998674,0,0,0,1,0.25,1.44,0.46692607,2.135,51,1.38,64.964808,0.686567164,2.07,1.885,0.235294118,0.820863762,3.40119,2.225
K2CrAuF6,1.5844,False,1.35,1.4,0.82,6,4.0,2,0.615,79.0,0.88,0.05,1.0251734,0,0,0,1,0.235,0.478599222,1.44,2.32,55,1.38,65.69474288,0.68401487,2.135,1.9,0.241176471,0.811743137,3.40119,2.1
K2InAuF6,0.3609,False,1.55,1.35,0.82,6,0.85,2,79.0,0.8,0.76,0.2,0.980230964,0,0,0,1,0.05,1.44,0.622568093,2.135,30,1.38,75.151448,0.654028436,2.2,2.085,0.31372549,0.709597195,3.40119,2.16
K2AlAgF6,3.0675,False,1.6,1.25,0.82,5,3.0,2,0.535,47.0,0.32,0.35,0.97216796,0,0,0,1,0.615,0.416342412,2.05,2.37,34,1.38,77.03688138,0.648648649,2.435,1.82,0.155072464,0.692230211,3.40119,1.77
K2AgRhF6,1.4182,False,1.6,1.35,0.82,5,5.0,2,0.665,47.0,0.35,0.25,0.943346561,0,0,0,1,0.485,0.517509728,2.05,1.7,2,1.38,84.31576662,0.629418472,2.435,1.95,0.192753623,0.632470756,3.40119,2.105
K2MnHgF6,0.3587,False,1.5,1.4,0.82,6,4.0,2,0.645,80.0,0.45,0.1,0.958649981,0,0,0,1,0.455,0.501945525,1.98,2.43,55,1.38,80.34195587,0.6396292,2.385,1.93,0.195454545,0.663753528,3.40119,1.775
K2TlHgF6,0.0,False,1.5,1.9,0.82,6,1.5,2,81.0,1.1,0.38,0.4,0.800111155,0,0,0,1,0.4,2.36,0.856031128,2.785,1,1.38,138.188413,0.53384913,1.98,2.385,0.244444444,0.385902519,3.40119,1.81
K2TiAuF6,0.0,False,1.35,1.4,0.82,6,4.0,2,0.67,79.0,1.0,0.05,1.01138745,0,0,0,1,0.18,0.521400778,1.44,2.44,57,1.38,68.417929,0.674816626,2.135,1.955,0.262745098,0.77943395,3.40119,2.04
K2HgIrF6,0.0,False,1.5,1.35,0.82,6,6.0,2,0.68,80.0,0.2,0.15,0.950936706,0,0,0,1,0.42,0.529182879,1.98,1.78,3,1.38,82.312875,0.634482759,2.385,1.965,0.206060606,0.647860455,3.40119,2.1
K2FeAuF6,1.0919,False,1.35,1.4,0.82,6,4.0,2,0.645,79.0,0.71,0.05,1.017607545,0,0,0,1,0.205,0.501945525,1.44,2.15,53,1.38,67.17097462,0.67896679,2.135,1.93,0.252941176,0.793903274,3.40119,2.185
K2SbAuF6,0.6938,False,1.35,1.45,0.82,6,5.0,2,0.76,79.0,0.49,0.1,0.989611165,0,0,0,1,0.09,0.591439689,1.44,1.93,28,1.38,73.034632,0.660287081,2.135,2.045,0.298039216,0.730163968,3.40119,2.295
K2CuAuF6,0.0,False,1.35,1.35,0.82,4,6.0,2,0.85,29.0,0.64,0.0,0.987249325,0,0,0,1,0.08,0.661478599,2.08,1.44,50,1.38,73.560059,0.658711217,2.055,2.135,0.367965368,0.72494853,3.40119,2.22
K2VHgF6,0.0039,True,1.5,1.35,0.82,6,4.0,2,0.64,80.0,0.37,0.15,0.959762104,0,0,0,1,0.46,0.498054475,1.98,2.35,57,1.38,80.062991,0.64037123,2.385,1.925,0.193939394,0.666066256,3.40119,1.815
K2HgMoF6,0.0,False,1.5,1.45,0.82,6,5.0,2,0.69,80.0,0.16,0.05,0.948755658,0,0,0,1,0.41,0.536964981,1.98,1.82,38,1.38,82.881856,0.633027523,2.385,1.975,0.209090909,0.643412916,3.40119,2.08
K2NiHgF6,1.9584,True,1.5,1.35,0.82,6,4.0,2,0.6,80.0,0.09,0.15,0.96875285,0,0,0,1,0.5,0.46692607,1.98,2.07,52,1.38,77.854483,0.646370023,2.385,1.885,0.181818182,0.684960642,3.40119,1.955
K2AlCuF6,1.1155,False,1.35,1.25,0.82,4,3.0,2,0.535,29.0,0.29,0.1,1.067503141,0,0,0,1,0.235,0.416342412,2.08,2.37,16,1.38,58.18554688,0.712258065,2.055,1.82,0.231601732,0.916503488,3.40119,1.755
K2TlCuF6,0.0,False,1.35,1.9,0.82,6,1.5,2,81.0,0.77,0.28,0.55,0.854664188,0,0,0,1,0.73,2.36,0.59922179,2.785,52,1.38,113.379904,0.570247934,2.08,2.055,0.171111111,0.470341346,3.40119,1.76
K2ScInF6,3.5404,True,1.55,1.6,0.82,5,4.0,2,0.745,49.0,0.42,0.05,1.005242933,0,0,0,1,0.055,0.579766537,2.2,2.62,28,1.38,69.68022088,0.670716889,2.085,2.03,0.310416667,0.765314116,3.40119,1.57
K2InSbF6,2.1143,False,1.55,1.45,0.82,5,0.76,2,51.0,0.8,0.27,0.1,1.00159193,0,0,0,1,0.04,1.93,0.622568093,2.045,2,1.38,70.444997,0.668280872,2.2,2.085,0.350877193,0.757005592,3.40119,1.915
K2LiFeF6,3.9473,True,1.45,1.4,0.82,2,4.0,2,0.645,3.0,0.85,0.05,1.040647716,0,0,0,1,0.115,0.501945525,3.0,2.15,23,1.38,62.80748437,0.694339623,2.045,1.93,0.282894737,0.849058949,3.40119,1.405
K2InAsF6,1.9966,True,1.55,1.15,0.82,4,0.58,2,33.0,0.8,0.4,0.4,1.047234094,0,0,0,1,0.22,1.8,0.622568093,1.865,16,1.38,61.629875,0.698734177,2.2,2.085,0.459770115,0.865282571,3.40119,1.98
K2AlInF6,3.8745,False,1.55,1.25,0.82,5,3.0,2,0.535,49.0,0.17,0.3,1.059302092,0,0,0,1,0.265,0.416342412,2.2,2.37,36,1.38,59.54744262,0.706786172,2.085,1.82,0.222916667,0.895542349,3.40119,1.695
K2YHgF6,0.0,False,1.5,1.8,0.82,6,5.0,2,0.9,80.0,0.78,0.3,0.905158571,0,0,0,1,0.2,0.700389105,1.98,2.76,41,1.38,95.443993,0.603938731,2.385,2.185,0.272727273,0.558728266,3.40119,1.61
K2HgSbF6,0.0,False,1.5,1.45,0.82,6,5.0,2,0.76,80.0,0.05,0.05,0.933764034,0,0,0,1,0.34,0.591439689,1.98,1.93,29,1.38,86.938307,0.623024831,2.385,2.045,0.23030303,0.613391939,3.40119,2.025
K2HgRhF6,0.0,False,1.5,1.35,0.82,6,5.0,2,0.665,80.0,0.28,0.15,0.954227144,0,0,0,1,0.435,0.517509728,1.98,1.7,35,1.38,81.46429537,0.636678201,2.385,1.95,0.201515152,0.654608948,3.40119,2.14
K2InHgF6,0.0,False,1.5,1.55,0.82,6,5.0,2,0.8,80.0,0.22,0.05,0.925408204,0,0,0,1,0.3,0.622568093,1.98,2.2,31,1.38,89.314623,0.617449664,2.385,2.085,0.242424242,0.597071956,3.40119,1.89
K2LiCeF6,0.5648,False,1.45,1.85,0.82,2,6.0,2,1.01,3.0,0.14,0.4,0.953127804,0,0,0,1,0.25,0.785992218,3.0,2.86,55,1.38,81.746504,0.6359447,2.045,2.295,0.442982456,0.65234908,3.40119,1.05
K2HgAsF6,0.0,False,1.5,1.15,0.82,6,4.0,2,0.58,80.0,0.18,0.35,0.973311687,0,0,0,1,0.52,0.451361868,1.98,1.8,47,1.38,76.765625,0.649411765,2.385,1.865,0.175757576,0.694676252,3.40119,2.09
K2AlHgF6,0.0,False,1.5,1.25,0.82,6,3.0,2,0.535,80.0,0.39,0.25,0.983727627,0,0,0,1,0.565,0.416342412,1.98,2.37,67,1.38,74.35291513,0.656361474,2.385,1.82,0.162121212,0.717218102,3.40119,1.805
K2InGaF6,2.5562,False,1.3,1.55,0.82,4,5.0,2,0.8,31.0,0.03,0.25,1.036735506,0,0,0,1,0.18,0.622568093,2.17,2.2,18,1.38,63.521199,0.691729323,1.905,2.085,0.430107527,0.83951905,3.40119,1.795
K2GaHgF6,0.0,False,1.5,1.3,0.82,6,4.0,2,0.62,80.0,0.19,0.2,0.96423652,0,0,0,1,0.48,0.482490272,1.98,2.17,49,1.38,78.953589,0.643356643,2.385,1.905,0.187878788,0.675425365,3.40119,1.905
K2CoHgF6,0.0,False,1.5,1.35,0.82,6,4.0,2,0.61,80.0,0.12,0.15,0.966489409,0,0,0,1,0.49,0.474708171,1.98,2.1,53,1.38,78.402752,0.644859813,2.385,1.895,0.184848485,0.680170725,3.40119,1.94
K2YCuF6,0.5982,False,1.35,1.8,0.82,4,5.0,2,0.9,29.0,0.68,0.45,0.975607233,0,0,0,1,0.13,0.700389105,2.08,2.76,10,1.38,76.225024,0.650943396,2.055,2.185,0.38961039,0.699603016,3.40119,1.56
K2TiCuF6,0.0,False,1.35,1.4,0.82,4,4.0,2,0.67,29.0,0.36,0.05,1.031564756,0,0,0,1,0.1,0.521400778,2.08,2.44,7,1.38,64.481201,0.688279302,2.055,1.955,0.29004329,0.827020214,3.40119,1.72
K2ScCuF6,1.2408,False,1.35,1.6,0.82,4,4.0,2,0.745,29.0,0.54,0.25,1.012625378,0,0,0,1,0.025,0.579766537,2.08,2.62,8,1.38,68.16731413,0.675642595,2.055,2.03,0.322510823,0.782299513,3.40119,1.63
K2NdCuF6,0.3585,False,1.35,1.85,0.82,4,6.0,2,0.983,29.0,0.76,0.5,0.956875936,0,0,0,1,0.213,0.764980545,2.08,2.84,31,1.38,80.78964627,0.638445524,2.055,2.268,0.425541126,0.660075383,3.40119,1.52
K2CuAsF6,0.978,False,1.35,1.15,0.82,4,4.0,2,0.58,29.0,0.28,0.2,1.05524864,0,0,0,1,0.19,0.451361868,2.08,1.8,4,1.38,60.236288,0.704081633,2.055,1.865,0.251082251,0.885301177,3.40119,2.04
K2VAuF6,0.0,False,1.35,1.35,0.82,6,4.0,2,0.64,79.0,0.91,0.0,1.018860756,0,0,0,1,0.21,0.498054475,1.44,2.35,56,1.38,66.923416,0.679802956,2.135,1.925,0.250980392,0.796840028,3.40119,2.085
K2ScAuF6,1.5837,False,1.35,1.6,0.82,6,4.0,2,0.745,79.0,1.18,0.25,0.993175191,0,0,0,1,0.105,0.579766537,1.44,2.62,58,1.38,72.25119213,0.662665066,2.135,2.03,0.292156863,0.73808134,3.40119,1.95
K2RuAuF6,0.0,False,1.35,1.3,0.82,6,5.0,2,0.68,79.0,0.34,0.05,1.008920651,0,0,0,1,0.17,0.529182879,1.44,1.78,35,1.38,68.921,0.673170732,2.135,1.965,0.266666667,0.773744674,3.40119,2.37
K2RhAuF6,0.7098,False,1.35,1.35,0.82,6,5.0,2,0.665,79.0,0.26,0.0,1.012625378,0,0,0,1,0.185,0.517509728,1.44,1.7,34,1.38,68.16731413,0.675642595,2.135,1.95,0.260784314,0.782299513,3.40119,2.41
K2MoAuF6,1.4368,False,1.35,1.45,0.82,6,5.0,2,0.69,79.0,0.38,0.1,1.006465856,0,0,0,1,0.16,0.536964981,1.44,1.82,37,1.38,69.426531,0.671532847,2.135,1.975,0.270588235,0.768110633,3.40119,2.35
K2MnAuF6,0.0,False,1.35,1.4,0.82,6,4.0,2,0.645,79.0,0.99,0.05,1.017607545,0,0,0,1,0.205,0.501945525,1.44,2.43,54,1.38,67.17097462,0.67896679,2.135,1.93,0.252941176,0.793903274,3.40119,2.045
K2IrAuF6,0.5492,False,1.35,1.35,0.82,6,6.0,2,0.68,79.0,0.34,0.0,1.008920651,0,0,0,1,0.17,0.529182879,1.44,1.78,2,1.38,68.921,0.673170732,2.135,1.965,0.266666667,0.773744674,3.40119,2.37
K2GaAuF6,0.6779,False,1.35,1.3,0.82,6,4.0,2,0.62,79.0,0.73,0.05,1.023904621,0,0,0,1,0.23,0.482490272,1.44,2.17,48,1.38,65.939264,0.683168317,2.135,1.905,0.243137255,0.808732968,3.40119,2.175
K2AsAuF6,0.7657,False,1.35,1.15,0.82,6,4.0,2,0.58,79.0,0.36,0.2,1.034143667,0,0,0,1,0.27,0.451361868,1.44,1.8,46,1.38,64.0,0.69,2.135,1.865,0.22745098,0.833238385,3.40119,2.36
K2AlAuF6,1.3271,False,1.35,1.25,0.82,6,3.0,2,0.535,79.0,0.93,0.1,1.045910157,0,0,0,1,0.315,0.416342412,1.44,2.37,66,1.38,61.86420888,0.697850822,2.135,1.82,0.209803922,0.862004989,3.40119,2.075
K2VAgF6,0.0,False,1.6,1.35,0.82,5,4.0,2,0.64,47.0,0.3,0.25,0.948755658,0,0,0,1,0.51,0.498054475,2.05,2.35,24,1.38,82.881856,0.633027523,2.435,1.925,0.185507246,0.643412916,3.40119,1.78
K2TlAgF6,0.4485,False,1.6,1.9,0.82,6,1.5,2,81.0,1.15,0.31,0.3,0.792447255,0,0,0,1,0.35,2.36,0.894941634,2.785,34,1.38,142.236648,0.528735632,2.05,2.435,0.255555556,0.374919245,3.40119,1.775
K2TiAgF6,0.0,False,1.6,1.4,0.82,5,4.0,2,0.67,47.0,0.39,0.2,0.942272134,0,0,0,1,0.48,0.521400778,2.05,2.44,25,1.38,84.604519,0.628701595,2.435,1.955,0.194202899,0.630312155,3.40119,1.735
K2ScAgF6,3.0351,False,1.6,1.6,0.82,5,4.0,2,0.745,47.0,0.57,0.0,0.926444495,0,0,0,1,0.405,0.579766537,2.05,2.62,26,1.38,89.01524463,0.618141097,2.435,2.03,0.215942029,0.599080044,3.40119,1.645
K2AgRuF6,0.0,False,1.6,1.3,0.82,5,5.0,2,0.68,47.0,0.27,0.3,0.940130607,0,0,0,1,0.47,0.529182879,2.05,1.78,3,1.38,85.184,0.627272727,2.435,1.965,0.197101449,0.626024332,3.40119,2.065
K2MnAgF6,0.0,False,1.6,1.4,0.82,5,4.0,2,0.645,47.0,0.38,0.2,0.947668882,0,0,0,1,0.505,0.501945525,2.05,2.43,22,1.38,83.16732713,0.632302405,2.435,1.93,0.186956522,0.641204407,3.40119,1.74
K2AgIrF6,1.5152,True,1.6,1.35,0.82,5,6.0,2,0.68,47.0,0.27,0.25,0.940130607,0,0,0,1,0.47,0.529182879,2.05,1.78,30,1.38,85.184,0.627272727,2.435,1.965,0.197101449,0.626024332,3.40119,2.065
K2InAgF6,1.6678,False,1.6,1.55,0.82,5,5.0,2,0.8,47.0,0.15,0.05,0.915171387,0,0,0,1,0.35,0.622568093,2.05,2.2,2,1.38,92.345408,0.610619469,2.435,2.085,0.231884058,0.577475998,3.40119,1.855
K2GaAgF6,2.243,False,1.6,1.3,0.82,5,4.0,2,0.62,47.0,0.12,0.3,0.953127804,0,0,0,1,0.53,0.482490272,2.05,2.17,16,1.38,81.746504,0.6359447,2.435,1.905,0.179710145,0.65234908,3.40119,1.87
K2FeAgF6,2.1064,False,1.6,1.4,0.82,5,4.0,2,0.645,47.0,0.1,0.2,0.947668882,0,0,0,1,0.505,0.501945525,2.05,2.15,21,1.38,83.16732713,0.632302405,2.435,1.93,0.186956522,0.641204407,3.40119,1.88
K2CrAgF6,2.8775,False,1.6,1.4,0.82,5,4.0,2,0.615,47.0,0.27,0.2,0.954227144,0,0,0,1,0.535,0.478599222,2.05,2.32,23,1.38,81.46429537,0.636678201,2.435,1.9,0.17826087,0.654608948,3.40119,1.795
K2AgAuF6,0.0,False,1.6,1.35,0.82,5,6.0,2,0.85,47.0,0.61,0.25,0.905158571,0,0,0,1,0.3,0.661478599,2.05,1.44,32,1.38,95.443993,0.603938731,2.435,2.135,0.246376812,0.558728266,3.40119,2.235
K2AgAsF6,2.2292,False,1.6,1.15,0.82,5,4.0,2,0.58,47.0,0.25,0.45,0.961994109,0,0,0,1,0.57,0.451361868,2.05,1.8,14,1.38,79.507,0.641860465,2.435,1.865,0.168115942,0.670724045,3.40119,2.055
K2YAuF6,1.3878,False,1.35,1.8,0.82,6,5.0,2,0.9,79.0,1.32,0.45,0.957540433,0,0,0,1,0.05,0.700389105,1.44,2.76,40,1.38,80.621568,0.638888889,2.135,2.185,0.352941176,0.661451495,3.40119,1.88
K2CeAgF6,0.0,False,1.6,1.85,0.82,5,6.0,2,1.01,47.0,0.81,0.25,0.874540099,0,0,0,1,0.14,0.785992218,2.05,2.86,11,1.38,105.823817,0.583509514,2.435,2.295,0.292753623,0.503924903,3.40119,1.525
K2InBiF6,2.3638,False,1.55,1.6,0.82,6,1.03,2,83.0,0.8,0.24,0.05,0.940130607,0,0,0,1,0.23,1.96,0.622568093,2.315,34,1.38,85.184,0.627272727,2.2,2.085,0.258899676,0.626024332,3.40119,1.9
K2TiHgF6,2.1789,True,1.5,1.4,0.82,6,4.0,2,0.67,80.0,0.46,0.1,0.953127804,0,0,0,1,0.43,0.521400778,1.98,2.44,58,1.38,81.746504,0.6359447,2.385,1.955,0.203030303,0.65234908,3.40119,1.77
K2HgBiF6,0.0,False,1.5,1.6,0.82,6,6.0,2,1.03,80.0,0.02,0.1,0.88012227,0,0,0,1,0.07,0.80155642,1.98,1.96,3,1.38,103.823,0.587234043,2.385,2.315,0.312121212,0.513636253,3.40119,2.01
K2NaCeF6,0.2302,False,1.8,1.85,0.82,3,6.0,2,1.01,11.0,0.19,0.05,0.899255363,0,0,0,1,0.01,0.785992218,3.05,2.86,47,1.38,97.336,0.6,2.305,2.295,0.330065359,0.547867764,3.40119,1.025
K2InCuF6,0.0,False,1.35,1.55,0.82,4,5.0,2,0.8,29.0,0.12,0.2,0.999172626,0,0,0,1,0.03,0.622568093,2.08,2.2,20,1.38,70.957944,0.666666667,2.055,2.085,0.346320346,0.751533284,3.40119,1.84
K2NaTlF6,3.6205,True,1.8,1.9,0.82,3,6.0,2,1.5,11.0,0.69,0.1,0.812686576,0,0,0,1,0.48,1.167315175,3.05,2.36,70,1.38,131.872229,0.542239686,2.305,2.785,0.490196078,0.404385799,3.40119,1.275
K2NaYF6,6.2393,True,1.8,1.8,0.82,3,5.0,2,0.9,11.0,0.29,0.0,0.921286118,0,0,0,1,0.12,0.700389105,3.05,2.76,28,1.38,90.518849,0.614699332,2.305,2.185,0.294117647,0.589128753,3.40119,1.075
K2NaRhF6,2.0001,True,1.8,1.35,0.82,3,5.0,2,0.665,11.0,1.35,0.45,0.97216796,0,0,0,1,0.355,0.517509728,3.05,1.7,34,1.38,77.03688138,0.648648649,2.305,1.95,0.217320261,0.692230211,3.40119,1.605
K2NaCrF6,4.2057,True,1.8,1.4,0.82,3,4.0,2,0.615,11.0,0.73,0.4,0.983727627,0,0,0,1,0.405,0.478599222,3.05,2.32,13,1.38,74.35291513,0.656361474,2.305,1.9,0.200980392,0.717218102,3.40119,1.295
K2NaMoF6,3.9023,False,1.8,1.45,0.82,3,5.0,2,0.69,11.0,1.23,0.35,0.966489409,0,0,0,1,0.33,0.536964981,3.05,1.82,31,1.38,78.402752,0.644859813,2.305,1.975,0.225490196,0.680170725,3.40119,1.545
K2NaNiF6,0.0,False,1.8,1.35,0.82,3,4.0,2,0.6,11.0,0.98,0.45,0.987249325,0,0,0,1,0.42,0.46692607,3.05,2.07,17,1.38,73.560059,0.658711217,2.305,1.885,0.196078431,0.72494853,3.40119,1.42
K2NaFeF6,4.0922,False,1.8,1.4,0.82,3,4.0,2,0.645,11.0,0.9,0.4,0.976759072,0,0,0,1,0.375,0.501945525,3.05,2.15,15,1.38,75.95567787,0.651711924,2.305,1.93,0.210784314,0.702083875,3.40119,1.38
K2NaScF6,6.7497,True,1.8,1.6,0.82,3,4.0,2,0.745,11.0,0.43,0.2,0.954227144,0,0,0,1,0.275,0.579766537,3.05,2.62,10,1.38,81.46429537,0.636678201,2.305,2.03,0.243464052,0.654608948,3.40119,1.145
K2NaAlF6,6.858,True,1.8,1.25,0.82,3,3.0,2,0.535,11.0,0.68,0.55,1.002805981,0,0,0,1,0.485,0.416342412,3.05,2.37,2,1.38,70.18945313,0.669090909,2.305,1.82,0.174836601,0.759761678,3.40119,1.27
K2NaInF6,5.2445,True,1.8,1.55,0.82,3,5.0,2,0.8,11.0,0.85,0.25,0.942272134,0,0,0,1,0.22,0.622568093,3.05,2.2,38,1.38,84.604519,0.628701595,2.305,2.085,0.261437908,0.630312155,3.40119,1.355
Rb2NaMnF6,1.6786,False,1.8,1.4,0.82,3,4.0,2,0.645,11.0,0.62,0.4,1.00347385,0,0,0,1,0.375,0.501945525,3.05,2.43,14,1.52,75.95567787,0.717827627,2.305,1.93,0.210784314,0.702083875,3.40119,1.24
Rb2LiFeF6,3.7234,True,1.45,1.4,0.82,2,4.0,2,0.645,3.0,0.85,0.05,1.069109875,0,0,0,1,0.115,0.501945525,3.0,2.15,23,1.52,62.80748437,0.764779874,2.045,1.93,0.282894737,0.849058949,3.40119,1.405
Rb2NaAlF6,6.791,True,1.8,1.25,0.82,3,3.0,2,0.535,11.0,0.68,0.55,1.030233153,0,0,0,1,0.485,0.416342412,3.05,2.37,2,1.52,70.18945313,0.736969697,2.305,1.82,0.174836601,0.759761678,3.40119,1.27
Rb2VAuF6,0.0,False,1.35,1.35,0.82,6,4.0,2,0.64,79.0,0.91,0.0,1.046727033,0,0,0,1,0.21,0.498054475,1.44,2.35,56,1.52,66.923416,0.748768473,2.135,1.925,0.250980392,0.796840028,3.40119,2.085
Rb2ScAuF6,1.6982,False,1.35,1.6,0.82,6,4.0,2,0.745,79.0,1.18,0.25,1.020338957,0,0,0,1,0.105,0.579766537,1.44,2.62,58,1.52,72.25119213,0.729891957,2.135,2.03,0.292156863,0.73808134,3.40119,1.95
Rb2RuAuF6,0.0,False,1.35,1.3,0.82,6,5.0,2,0.68,79.0,0.34,0.05,1.036515062,0,0,0,1,0.17,0.529182879,1.44,1.78,35,1.52,68.921,0.741463415,2.135,1.965,0.266666667,0.773744674,3.40119,2.37
Rb2RhAuF6,0.4327,False,1.35,1.35,0.82,6,5.0,2,0.665,79.0,0.26,0.0,1.040321115,0,0,0,1,0.185,0.517509728,1.44,1.7,34,1.52,68.16731413,0.744186047,2.135,1.95,0.260784314,0.782299513,3.40119,2.41
Rb2NiAuF6,0.0,False,1.35,1.35,0.82,6,0.85,2,79.0,0.6,0.63,0.0,1.057142228,0,0,0,1,0.25,1.44,0.46692607,2.135,51,1.52,64.964808,0.756218905,2.07,1.885,0.235294118,0.820863762,3.40119,2.225
Rb2MoAuF6,1.5341,True,1.35,1.45,0.82,6,5.0,2,0.69,79.0,0.38,0.1,1.033993128,0,0,0,1,0.16,0.536964981,1.44,1.82,37,1.52,69.426531,0.739659367,2.135,1.975,0.270588235,0.768110633,3.40119,2.35
Rb2MnAuF6,0.0,False,1.35,1.4,0.82,6,4.0,2,0.645,79.0,0.99,0.05,1.045439546,0,0,0,1,0.205,0.501945525,1.44,2.43,54,1.52,67.17097462,0.747847478,2.135,1.93,0.252941176,0.793903274,3.40119,2.045
Rb2IrAuF6,0.4938,False,1.35,1.35,0.82,6,6.0,2,0.68,79.0,0.34,0.0,1.036515062,0,0,0,1,0.17,0.529182879,1.44,1.78,2,1.52,68.921,0.741463415,2.135,1.965,0.266666667,0.773744674,3.40119,2.37
Rb2InAuF6,0.5174,False,1.55,1.35,0.82,6,0.85,2,79.0,0.8,0.76,0.2,1.0070407,0,0,0,1,0.05,1.44,0.622568093,2.135,30,1.52,75.151448,0.720379147,2.2,2.085,0.31372549,0.709597195,3.40119,2.16
Rb2GaAuF6,0.7904,False,1.35,1.3,0.82,6,4.0,2,0.62,79.0,0.73,0.05,1.05190885,0,0,0,1,0.23,0.482490272,1.44,2.17,48,1.52,65.939264,0.752475248,2.135,1.905,0.243137255,0.808732968,3.40119,2.175
Rb2FeAuF6,1.1878,False,1.35,1.4,0.82,6,4.0,2,0.645,79.0,0.71,0.05,1.045439546,0,0,0,1,0.205,0.501945525,1.44,2.15,53,1.52,67.17097462,0.747847478,2.135,1.93,0.252941176,0.793903274,3.40119,2.185
Rb2CrAuF6,1.6646,False,1.35,1.4,0.82,6,4.0,2,0.615,79.0,0.88,0.05,1.053212331,0,0,0,1,0.235,0.478599222,1.44,2.32,55,1.52,65.69474288,0.753407683,2.135,1.9,0.241176471,0.811743137,3.40119,2.1
Rb2CoAuF6,0.9054,False,1.35,1.35,0.82,6,4.0,2,0.61,79.0,0.66,0.0,1.054519046,0,0,0,1,0.24,0.474708171,1.44,2.1,52,1.52,65.450827,0.754342432,2.135,1.895,0.239215686,0.814768264,3.40119,2.21
Rb2AsAuF6,0.8073,False,1.35,1.15,0.82,6,4.0,2,0.58,79.0,0.36,0.2,1.062427939,0,0,0,1,0.27,0.451361868,1.44,1.8,46,1.52,64.0,0.76,2.135,1.865,0.22745098,0.833238385,3.40119,2.36
Rb2AlAuF6,1.4095,False,1.35,1.25,0.82,6,3.0,2,0.535,79.0,0.93,0.1,1.074516247,0,0,0,1,0.315,0.416342412,1.44,2.37,66,1.52,61.86420888,0.768647282,2.135,1.82,0.209803922,0.862004989,3.40119,2.075
Rb2VAgF6,0.0,False,1.6,1.35,0.82,5,4.0,2,0.64,47.0,0.3,0.25,0.974704531,0,0,0,1,0.51,0.498054475,2.05,2.35,24,1.52,82.881856,0.697247706,2.435,1.925,0.185507246,0.643412916,3.40119,1.78
Rb2TlAgF6,0.5523,False,1.6,1.9,0.82,6,1.5,2,81.0,1.15,0.31,0.3,0.814121026,0,0,0,1,0.35,2.36,0.894941634,2.785,34,1.52,142.236648,0.582375479,2.05,2.435,0.255555556,0.374919245,3.40119,1.775
Rb2TiAgF6,0.0,False,1.6,1.4,0.82,5,4.0,2,0.67,47.0,0.39,0.2,0.96804368,0,0,0,1,0.48,0.521400778,2.05,2.44,25,1.52,84.604519,0.692482916,2.435,1.955,0.194202899,0.630312155,3.40119,1.735
Rb2ScAgF6,3.2846,False,1.6,1.6,0.82,5,4.0,2,0.745,47.0,0.57,0.0,0.951783148,0,0,0,1,0.405,0.579766537,2.05,2.62,26,1.52,89.01524463,0.680851064,2.435,2.03,0.215942029,0.599080044,3.40119,1.645
Rb2AgRuF6,0.0,False,1.6,1.3,0.82,5,5.0,2,0.68,47.0,0.27,0.3,0.965843581,0,0,0,1,0.47,0.529182879,2.05,1.78,3,1.52,85.184,0.690909091,2.435,1.965,0.197101449,0.626024332,3.40119,2.065
Rb2AgRhF6,1.3905,False,1.6,1.35,0.82,5,5.0,2,0.665,47.0,0.35,0.25,0.969147493,0,0,0,1,0.485,0.517509728,2.05,1.7,2,1.52,84.31576662,0.69327252,2.435,1.95,0.192753623,0.632470756,3.40119,2.105
Rb2NiAgF6,0.0,False,1.6,1.35,0.82,5,4.0,2,0.6,47.0,0.02,0.25,0.983729573,0,0,0,1,0.55,0.46692607,2.05,2.07,19,1.52,80.621568,0.703703704,2.435,1.885,0.173913043,0.661451495,3.40119,1.92
Rb2MnAgF6,0.0,False,1.6,1.4,0.82,5,4.0,2,0.645,47.0,0.38,0.2,0.973588031,0,0,0,1,0.505,0.501945525,2.05,2.43,22,1.52,83.16732713,0.696449026,2.435,1.93,0.186956522,0.641204407,3.40119,1.74
Rb2AgIrF6,1.4737,True,1.6,1.35,0.82,5,6.0,2,0.68,47.0,0.27,0.25,0.965843581,0,0,0,1,0.47,0.529182879,2.05,1.78,30,1.52,85.184,0.690909091,2.435,1.965,0.197101449,0.626024332,3.40119,2.065
Rb2InAgF6,1.8555,False,1.6,1.55,0.82,5,5.0,2,0.8,47.0,0.15,0.05,0.940201716,0,0,0,1,0.35,0.622568093,2.05,2.2,2,1.52,92.345408,0.672566372,2.435,2.085,0.231884058,0.577475998,3.40119,1.855
Rb2GaAgF6,2.4254,False,1.6,1.3,0.82,5,4.0,2,0.62,47.0,0.12,0.3,0.979196257,0,0,0,1,0.53,0.482490272,2.05,2.17,16,1.52,81.746504,0.700460829,2.435,1.905,0.179710145,0.65234908,3.40119,1.87
Rb2CrAgF6,3.0253,False,1.6,1.4,0.82,5,4.0,2,0.615,47.0,0.27,0.2,0.980325664,0,0,0,1,0.535,0.478599222,2.05,2.32,23,1.52,81.46429537,0.701268743,2.435,1.9,0.17826087,0.654608948,3.40119,1.795
Rb2CoAgF6,2.0093,False,1.6,1.35,0.82,5,4.0,2,0.61,47.0,0.05,0.25,0.98145768,0,0,0,1,0.54,0.474708171,2.05,2.1,20,1.52,81.182737,0.702078522,2.435,1.895,0.176811594,0.656879266,3.40119,1.905
Rb2AgAuF6,0.0,False,1.6,1.35,0.82,5,6.0,2,0.85,47.0,0.61,0.25,0.929915045,0,0,0,1,0.3,0.661478599,2.05,1.44,32,1.52,95.443993,0.665207877,2.435,2.135,0.246376812,0.558728266,3.40119,2.235
Rb2AgAsF6,2.3267,False,1.6,1.15,0.82,5,4.0,2,0.58,47.0,0.25,0.45,0.988305059,0,0,0,1,0.57,0.451361868,2.05,1.8,14,1.52,79.507,0.706976744,2.435,1.865,0.168115942,0.670724045,3.40119,2.055
Rb2AlAgF6,3.2492,False,1.6,1.25,0.82,5,3.0,2,0.535,47.0,0.32,0.35,0.998757169,0,0,0,1,0.615,0.416342412,2.05,2.37,34,1.52,77.03688138,0.714453584,2.435,1.82,0.155072464,0.692230211,3.40119,1.77
Rb2NaNdF6,6.2143,True,1.8,1.85,0.82,3,6.0,2,0.983,11.0,0.21,0.05,0.929304998,0,0,0,1,0.037,0.764980545,3.05,2.84,49,1.52,95.63208052,0.664771485,2.305,2.268,0.32124183,0.557629368,3.40119,1.035
Rb2LiYF6,6.8909,True,1.45,1.8,0.82,2,5.0,2,0.9,3.0,0.24,0.35,1.004659989,0,0,0,1,0.14,0.700389105,3.0,2.76,36,1.52,75.686967,0.718676123,2.045,2.185,0.394736842,0.704576478,3.40119,1.1
Rb2LiSbF6,4.2054,False,1.45,1.45,0.82,2,5.0,2,0.76,3.0,1.07,0.0,1.039049329,0,0,0,1,0.0,0.591439689,3.0,1.93,48,1.52,68.417929,0.743276284,2.045,2.045,0.333333333,0.77943395,3.40119,1.515
Rb2LiPrF6,6.547,True,1.45,1.85,0.82,2,6.0,2,0.99,3.0,0.15,0.4,0.983729573,0,0,0,1,0.23,0.770428016,3.0,2.85,56,1.52,80.621568,0.703703704,2.045,2.275,0.434210526,0.661451495,3.40119,1.055
Rb2LiNdF6,6.6083,True,1.45,1.85,0.82,2,6.0,2,0.983,3.0,0.16,0.4,0.985326166,0,0,0,1,0.223,0.764980545,3.0,2.84,57,1.52,80.2302923,0.704845815,2.045,2.268,0.431140351,0.664677332,3.40119,1.06
Rb2LiMoF6,4.623,False,1.45,1.45,0.82,2,5.0,2,0.69,3.0,1.18,0.0,1.057142228,0,0,0,1,0.07,0.536964981,3.0,1.82,39,1.52,64.964808,0.756218905,2.045,1.975,0.302631579,0.820863762,3.40119,1.57
Rb2LiCeF6,0.5522,False,1.45,1.85,0.82,2,6.0,2,1.01,3.0,0.14,0.4,0.979196257,0,0,0,1,0.25,0.785992218,3.0,2.86,55,1.52,81.746504,0.700460829,2.045,2.295,0.442982456,0.65234908,3.40119,1.05
Rb2LiBiF6,4.9741,False,1.45,1.6,0.82,2,6.0,2,1.03,3.0,1.04,0.15,0.974704531,0,0,0,1,0.27,0.80155642,3.0,1.96,80,1.52,82.881856,0.697247706,2.045,2.315,0.451754386,0.643412916,3.40119,1.5
Rb2YCuF6,0.9338,False,1.35,1.8,0.82,4,5.0,2,0.9,29.0,0.68,0.45,1.002290508,0,0,0,1,0.13,0.700389105,2.08,2.76,10,1.52,76.225024,0.716981132,2.055,2.185,0.38961039,0.699603016,3.40119,1.56
Rb2CuSbF6,0.9862,False,1.35,1.45,0.82,4,5.0,2,0.76,29.0,0.15,0.1,1.036515062,0,0,0,1,0.01,0.591439689,2.08,1.93,22,1.52,68.921,0.741463415,2.055,2.045,0.329004329,0.773744674,3.40119,1.975
Rb2NdCuF6,0.6912,False,1.35,1.85,0.82,4,6.0,2,0.983,29.0,0.76,0.5,0.983046901,0,0,0,1,0.213,0.764980545,2.08,2.84,31,1.52,80.78964627,0.70321536,2.055,2.268,0.425541126,0.660075383,3.40119,1.52
Rb2NaPrF6,6.1649,False,1.8,1.85,0.82,3,6.0,2,0.99,11.0,0.2,0.05,0.927884663,0,0,0,1,0.03,0.770428016,3.05,2.85,48,1.52,96.071912,0.663755459,2.305,2.275,0.323529412,0.555076458,3.40119,1.03
Rb2NaCeF6,0.2802,False,1.8,1.85,0.82,3,6.0,2,1.01,11.0,0.19,0.05,0.923850382,0,0,0,1,0.01,0.785992218,3.05,2.86,47,1.52,97.336,0.660869565,2.305,2.295,0.330065359,0.547867764,3.40119,1.025
Rb2AgMoF6,2.6738,True,1.6,1.45,0.82,5,5.0,2,0.69,47.0,0.23,0.15,0.963653459,0,0,0,1,0.46,0.536964981,2.05,1.82,5,1.52,85.766121,0.689342404,2.435,1.975,0.2,0.621775312,3.40119,2.045
Rb2YAgF6,2.8977,False,1.6,1.8,0.82,5,5.0,2,0.9,47.0,0.71,0.2,0.919851029,0,0,0,1,0.25,0.700389105,2.05,2.76,8,1.52,98.611128,0.658008658,2.435,2.185,0.260869565,0.540783355,3.40119,1.575
Rb2AgSbF6,2.168,False,1.6,1.45,0.82,5,5.0,2,0.76,47.0,0.12,0.15,0.948596374,0,0,0,1,0.39,0.591439689,2.05,1.93,4,1.52,89.915392,0.678571429,2.435,2.045,0.220289855,0.593082624,3.40119,1.99
Rb2PrAgF6,2.6788,False,1.6,1.85,0.82,5,6.0,2,0.99,47.0,0.8,0.25,0.902274258,0,0,0,1,0.16,0.770428016,2.05,2.85,12,1.52,104.487111,0.645435244,2.435,2.275,0.286956522,0.510371625,3.40119,1.53
Rb2NdAgF6,2.848,False,1.6,1.85,0.82,5,6.0,2,0.983,47.0,0.79,0.25,0.903617213,0,0,0,1,0.167,0.764980545,2.05,2.84,13,1.52,104.0219369,0.646395917,2.435,2.268,0.284927536,0.512653948,3.40119,1.535
Rb2AgBiF6,2.5561,False,1.6,1.6,0.82,5,6.0,2,1.03,47.0,0.09,0.0,0.894676159,0,0,0,1,0.12,0.80155642,2.05,1.96,36,1.52,107.171875,0.64,2.435,2.315,0.298550725,0.497586299,3.40119,1.975
Rb2ScHgF6,0.0,False,1.5,1.6,0.82,6,4.0,2,0.745,80.0,0.64,0.1,0.962562119,0,0,0,1,0.355,0.579766537,1.98,2.62,59,1.52,86.05817338,0.688561721,2.385,2.03,0.225757576,0.619665217,3.40119,1.68
Rb2HgRhF6,0.0,False,1.5,1.35,0.82,6,5.0,2,0.665,80.0,0.28,0.15,0.980325664,0,0,0,1,0.435,0.517509728,1.98,1.7,35,1.52,81.46429537,0.701268743,2.385,1.95,0.201515152,0.654608948,3.40119,2.14
Rb2HgIrF6,0.0,False,1.5,1.35,0.82,6,6.0,2,0.68,80.0,0.2,0.15,0.976945231,0,0,0,1,0.42,0.529182879,1.98,1.78,3,1.52,82.312875,0.698850575,2.385,1.965,0.206060606,0.647860455,3.40119,2.1
Rb2CuAuF6,0.0,False,1.35,1.35,0.82,4,6.0,2,0.85,29.0,0.64,0.0,1.014251015,0,0,0,1,0.08,0.661478599,2.08,1.44,50,1.52,73.560059,0.725536993,2.055,2.135,0.367965368,0.72494853,3.40119,2.22
Rb2GaCuF6,0.3578,False,1.35,1.3,0.82,4,4.0,2,0.62,29.0,0.09,0.05,1.073159534,0,0,0,1,0.15,0.482490272,2.08,2.17,2,1.52,62.099136,0.767676768,2.055,1.905,0.268398268,0.858743939,3.40119,1.855
Rb2YAuF6,1.5261,False,1.35,1.8,0.82,6,5.0,2,0.9,79.0,1.32,0.45,0.983729573,0,0,0,1,0.05,0.700389105,1.44,2.76,40,1.52,80.621568,0.703703704,2.135,2.185,0.352941176,0.661451495,3.40119,1.88
Rb2TlAuF6,0.0,False,1.9,1.35,0.82,6,6.0,2,0.85,81.0,0.92,0.55,0.863762552,0,0,0,1,0.65,0.661478599,2.36,1.44,2,1.52,119.095488,0.617886179,2.785,2.135,0.188888889,0.447768908,3.40119,2.08
Rb2TiAuF6,0.029,False,1.35,1.4,0.82,6,4.0,2,0.67,79.0,1.0,0.05,1.039049329,0,0,0,1,0.18,0.521400778,1.44,2.44,57,1.52,68.417929,0.743276284,2.135,1.955,0.262745098,0.77943395,3.40119,2.04
Rb2SbAuF6,0.7454,False,1.35,1.45,0.82,6,5.0,2,0.76,79.0,0.49,0.1,1.016677453,0,0,0,1,0.09,0.591439689,1.44,1.93,28,1.52,73.034632,0.727272727,2.135,2.045,0.298039216,0.730163968,3.40119,2.295
Rb2BiAuF6,1.3243,False,1.6,1.35,0.82,6,0.85,2,79.0,1.03,0.52,0.25,0.954991406,0,0,0,1,0.18,1.44,0.80155642,2.135,4,1.52,88.121125,0.683146067,1.96,2.315,0.403921569,0.6051586,3.40119,2.28
Rb2CeAgF6,0.0,False,1.6,1.85,0.82,5,6.0,2,1.01,47.0,0.81,0.25,0.898459145,0,0,0,1,0.14,0.785992218,2.05,2.86,11,1.52,105.823817,0.642706131,2.435,2.295,0.292753623,0.503924903,3.40119,1.525
Rb2HgSbF6,0.0,False,1.5,1.45,0.82,6,5.0,2,0.76,80.0,0.05,0.05,0.959302879,0,0,0,1,0.34,0.591439689,1.98,1.93,29,1.52,86.938307,0.686230248,2.385,2.045,0.23030303,0.613391939,3.40119,2.025
Rb2InHgF6,0.0,False,1.5,1.55,0.82,6,5.0,2,0.8,80.0,0.22,0.05,0.950718513,0,0,0,1,0.3,0.622568093,1.98,2.2,31,1.52,89.314623,0.680089485,2.385,2.085,0.242424242,0.597071956,3.40119,1.89
Rb2HgMoF6,0.0,False,1.5,1.45,0.82,6,5.0,2,0.69,80.0,0.16,0.05,0.974704531,0,0,0,1,0.41,0.536964981,1.98,1.82,38,1.52,82.881856,0.697247706,2.385,1.975,0.209090909,0.643412916,3.40119,2.08
Rb2CoHgF6,0.0,False,1.5,1.35,0.82,6,4.0,2,0.61,80.0,0.12,0.15,0.992923307,0,0,0,1,0.49,0.474708171,1.98,2.1,53,1.52,78.402752,0.710280374,2.385,1.895,0.184848485,0.680170725,3.40119,1.94
Rb2CrHgF6,0.0,False,1.5,1.4,0.82,6,4.0,2,0.615,80.0,0.34,0.1,0.991764704,0,0,0,1,0.485,0.478599222,1.98,2.32,56,1.52,78.67784913,0.709451575,2.385,1.9,0.186363636,0.677792508,3.40119,1.83
Rb2HgAsF6,0.0,False,1.5,1.15,0.82,6,4.0,2,0.58,80.0,0.18,0.35,0.999932178,0,0,0,1,0.52,0.451361868,1.98,1.8,47,1.52,76.765625,0.715294118,2.385,1.865,0.175757576,0.694676252,3.40119,2.09
Rb2HgBiF6,0.0,False,1.5,1.6,0.82,6,6.0,2,1.03,80.0,0.02,0.1,0.90419399,0,0,0,1,0.07,0.80155642,1.98,1.96,3,1.52,103.823,0.646808511,2.385,2.315,0.312121212,0.513636253,3.40119,2.01
Rb2AlHgF6,0.0,False,1.5,1.25,0.82,6,3.0,2,0.535,80.0,0.39,0.25,1.010632998,0,0,0,1,0.565,0.416342412,1.98,2.37,67,1.52,74.35291513,0.72294887,2.385,1.82,0.162121212,0.717218102,3.40119,1.805
Rb2CeCuF6,0.0,False,1.35,1.85,0.82,4,6.0,2,1.01,29.0,0.78,0.5,0.976945231,0,0,0,1,0.24,0.785992218,2.08,2.86,29,1.52,82.312875,0.698850575,2.055,2.295,0.437229437,0.647860455,3.40119,1.51
Rb2CuAsF6,1.0685,False,1.35,1.15,0.82,4,4.0,2,0.58,29.0,0.28,0.2,1.084110142,0,0,0,1,0.19,0.451361868,2.08,1.8,4,1.52,60.236288,0.775510204,2.055,1.865,0.251082251,0.885301177,3.40119,2.04
Rb2CuNiF6,0.0,False,1.35,1.35,0.82,4,4.0,2,0.6,29.0,0.01,0.0,1.078607044,0,0,0,1,0.17,0.46692607,2.08,2.07,1,1.52,61.162984,0.771573604,2.055,1.885,0.25974026,0.871887753,3.40119,1.905
Rb2HgAuF6,0.0,False,1.5,1.35,0.82,6,6.0,2,0.85,80.0,0.54,0.15,0.940201716,0,0,0,1,0.25,0.661478599,1.98,1.44,1,1.52,92.345408,0.672566372,2.385,2.135,0.257575758,0.577475998,3.40119,2.27
Rb2FeCuF6,0.5338,False,1.35,1.4,0.82,4,4.0,2,0.645,29.0,0.07,0.05,1.06642704,0,0,0,1,0.125,0.501945525,2.08,2.15,3,1.52,63.28269662,0.762860728,2.055,1.93,0.279220779,0.842683064,3.40119,1.865
Rb2MnHgF6,0.3673,False,1.5,1.4,0.82,6,4.0,2,0.645,80.0,0.45,0.1,0.984869468,0,0,0,1,0.455,0.501945525,1.98,2.43,55,1.52,80.34195587,0.704519119,2.385,1.93,0.195454545,0.663753528,3.40119,1.775
Rb2MnTlF6,0.0,False,1.9,1.4,0.82,6,4.0,2,0.645,81.0,0.07,0.5,0.901317445,0,0,0,1,0.855,0.501945525,2.36,2.43,56,1.52,104.8202259,0.644750795,2.785,1.93,0.143333333,0.508749683,3.40119,1.585
Rb2TlNiF6,0.0,False,1.9,1.35,0.82,6,4.0,2,0.6,81.0,0.29,0.55,0.910002517,0,0,0,1,0.9,0.46692607,2.36,2.07,53,1.52,101.847563,0.650963597,2.785,1.885,0.133333333,0.52359875,3.40119,1.765
Rb2TlFeF6,2.9912,False,1.9,1.4,0.82,6,4.0,2,0.645,81.0,0.21,0.5,0.901317445,0,0,0,1,0.855,0.501945525,2.36,2.15,55,1.52,104.8202259,0.644750795,2.785,1.93,0.143333333,0.508749683,3.40119,1.725
Rb2TlCoF6,2.0341,False,1.9,1.35,0.82,6,4.0,2,0.61,81.0,0.26,0.55,0.908058067,0,0,0,1,0.89,0.474708171,2.36,2.1,54,1.52,102.503232,0.64957265,2.785,1.895,0.135555556,0.520249514,3.40119,1.75
Rb2TlCrF6,4.1503,False,1.9,1.4,0.82,6,4.0,2,0.615,81.0,0.04,0.5,0.907088955,0,0,0,1,0.885,0.478599222,2.36,2.32,57,1.52,102.8321191,0.648879402,2.785,1.9,0.136666667,0.518585605,3.40119,1.64
Rb2AlTlF6,5.3013,False,1.9,1.25,0.82,6,3.0,2,0.535,81.0,0.01,0.65,0.922847287,0,0,0,1,0.965,0.416342412,2.36,2.37,68,1.52,97.65374513,0.660152009,2.785,1.82,0.118888889,0.546085115,3.40119,1.615
Rb2NaRuF6,0.0,False,1.8,1.3,0.82,3,5.0,2,0.68,11.0,1.27,0.5,0.995248655,0,0,0,1,0.34,0.529182879,3.05,1.78,33,1.52,77.854483,0.711943794,2.305,1.965,0.222222222,0.684960642,3.40119,1.565
Rb2NaIrF6,2.3345,True,1.8,1.35,0.82,3,6.0,2,0.68,11.0,1.27,0.45,0.995248655,0,0,0,1,0.34,0.529182879,3.05,1.78,66,1.52,77.854483,0.711943794,2.305,1.965,0.222222222,0.684960642,3.40119,1.565
Rb2NaAuF6,0.591,False,1.8,1.35,0.82,3,6.0,2,0.85,11.0,1.61,0.45,0.957142287,0,0,0,1,0.17,0.661478599,3.05,1.44,68,1.52,87.528384,0.684684685,2.305,2.135,0.277777778,0.609256726,3.40119,1.735
Rb2LiTlF6,3.4666,True,1.45,1.9,0.82,2,6.0,2,1.5,3.0,0.64,0.45,0.879857506,0,0,0,1,0.74,1.167315175,3.0,2.36,78,1.52,112.678587,0.629399586,2.045,2.785,0.657894737,0.473268773,3.40119,1.3
Rb2LiVF6,0.0,False,1.45,1.35,0.82,2,4.0,2,0.64,3.0,0.65,0.1,1.070456361,0,0,0,1,0.12,0.498054475,3.0,2.35,20,1.52,62.570773,0.765743073,2.045,1.925,0.280701754,0.852271022,3.40119,1.305
Rb2LiScF6,6.7042,True,1.45,1.6,0.82,2,4.0,2,0.745,3.0,0.38,0.15,1.04287405,0,0,0,1,0.015,0.579766537,3.0,2.62,18,1.52,67.66792187,0.74601227,2.045,2.03,0.326754386,0.788072918,3.40119,1.17
Rb2LiTiF6,0.0,False,1.45,1.4,0.82,2,4.0,2,0.67,3.0,0.56,0.05,1.062427939,0,0,0,1,0.09,0.521400778,3.0,2.44,19,1.52,64.0,0.76,2.045,1.955,0.293859649,0.833238385,3.40119,1.26
Rb2LiRuF6,0.0,False,1.45,1.3,0.82,2,5.0,2,0.68,3.0,1.22,0.15,1.059778493,0,0,0,1,0.08,0.529182879,3.0,1.78,41,1.52,64.481201,0.758104738,2.045,1.965,0.298245614,0.827020214,3.40119,1.59
Rb2LiRhF6,1.7225,True,1.45,1.35,0.82,2,5.0,2,0.665,3.0,1.3,0.1,1.063757636,0,0,0,1,0.095,0.517509728,3.0,1.7,42,1.52,63.76029988,0.760951189,2.045,1.95,0.291666667,0.836370857,3.40119,1.63
Rb2LiNiF6,0.0,False,1.45,1.35,0.82,2,4.0,2,0.6,3.0,0.93,0.1,1.081351592,0,0,0,1,0.16,0.46692607,3.0,2.07,25,1.52,60.698457,0.773536896,2.045,1.885,0.263157895,0.878560334,3.40119,1.445
Rb2LiIrF6,2.024,True,1.45,1.35,0.82,2,6.0,2,0.68,3.0,1.22,0.1,1.059778493,0,0,0,1,0.08,0.529182879,3.0,1.78,74,1.52,64.481201,0.758104738,2.045,1.965,0.298245614,0.827020214,3.40119,1.59
Rb2LiMnF6,0.0,False,1.45,1.4,0.82,2,4.0,2,0.645,3.0,0.57,0.05,1.069109875,0,0,0,1,0.115,0.501945525,3.0,2.43,22,1.52,62.80748437,0.764779874,2.045,1.93,0.282894737,0.849058949,3.40119,1.265
Rb2LiGaF6,5.9815,True,1.45,1.3,0.82,2,4.0,2,0.62,3.0,0.83,0.15,1.075876394,0,0,0,1,0.14,0.482490272,3.0,2.17,28,1.52,61.629875,0.769620253,2.045,1.905,0.271929825,0.865282571,3.40119,1.395
Rb2LiInF6,5.2622,True,1.45,1.55,0.82,2,5.0,2,0.8,3.0,0.8,0.1,1.028985897,0,0,0,1,0.04,0.622568093,3.0,2.2,46,1.52,70.444997,0.736077482,2.045,2.085,0.350877193,0.757005592,3.40119,1.38
Rb2LiAuF6,0.4775,True,1.45,1.35,0.82,2,6.0,2,0.85,3.0,1.56,0.1,1.016677453,0,0,0,1,0.09,0.661478599,3.0,1.44,76,1.52,73.034632,0.727272727,2.045,2.135,0.372807018,0.730163968,3.40119,1.76
Rb2LiCoF6,2.8411,True,1.45,1.35,0.82,2,4.0,2,0.61,3.0,0.9,0.1,1.078607044,0,0,0,1,0.15,0.474708171,3.0,2.1,24,1.52,61.162984,0.771573604,2.045,1.895,0.26754386,0.871887753,3.40119,1.43
Rb2LiAlF6,7.248,True,1.45,1.25,0.82,2,3.0,2,0.535,3.0,0.63,0.2,1.099537323,0,0,0,1,0.225,0.416342412,3.0,2.37,10,1.52,57.73623962,0.786545925,2.045,1.82,0.234649123,0.923635779,3.40119,1.295
Rb2LiAsF6,4.5851,False,1.45,1.15,0.82,2,4.0,2,0.58,3.0,1.2,0.3,1.086882802,0,0,0,1,0.18,0.451361868,3.0,1.8,30,1.52,59.776471,0.777493606,2.045,1.865,0.254385965,0.892111156,3.40119,1.58
Rb2AlInF6,4.2021,False,1.55,1.25,0.82,5,3.0,2,0.535,49.0,0.17,0.3,1.088274457,0,0,0,1,0.265,0.416342412,2.2,2.37,36,1.52,59.54744262,0.778489117,2.085,1.82,0.222916667,0.895542349,3.40119,1.695
Rb2FeHgF6,0.0,False,1.5,1.4,0.82,6,4.0,2,0.645,80.0,0.17,0.1,0.984869468,0,0,0,1,0.455,0.501945525,1.98,2.15,54,1.52,80.34195587,0.704519119,2.385,1.93,0.195454545,0.663753528,3.40119,1.915
Rb2GaHgF6,0.0,False,1.5,1.3,0.82,6,4.0,2,0.62,80.0,0.19,0.2,0.990608801,0,0,0,1,0.48,0.482490272,1.98,2.17,49,1.52,78.953589,0.708624709,2.385,1.905,0.187878788,0.675425365,3.40119,1.905
Rb2VCuF6,0.0,False,1.35,1.35,0.82,4,4.0,2,0.64,29.0,0.27,0.0,1.067766773,0,0,0,1,0.13,0.498054475,2.08,2.35,6,1.52,63.044792,0.763819095,2.055,1.925,0.277056277,0.845862996,3.40119,1.765
Rb2TlCuF6,0.0,False,1.35,1.9,0.82,6,1.5,2,81.0,0.77,0.28,0.55,0.878039619,0,0,0,1,0.73,2.36,0.59922179,2.785,52,1.52,113.379904,0.628099174,2.08,2.055,0.171111111,0.470341346,3.40119,1.76
Rb2CuRuF6,0.0,False,1.35,1.3,0.82,4,5.0,2,0.68,29.0,0.3,0.05,1.057142228,0,0,0,1,0.09,0.529182879,2.08,1.78,15,1.52,64.964808,0.756218905,2.055,1.965,0.294372294,0.820863762,3.40119,2.05
Rb2ScCuF6,1.479,False,1.35,1.6,0.82,4,4.0,2,0.745,29.0,0.54,0.25,1.040321115,0,0,0,1,0.025,0.579766537,2.08,2.62,8,1.52,68.16731413,0.744186047,2.055,2.03,0.322510823,0.782299513,3.40119,1.63
Rb2PrCuF6,0.6483,False,1.35,1.85,0.82,4,6.0,2,0.99,29.0,0.77,0.5,0.98145768,0,0,0,1,0.22,0.770428016,2.08,2.85,30,1.52,81.182737,0.702078522,2.055,2.275,0.428571429,0.656879266,3.40119,1.515
Rb2InCuF6,0.0,False,1.35,1.55,0.82,4,5.0,2,0.8,29.0,0.12,0.2,1.026500424,0,0,0,1,0.03,0.622568093,2.08,2.2,20,1.52,70.957944,0.734299517,2.055,2.085,0.346320346,0.751533284,3.40119,1.84
Rb2MnCuF6,0.0,False,1.35,1.4,0.82,4,4.0,2,0.645,29.0,0.35,0.05,1.06642704,0,0,0,1,0.125,0.501945525,2.08,2.43,4,1.52,63.28269662,0.762860728,2.055,1.93,0.279220779,0.842683064,3.40119,1.725
Rb2CuBiF6,0.9599,False,1.35,1.6,0.82,4,6.0,2,1.03,29.0,0.12,0.25,0.972474086,0,0,0,1,0.26,0.80155642,2.08,1.96,54,1.52,83.453453,0.695652174,2.055,2.315,0.445887446,0.639005994,3.40119,1.96
Rb2AlCuF6,1.2713,False,1.35,1.25,0.82,4,3.0,2,0.535,29.0,0.29,0.1,1.096699808,0,0,0,1,0.235,0.416342412,2.08,2.37,16,1.52,58.18554688,0.784516129,2.055,1.82,0.231601732,0.916503488,3.40119,1.755
Rb2TlVF6,0.0,False,1.9,1.35,0.82,6,4.0,2,0.64,81.0,0.01,0.55,0.902274258,0,0,0,1,0.86,0.498054475,2.36,2.35,58,1.52,104.487111,0.645435244,2.785,1.925,0.142222222,0.510371625,3.40119,1.625
Rb2TiTlF6,0.0,False,1.9,1.4,0.82,6,4.0,2,0.67,81.0,0.08,0.5,0.896563661,0,0,0,1,0.83,0.521400778,2.36,2.44,59,1.52,106.496424,0.641350211,2.785,1.955,0.148888889,0.500742228,3.40119,1.58
Rb2TlRuF6,0.0,False,1.9,1.3,0.82,6,5.0,2,0.68,81.0,0.58,0.6,0.894676159,0,0,0,1,0.82,0.529182879,2.36,1.78,37,1.52,107.171875,0.64,2.785,1.965,0.151111111,0.497586299,3.40119,1.91
Rb2ScTlF6,4.9059,True,1.9,1.6,0.82,6,4.0,2,0.745,81.0,0.26,0.3,0.882598495,0,0,0,1,0.755,0.579766537,2.36,2.62,60,1.52,111.6320434,0.631360332,2.785,2.03,0.165555556,0.477705639,3.40119,1.49
Rb2TlRhF6,1.9393,False,1.9,1.35,0.82,6,5.0,2,0.665,81.0,0.66,0.55,0.897510402,0,0,0,1,0.835,0.517509728,2.36,1.7,36,1.52,106.1597654,0.642027455,2.785,1.95,0.147777778,0.502330205,3.40119,1.95
Rb2TlIrF6,2.2131,False,1.9,1.35,0.82,6,6.0,2,0.68,81.0,0.58,0.55,0.894676159,0,0,0,1,0.82,0.529182879,2.36,1.78,4,1.52,107.171875,0.64,2.785,1.965,0.151111111,0.497586299,3.40119,1.91
Rb2TlMoF6,3.8485,False,1.9,1.45,0.82,6,5.0,2,0.69,81.0,0.54,0.45,0.892796587,0,0,0,1,0.81,0.536964981,2.36,1.82,39,1.52,107.850176,0.638655462,2.785,1.975,0.153333333,0.494456835,3.40119,1.89
Rb2TlAsF6,2.7163,True,1.9,1.15,0.82,6,4.0,2,0.58,81.0,0.56,0.75,0.913916506,0,0,0,1,0.92,0.451361868,2.36,1.8,48,1.52,100.544625,0.653763441,2.785,1.865,0.128888889,0.530383963,3.40119,1.9
Rb2ScInF6,3.8447,True,1.55,1.6,0.82,5,4.0,2,0.745,49.0,0.42,0.05,1.032736757,0,0,0,1,0.055,0.579766537,2.2,2.62,28,1.52,69.68022088,0.738760632,2.085,2.03,0.310416667,0.765314116,3.40119,1.57
Rb2YHgF6,0.0,False,1.5,1.8,0.82,6,5.0,2,0.9,80.0,0.78,0.3,0.929915045,0,0,0,1,0.2,0.700389105,1.98,2.76,41,1.52,95.443993,0.665207877,2.385,2.185,0.272727273,0.558728266,3.40119,1.61
Rb2InAsF6,2.0591,True,1.55,1.15,0.82,4,0.58,2,33.0,0.8,0.4,0.4,1.075876394,0,0,0,1,0.22,1.8,0.622568093,1.865,16,1.52,61.629875,0.769620253,2.2,2.085,0.459770115,0.865282571,3.40119,1.98
Rb2TlHgF6,0.0,False,1.5,1.9,0.82,6,1.5,2,81.0,1.1,0.38,0.4,0.821994537,0,0,0,1,0.4,2.36,0.856031128,2.785,1,1.52,138.188413,0.588007737,1.98,2.385,0.244444444,0.385902519,3.40119,1.81
Rb2TlSbF6,2.807,False,1.9,1.45,0.82,6,5.0,2,0.76,81.0,0.43,0.45,0.879857506,0,0,0,1,0.74,0.591439689,2.36,1.93,30,1.52,112.678587,0.629399586,2.785,2.045,0.168888889,0.473268773,3.40119,1.835
Rb2YTlF6,4.6661,False,1.9,1.8,0.82,6,5.0,2,0.9,81.0,0.4,0.1,0.855072788,0,0,0,1,0.6,0.700389105,2.36,2.76,42,1.52,122.763473,0.61167002,2.785,2.185,0.2,0.434390258,3.40119,1.42
Rb2TlBiF6,3.3382,False,1.9,1.6,0.82,6,6.0,2,1.03,81.0,0.4,0.3,0.833276815,0,0,0,1,0.47,0.80155642,2.36,1.96,2,1.52,132.651,0.596078431,2.785,2.315,0.228888889,0.40201172,3.40119,1.82
Rb2InSbF6,2.232,True,1.55,1.45,0.82,5,0.76,2,51.0,0.8,0.27,0.1,1.028985897,0,0,0,1,0.04,1.93,0.622568093,2.045,2,1.52,70.444997,0.736077482,2.2,2.085,0.350877193,0.757005592,3.40119,1.915
Rb2YInF6,3.673,False,1.55,1.8,0.82,5,5.0,2,0.9,49.0,0.56,0.25,0.995248655,0,0,0,1,0.1,0.700389105,2.2,2.76,10,1.52,77.854483,0.711943794,2.085,2.185,0.375,0.684960642,3.40119,1.5
Rb2VHgF6,0.0036,True,1.5,1.35,0.82,6,4.0,2,0.64,80.0,0.37,0.15,0.986012008,0,0,0,1,0.46,0.498054475,1.98,2.35,57,1.52,80.062991,0.705336427,2.385,1.925,0.193939394,0.666066256,3.40119,1.815
Rb2InBiF6,2.5538,True,1.55,1.6,0.82,6,1.03,2,83.0,0.8,0.24,0.05,0.965843581,0,0,0,1,0.23,1.96,0.622568093,2.315,34,1.52,85.184,0.690909091,2.2,2.085,0.258899676,0.626024332,3.40119,1.9
Rb2TiHgF6,2.3262,True,1.5,1.4,0.82,6,4.0,2,0.67,80.0,0.46,0.1,0.979196257,0,0,0,1,0.43,0.521400778,1.98,2.44,58,1.52,81.746504,0.700460829,2.385,1.955,0.203030303,0.65234908,3.40119,1.77
Rb2HgRuF6,0.0,False,1.5,1.3,0.82,6,5.0,2,0.68,80.0,0.2,0.2,0.976945231,0,0,0,1,0.42,0.529182879,1.98,1.78,36,1.52,82.312875,0.698850575,2.385,1.965,0.206060606,0.647860455,3.40119,2.1
Rb2NaTbF6,6.4622,True,1.8,1.75,0.82,3,6.0,2,0.923,11.0,0.17,0.05,0.941660039,0,0,0,1,0.097,0.718287938,3.05,2.88,54,1.52,91.9170337,0.673609572,2.305,2.208,0.301633987,0.580167293,3.40119,1.015
Rb2NaYbF6,0.0,False,1.8,1.75,0.82,3,6.0,2,0.868,11.0,0.17,0.05,0.953277648,0,0,0,1,0.152,0.675486381,3.05,2.88,59,1.52,88.59723991,0.681920144,2.305,2.153,0.283660131,0.601906523,3.40119,1.015
Rb2NaSmF6,6.3067,True,1.8,1.85,0.82,3,6.0,2,0.958,11.0,0.24,0.05,0.934413315,0,0,0,1,0.062,0.745525292,3.05,2.81,51,1.52,94.07221459,0.668425682,2.305,2.243,0.313071895,0.566875744,3.40119,1.05
Rb2NaErF6,6.4981,True,1.8,1.75,0.82,3,6.0,2,0.89,11.0,0.31,0.05,0.948596374,0,0,0,1,0.13,0.692607004,3.05,2.74,57,1.52,89.915392,0.678571429,2.305,2.175,0.290849673,0.593082624,3.40119,1.085
Rb2NaYF6,6.4476,True,1.8,1.8,0.82,3,5.0,2,0.9,11.0,0.29,0.0,0.946483687,0,0,0,1,0.12,0.700389105,3.05,2.76,28,1.52,90.518849,0.677060134,2.305,2.185,0.294117647,0.589128753,3.40119,1.075
Rb2NaRhF6,1.957,True,1.8,1.35,0.82,3,5.0,2,0.665,11.0,1.35,0.45,0.998757169,0,0,0,1,0.355,0.517509728,3.05,1.7,34,1.52,77.03688138,0.714453584,2.305,1.95,0.217320261,0.692230211,3.40119,1.605
Rb2NaTiF6,0.0,False,1.8,1.4,0.82,3,4.0,2,0.67,11.0,0.61,0.4,0.997584919,0,0,0,1,0.35,0.521400778,3.05,2.44,11,1.52,77.308776,0.713615023,2.305,1.955,0.218954248,0.689795641,3.40119,1.235
Rb2NaNiF6,0.0,False,1.8,1.35,0.82,3,4.0,2,0.6,11.0,0.98,0.45,1.014251015,0,0,0,1,0.42,0.46692607,3.05,2.07,17,1.52,73.560059,0.725536993,2.305,1.885,0.196078431,0.72494853,3.40119,1.42
Rb2NaFeF6,4.1186,False,1.8,1.4,0.82,3,4.0,2,0.645,11.0,0.9,0.4,1.00347385,0,0,0,1,0.375,0.501945525,3.05,2.15,15,1.52,75.95567787,0.717827627,2.305,1.93,0.210784314,0.702083875,3.40119,1.38
Rb2NaCoF6,0.0,False,1.8,1.35,0.82,3,4.0,2,0.61,11.0,0.95,0.45,1.011836132,0,0,0,1,0.41,0.474708171,3.05,2.1,16,1.52,74.088,0.723809524,2.305,1.895,0.199346405,0.719782646,3.40119,1.405
Rb2NaBiF6,4.9249,False,1.8,1.6,0.82,3,6.0,2,1.03,11.0,1.09,0.2,0.919851029,0,0,0,1,0.01,0.80155642,3.05,1.96,72,1.52,98.611128,0.658008658,2.305,2.315,0.336601307,0.540783355,3.40119,1.475
Rb2NaVF6,0.0,False,1.8,1.35,0.82,3,4.0,2,0.64,11.0,0.7,0.45,1.004659989,0,0,0,1,0.38,0.498054475,3.05,2.35,12,1.52,75.686967,0.718676123,2.305,1.925,0.209150327,0.704576478,3.40119,1.28
Rb2NaCrF6,4.1608,True,1.8,1.4,0.82,3,4.0,2,0.615,11.0,0.73,0.4,1.010632998,0,0,0,1,0.405,0.478599222,3.05,2.32,13,1.52,74.35291513,0.72294887,2.305,1.9,0.200980392,0.717218102,3.40119,1.295
Rb2NaMoF6,4.1434,False,1.8,1.45,0.82,3,5.0,2,0.69,11.0,1.23,0.35,0.992923307,0,0,0,1,0.33,0.536964981,3.05,1.82,31,1.52,78.402752,0.710280374,2.305,1.975,0.225490196,0.680170725,3.40119,1.545
Rb2NaGaF6,5.9026,True,1.8,1.3,0.82,3,4.0,2,0.62,11.0,0.88,0.5,1.009432721,0,0,0,1,0.4,0.482490272,3.05,2.17,20,1.52,74.618461,0.722090261,2.305,1.905,0.202614379,0.714665727,3.40119,1.37
Rb2NaAsF6,4.543,False,1.8,1.15,0.82,3,4.0,2,0.58,11.0,1.25,0.65,1.019115529,0,0,0,1,0.44,0.451361868,3.05,1.8,22,1.52,72.511713,0.729016787,2.305,1.865,0.189542484,0.735429553,3.40119,1.555
Rb2TlInF6,3.6593,False,1.9,1.55,0.82,6,5.0,2,0.8,81.0,0.16,0.35,0.87263075,0,0,0,1,0.7,0.622568093,2.36,2.2,32,1.52,115.501303,0.624229979,2.785,2.085,0.177777778,0.461702641,3.40119,1.7
Rb2NaSbF6,4.1249,False,1.8,1.45,0.82,3,5.0,2,0.76,11.0,1.12,0.35,0.976945231,0,0,0,1,0.26,0.591439689,3.05,1.93,40,1.52,82.312875,0.698850575,2.305,2.045,0.248366013,0.647860455,3.40119,1.49
Rb2NaTlF6,3.6281,True,1.8,1.9,0.82,3,6.0,2,1.5,11.0,0.69,0.1,0.834913901,0,0,0,1,0.48,1.167315175,3.05,2.36,70,1.52,131.872229,0.597249509,2.305,2.785,0.490196078,0.404385799,3.40119,1.275
Rb2TlGaF6,4.4038,False,1.9,1.3,0.82,6,4.0,2,0.62,81.0,0.19,0.6,0.906121909,0,0,0,1,0.88,0.482490272,2.36,2.17,50,1.52,103.161709,0.648187633,2.785,1.905,0.137777778,0.516928783,3.40119,1.715
Rb2InGaF6,3.2609,False,1.3,1.55,0.82,4,5.0,2,0.8,31.0,0.03,0.25,1.065090665,0,0,0,1,0.18,0.622568093,2.17,2.2,18,1.52,63.521199,0.761904762,1.905,2.085,0.430107527,0.83951905,3.40119,1.795
Rb2NaInF6,5.2472,True,1.8,1.55,0.82,3,5.0,2,0.8,11.0,0.85,0.25,0.96804368,0,0,0,1,0.22,0.622568093,3.05,2.2,38,1.52,84.604519,0.692482916,2.305,2.085,0.261437908,0.630312155,3.40119,1.355
Rb2NaHoF6,6.5281,False,1.8,1.75,0.82,3,6.0,2,0.901,11.0,0.3,0.05,0.946272936,0,0,0,1,0.119,0.701167315,3.05,2.75,56,1.52,90.57934277,0.676909374,2.305,2.186,0.294444444,0.588735301,3.40119,1.08
Cs2NaUBr6,0.1882,True,1.8,1.75,0.79,3,7.0,4,1.025,11.0,0.45,0.05,0.91040739,0,1,0,0,0.005,0.522959184,2.03,1.58,81,1.67,212.2420071,0.559932942,2.98,2.985,0.33496732,0.891613693,3.36359,1.155
Cs2AgBiBr6,1.3547,False,1.6,1.6,0.79,5,6.0,4,1.03,47.0,0.09,0.0,0.890259029,0,1,0,0,0.12,0.525510204,1.03,0.94,36,1.67,226.981,0.547540984,3.11,2.99,0.298550725,0.83371683,3.36359,1.975
Cs2NaLaBr6,3.8471,True,1.8,1.95,0.79,3,6.0,4,1.032,11.0,0.17,0.15,0.909340268,0,1,0,0,0.012,0.526530612,2.03,1.86,46,1.67,212.99009,0.559276624,2.98,2.992,0.337254902,0.888482088,3.36359,1.015
Cs2NaAuBr6,0.0,False,1.8,1.35,0.79,3,6.0,4,0.85,11.0,1.61,0.45,0.937924021,0,1,0,0,0.17,0.433673469,2.03,0.42,68,1.67,194.104539,0.576856649,2.98,2.81,0.277777778,0.974927639,3.36359,1.735
Cs2NaAsBr6,2.559,False,1.8,1.15,0.79,3,4.0,4,0.58,11.0,1.25,0.65,0.983800739,0,1,0,0,0.44,0.295918367,2.03,0.78,22,1.67,168.196608,0.605072464,2.98,2.54,0.189542484,1.125099264,3.36359,1.555
Cs2NaGaBr6,1.6072,True,1.8,1.3,0.79,3,4.0,4,0.62,11.0,0.88,0.5,0.976723036,0,1,0,0,0.4,0.316326531,2.03,1.15,20,1.67,171.879616,0.600719424,2.98,2.58,0.202614379,1.100990823,3.36359,1.37
Cs2LiYBr6,4.0508,True,1.45,1.8,0.79,2,5.0,4,0.9,3.0,0.24,0.35,0.973222236,0,1,0,0,0.14,0.459183673,1.98,1.74,36,1.67,173.741112,0.598566308,2.72,2.86,0.394736842,1.089194594,3.36359,1.1
Cs2LiSbBr6,2.3396,False,1.45,1.45,0.79,2,5.0,4,0.76,3.0,1.07,0.0,0.998268397,0,1,0,0,0.0,0.387755102,1.98,0.91,48,1.67,160.989184,0.613970588,2.72,2.72,0.333333333,1.175469526,3.36359,1.515
Cs2LiPrBr6,3.9721,True,1.45,1.85,0.79,2,6.0,4,0.99,3.0,0.15,0.4,0.957774264,0,1,0,0,0.23,0.505102041,1.98,1.83,56,1.67,182.284263,0.589065256,2.72,2.95,0.434210526,1.038147105,3.36359,1.055
Cs2LiNdBr6,3.9972,True,1.45,1.85,0.79,2,6.0,4,0.983,3.0,0.16,0.4,0.958958163,0,1,0,0,0.223,0.501530612,1.98,1.82,57,1.67,181.6099692,0.589793396,2.72,2.943,0.431140351,1.042001607,3.36359,1.06
Cs2LiMoBr6,1.2684,True,1.45,1.45,0.79,2,5.0,4,0.69,3.0,1.18,0.0,1.011281207,0,1,0,0,0.07,0.352040816,1.98,0.8,39,1.67,154.854153,0.621973929,2.72,2.65,0.302631579,1.222039424,3.36359,1.57
Cs2LiCeBr6,0.2909,False,1.45,1.85,0.79,2,6.0,4,1.01,3.0,0.14,0.4,0.954407747,0,1,0,0,0.25,0.515306122,1.98,1.84,55,1.67,184.220009,0.586994728,2.72,2.97,0.442982456,1.027238468,3.36359,1.05
Cs2LiBiBr6,2.9154,False,1.45,1.6,0.79,2,6.0,4,1.03,3.0,1.04,0.15,0.951064813,0,1,0,0,0.27,0.525510204,1.98,0.94,80,1.67,186.169411,0.584938704,2.72,2.99,0.451754386,1.016482132,3.36359,1.5
Cs2YCuBr6,2.0386,False,1.35,1.8,0.79,4,5.0,4,0.9,29.0,0.68,0.45,0.971481231,0,1,0,0,0.13,0.459183673,1.06,1.74,10,1.67,174.676879,0.597495528,2.73,2.86,0.38961039,1.083359635,3.36359,1.56
Cs2CuSbBr6,0.4006,False,1.35,1.45,0.79,4,5.0,4,0.76,29.0,0.15,0.1,0.996436712,0,1,0,0,0.01,0.387755102,1.06,0.91,22,1.67,161.878625,0.612844037,2.73,2.72,0.329004329,1.169010917,3.36359,1.975
Cs2NdCuBr6,2.2431,False,1.35,1.85,0.79,4,6.0,4,0.983,29.0,0.76,0.5,0.957267774,0,1,0,0,0.213,0.501530612,1.06,1.82,31,1.67,182.5737562,0.588753746,2.73,2.943,0.425541126,1.036500994,3.36359,1.52
Cs2YTlBr6,3.6928,True,1.9,1.8,0.79,6,5.0,4,0.9,81.0,0.4,0.1,0.859269,0,1,0,0,0.6,0.459183673,1.34,1.74,42,1.67,252.435968,0.528481013,3.46,2.86,0.2,0.749647054,3.36359,1.42
Cs2TlSbBr6,1.2294,True,1.9,1.45,0.79,6,5.0,4,0.76,81.0,0.43,0.45,0.878734641,0,1,0,0,0.74,0.387755102,1.34,0.91,30,1.67,236.029032,0.540453074,3.46,2.72,0.168888889,0.801756793,3.36359,1.835
Cs2TlAsBr6,1.2314,True,1.9,1.15,0.79,6,4.0,4,0.58,81.0,0.56,0.75,0.90509668,0,1,0,0,0.92,0.295918367,1.34,0.78,48,1.67,216.0,0.556666667,3.46,2.54,0.128888889,0.876101296,3.36359,1.9
Cs2RbYBr6,4.1715,True,2.35,1.8,0.79,5,5.0,4,0.9,37.0,0.4,0.55,0.856558372,0,1,0,0,0.62,0.459183673,2.14,1.74,2,1.67,254.840104,0.52681388,3.48,2.86,0.197368421,0.742574959,3.36359,1.02
Cs2RbTlBr6,1.5133,True,2.35,1.9,0.79,5,6.0,4,1.5,37.0,0.8,0.45,0.782504334,0,1,0,0,0.02,0.765306122,2.14,1.34,44,1.67,334.255384,0.481268012,3.48,3.46,0.328947368,0.566147589,3.36359,1.22
Cs2RbScBr6,3.2725,False,2.35,1.6,0.79,5,4.0,4,0.745,37.0,0.54,0.75,0.878024265,0,1,0,0,0.775,0.380102041,2.14,1.6,16,1.67,236.6023816,0.540016168,3.48,2.705,0.163377193,0.799813926,3.36359,1.09
Cs2RbSbBr6,2.841,True,2.35,1.45,0.79,5,5.0,4,0.76,37.0,1.23,0.9,0.875900013,0,1,0,0,0.76,0.387755102,2.14,0.91,14,1.67,238.328,0.538709677,3.48,2.72,0.166666667,0.794022859,3.36359,1.435
Cs2RbBiBr6,3.4129,True,2.35,1.6,0.79,5,6.0,4,1.03,37.0,1.2,0.75,0.839347771,0,1,0,0,0.49,0.525510204,2.14,0.94,46,1.67,270.840023,0.516228748,3.48,2.99,0.225877193,0.698707221,3.36359,1.42
Cs2RbAsBr6,2.8942,True,2.35,1.15,0.79,5,4.0,4,0.58,37.0,1.36,1.2,0.902089714,0,1,0,0,0.94,0.295918367,2.14,0.78,4,1.67,218.167208,0.554817276,3.48,2.54,0.127192982,0.867398367,3.36359,1.5
Cs2NaTlBr6,1.0093,True,1.8,1.9,0.79,3,6.0,4,1.5,11.0,0.69,0.1,0.843257776,0,1,0,0,0.48,0.765306122,2.03,1.34,70,1.67,267.089984,0.51863354,2.98,3.46,0.490196078,0.708517321,3.36359,1.275
Cs2NaSbBr6,2.556,False,1.8,1.45,0.79,3,5.0,4,0.76,11.0,1.12,0.35,0.952733347,0,1,0,0,0.26,0.387755102,2.03,0.91,40,1.67,185.193,0.585964912,2.98,2.72,0.248366013,1.02184143,3.36359,1.49
Cs2NaNdBr6,4.1254,True,1.8,1.85,0.79,3,6.0,4,0.983,11.0,0.21,0.05,0.91686309,0,1,0,0,0.037,0.501530612,2.03,1.82,49,1.67,207.7902655,0.563903427,2.98,2.943,0.32124183,0.91071581,3.36359,1.035
Cs2NaPrBr6,4.1252,True,1.8,1.85,0.79,3,6.0,4,0.99,11.0,0.2,0.05,0.915780789,0,1,0,0,0.03,0.505102041,2.03,1.83,48,1.67,208.527857,0.563237774,2.98,2.95,0.323529412,0.907494483,3.36359,1.03
Cs2CuMoBr6,0.3989,True,1.35,1.45,0.79,4,5.0,4,0.69,29.0,0.26,0.1,1.009401502,0,1,0,0,0.08,0.352040816,1.06,0.8,13,1.67,155.720872,0.620817844,2.73,2.65,0.298701299,1.215237736,3.36359,2.03
Cs2CuBiBr6,0.8439,False,1.35,1.6,0.79,4,6.0,4,1.03,29.0,0.12,0.25,0.949402112,0,1,0,0,0.26,0.525510204,1.06,0.94,54,1.67,187.149248,0.583916084,2.73,2.99,0.445887446,1.011160247,3.36359,1.96
Cs2YAgBr6,3.335,False,1.6,1.8,0.79,5,5.0,4,0.9,47.0,0.71,0.2,0.909644904,0,1,0,0,0.25,0.459183673,1.03,1.74,8,1.67,212.776173,0.559463987,3.11,2.86,0.260869565,0.889375334,3.36359,1.575
Cs2TlGaBr6,1.7459,False,1.9,1.3,0.79,6,4.0,4,0.62,81.0,0.19,0.6,0.899102662,0,1,0,0,0.88,0.316326531,1.34,1.15,50,1.67,220.348864,0.552980132,3.46,2.58,0.137777778,0.858810327,3.36359,1.715
Cs2ScTlBr6,3.1371,True,1.9,1.6,0.79,6,4.0,4,0.745,81.0,0.26,0.3,0.880872681,0,1,0,0,0.755,0.380102041,1.34,1.6,60,1.67,234.3145421,0.541768045,3.46,2.705,0.165555556,0.807623283,3.36359,1.49
Cs2TlBiBr6,1.7359,True,1.9,1.6,0.79,6,6.0,4,1.03,81.0,0.4,0.3,0.8419504,0,1,0,0,0.47,0.525510204,1.34,0.94,2,1.67,268.336125,0.517829457,3.46,2.99,0.228888889,0.705226998,3.36359,1.82
Cs2TlAuBr6,0.0,False,1.9,1.35,0.79,6,6.0,4,0.85,81.0,0.92,0.55,0.866121225,0,1,0,0,0.65,0.433673469,1.34,0.42,2,1.67,246.491883,0.532695375,3.46,2.81,0.188888889,0.76772459,3.36359,2.08
Cs2AlTlBr6,2.9426,False,1.9,1.25,0.79,6,3.0,4,0.535,81.0,0.01,0.65,0.911936201,0,1,0,0,0.965,0.272959184,1.34,1.35,68,1.67,211.1763589,0.560873216,3.46,2.495,0.118888889,0.896112997,3.36359,1.615
Cs2RbGaBr6,2.1399,True,2.35,1.3,0.79,5,4.0,4,0.62,37.0,0.99,1.05,0.896135327,0,1,0,0,0.9,0.316326531,2.14,1.15,6,1.67,222.545016,0.551155116,3.48,2.58,0.135964912,0.850335286,3.36359,1.315
Cs2RbAuBr6,0.0208,False,2.35,1.35,0.79,5,6.0,4,0.85,37.0,1.72,1.0,0.863367262,0,1,0,0,0.67,0.433673469,2.14,0.42,42,1.67,248.858189,0.53100159,3.48,2.81,0.186403509,0.760424564,3.36359,1.68
Cs2RbAlBr6,3.2239,True,2.35,1.25,0.79,5,3.0,4,0.535,37.0,0.79,1.1,0.908883695,0,1,0,0,0.985,0.272959184,2.14,1.35,24,1.67,213.3112344,0.558995816,3.48,2.495,0.117324561,0.88714446,3.36359,1.215
Cs2NaScBr6,3.1061,False,1.8,1.6,0.79,3,4.0,4,0.745,11.0,0.43,0.2,0.955247156,0,1,0,0,0.275,0.380102041,2.03,1.6,10,1.67,183.7347941,0.587510994,2.98,2.705,0.243464052,1.029951244,3.36359,1.145
Cs2KGaBr6,2.1255,True,2.2,1.3,0.79,4,4.0,4,0.62,19.0,0.99,0.9,0.917327716,0,1,0,0,0.76,0.316326531,2.14,1.15,12,1.67,207.474688,0.564189189,3.34,2.58,0.149758454,0.912101046,3.36359,1.315
Cs2InGaBr6,1.244,False,1.3,1.55,0.79,4,5.0,4,0.8,31.0,0.03,0.25,1.016962562,0,1,0,0,0.18,0.408163265,1.15,1.18,18,1.67,152.273304,0.625468165,2.58,2.76,0.430107527,1.242751519,3.36359,1.795
Cs2AlHgBr6,0.0,False,1.5,1.25,0.79,6,3.0,4,0.535,80.0,0.39,0.25,0.977602175,0,1,0,0,0.565,0.272959184,0.96,1.35,67,1.67,171.4163289,0.601260126,3.06,2.495,0.162121212,1.103966472,3.36359,1.805
Cs2ScHgBr6,0.0,False,1.5,1.6,0.79,6,4.0,4,0.745,80.0,0.64,0.1,0.941991341,0,1,0,0,0.355,0.380102041,0.96,1.6,59,1.67,191.6010721,0.579358196,3.06,2.705,0.225757576,0.98766608,3.36359,1.68
Cs2ScAuBr6,1.7173,False,1.35,1.6,0.79,6,4.0,4,0.745,79.0,1.18,0.25,0.984692671,0,1,0,0,0.105,0.380102041,0.42,1.6,58,1.67,167.7399659,0.605621034,2.81,2.705,0.292156863,1.128162146,3.36359,1.95
Cs2AsAuBr6,0.0,False,1.35,1.15,0.79,6,4.0,4,0.58,79.0,0.36,0.2,1.015061697,0,1,0,0,0.27,0.295918367,0.42,0.78,46,1.67,153.130375,0.624299065,2.81,2.54,0.22745098,1.235795836,3.36359,2.36
Cs2NaBiBr6,3.1775,False,1.8,1.6,0.79,3,6.0,4,1.03,11.0,1.09,0.2,0.909644904,0,1,0,0,0.01,0.525510204,2.03,0.94,72,1.67,212.776173,0.559463987,2.98,2.99,0.336601307,0.889375334,3.36359,1.475
Cs2LiTlBr6,0.5505,True,1.45,1.9,0.79,2,6.0,4,1.5,3.0,0.64,0.45,0.878734641,0,1,0,0,0.74,0.765306122,1.98,1.34,78,1.67,236.029032,0.540453074,2.72,3.46,0.657894737,0.801756793,3.36359,1.3
Cs2KPrBr6,4.2336,True,2.2,1.85,0.79,4,6.0,4,0.99,19.0,0.31,0.35,0.863367262,0,1,0,0,0.39,0.505102041,2.14,1.83,40,1.67,248.858189,0.53100159,3.34,2.95,0.239130435,0.760424564,3.36359,0.975
Cs2KNdBr6,4.2395,True,2.2,1.85,0.79,4,6.0,4,0.983,19.0,0.32,0.35,0.864329155,0,1,0,0,0.397,0.501530612,2.14,1.82,41,1.67,248.0282672,0.531593188,3.34,2.943,0.237439614,0.762969004,3.36359,0.98
Cs2KCeBr6,0.314,False,2.2,1.85,0.79,4,6.0,4,1.01,19.0,0.3,0.35,0.860630757,0,1,0,0,0.37,0.515306122,2.14,1.84,39,1.67,251.239591,0.529318542,3.34,2.97,0.243961353,0.753216796,3.36359,0.97
Cs2KAuBr6,0.0,False,2.2,1.35,0.79,4,6.0,4,0.85,19.0,1.72,0.85,0.883021151,0,1,0,0,0.53,0.433673469,2.14,0.42,60,1.67,232.608375,0.543089431,3.34,2.81,0.20531401,0.813547147,3.36359,1.68
Cs2KBiBr6,3.4246,True,2.2,1.6,0.79,4,6.0,4,1.03,19.0,1.2,0.6,0.857911545,0,1,0,0,0.35,0.525510204,2.14,0.94,64,1.67,253.636137,0.52764613,3.34,2.99,0.248792271,0.746099835,3.36359,1.42
Cs2KAsBr6,3.0015,True,2.2,1.15,0.79,4,4.0,4,0.58,19.0,1.36,1.05,0.923568041,0,1,0,0,0.8,0.295918367,2.14,0.78,14,1.67,203.297472,0.568027211,3.34,2.54,0.140096618,0.930842268,3.36359,1.5
Cs2KYBr6,4.2852,True,2.2,1.8,0.79,4,5.0,4,0.9,19.0,0.4,0.4,0.875900013,0,1,0,0,0.48,0.459183673,2.14,1.74,20,1.67,238.328,0.538709677,3.34,2.86,0.217391304,0.794022859,3.36359,1.02
Cs2KSbBr6,2.8501,True,2.2,1.45,0.79,4,5.0,4,0.76,19.0,1.23,0.75,0.896135327,0,1,0,0,0.62,0.387755102,2.14,0.91,32,1.67,222.545016,0.551155116,3.34,2.72,0.183574879,0.850335286,3.36359,1.435
Cs2KMoBr6,1.6085,True,2.2,1.45,0.79,4,5.0,4,0.69,19.0,1.34,0.75,0.906607693,0,1,0,0,0.69,0.352040816,2.14,0.8,23,1.67,214.921799,0.557595993,3.34,2.65,0.166666667,0.880496444,3.36359,1.49
Cs2InBiBr6,0.8534,True,1.55,1.6,0.79,6,1.03,4,83.0,0.8,0.24,0.05,0.944448709,0,1,0,0,0.23,0.94,0.408163265,2.99,34,1.67,190.109375,0.580869565,1.18,2.76,0.258899676,0.995415822,3.36359,1.9
Cs2InAsBr6,0.7187,True,1.55,1.15,0.79,4,0.58,4,33.0,0.8,0.4,0.4,1.024637751,0,1,0,0,0.22,0.78,0.408163265,2.54,16,1.67,148.877,0.630188679,1.18,2.76,0.459770115,1.271102184,3.36359,1.98
Cs2YHgBr6,0.0,False,1.5,1.8,0.79,6,5.0,4,0.9,80.0,0.78,0.3,0.917327716,0,1,0,0,0.2,0.459183673,0.96,1.74,41,1.67,207.474688,0.564189189,3.06,2.86,0.272727273,0.912101046,3.36359,1.61
Cs2TlHgBr6,0.0,False,1.5,1.9,0.79,6,1.5,4,81.0,1.1,0.38,0.4,0.832911055,0,1,0,0,0.4,1.34,0.56122449,3.46,1,1.67,277.167808,0.512269939,0.96,3.06,0.244444444,0.682755625,3.36359,1.81
Cs2HgBiBr6,0.0,False,1.5,1.6,0.79,6,6.0,4,1.03,80.0,0.02,0.1,0.897616542,0,1,0,0,0.07,0.525510204,0.96,0.94,3,1.67,221.445125,0.552066116,3.06,2.99,0.312121212,0.854558798,3.36359,2.01
Cs2HgAsBr6,0.0,False,1.5,1.15,0.79,6,4.0,4,0.58,80.0,0.18,0.35,0.969746443,0,1,0,0,0.52,0.295918367,0.96,0.78,47,1.67,175.616,0.596428571,3.06,2.54,0.175757576,1.07756628,3.36359,2.09
Cs2YAuBr6,1.863,False,1.35,1.8,0.79,6,5.0,4,0.9,79.0,1.32,0.45,0.957774264,0,1,0,0,0.05,0.459183673,0.42,1.74,40,1.67,182.284263,0.589065256,2.81,2.86,0.352941176,1.038147105,3.36359,1.88
Cs2InAuBr6,0.0,False,1.55,1.35,0.79,6,0.85,4,79.0,0.8,0.76,0.2,0.974969494,0,1,0,0,0.05,0.42,0.408163265,2.81,30,1.67,172.808693,0.599640934,1.18,2.76,0.31372549,1.09507153,3.36359,2.16
Cs2BiAuBr6,0.4311,False,1.6,1.35,0.79,6,0.85,4,79.0,1.03,0.52,0.25,0.93630691,0,1,0,0,0.18,0.42,0.525510204,2.81,4,1.67,195.112,0.575862069,0.94,2.99,0.403921569,0.969893599,3.36359,2.28
Cs2AgSbBr6,1.1916,False,1.6,1.45,0.79,5,5.0,4,0.76,47.0,0.12,0.15,0.931488864,0,1,0,0,0.39,0.387755102,1.03,0.91,4,1.67,198.155287,0.572898799,3.11,2.72,0.220289855,0.954997884,3.36359,1.99
Cs2NdAgBr6,3.3798,False,1.6,1.85,0.79,5,6.0,4,0.983,47.0,0.79,0.25,0.897171664,0,1,0,0,0.167,0.501530612,1.03,1.82,13,1.67,221.7747109,0.5517925,3.11,2.943,0.284927536,0.853288813,3.36359,1.535
Cs2KTlBr6,1.3749,True,2.2,1.9,0.79,4,6.0,4,1.5,19.0,0.8,0.3,0.798614718,0,1,0,0,0.12,0.765306122,2.14,1.34,62,1.67,314.432,0.491176471,3.34,3.46,0.362318841,0.601840397,3.36359,1.22
Cs2KInBr6,2.3584,True,2.2,1.55,0.79,4,5.0,4,0.8,19.0,0.96,0.65,0.890259029,0,1,0,0,0.58,0.408163265,2.14,1.18,30,1.67,226.981,0.547540984,3.34,2.76,0.193236715,0.83371683,3.36359,1.3
Cs2KScBr6,3.1875,False,2.2,1.6,0.79,4,4.0,4,0.745,19.0,0.54,0.6,0.898358988,0,1,0,0,0.635,0.380102041,2.14,1.6,2,1.67,220.8965411,0.552522746,3.34,2.705,0.179951691,0.856681046,3.36359,1.09
Cs2KAlBr6,3.2314,True,2.2,1.25,0.79,4,3.0,4,0.535,19.0,0.79,0.95,0.930690673,0,1,0,0,0.845,0.272959184,2.14,1.35,6,1.67,198.6655579,0.572407883,3.34,2.495,0.129227053,0.95254498,3.36359,1.215
Cs2YInBr6,2.9636,True,1.55,1.8,0.79,5,5.0,4,0.9,49.0,0.56,0.25,0.966295388,0,1,0,0,0.1,0.459183673,1.18,1.74,10,1.67,177.504328,0.59430605,2.76,2.86,0.375,1.066102906,3.36359,1.5
Cs2InSbBr6,0.7465,True,1.55,1.45,0.79,5,0.76,4,51.0,0.8,0.27,0.1,0.990981766,0,1,0,0,0.04,0.91,0.408163265,2.72,2,1.67,164.566592,0.609489051,1.18,2.76,0.350877193,1.149916745,3.36359,1.915
Cs2AgMoBr6,0.5337,True,1.6,1.45,0.79,5,5.0,4,0.69,47.0,0.23,0.15,0.942809042,0,1,0,0,0.46,0.352040816,1.03,0.8,5,1.67,191.102976,0.579861111,3.11,2.65,0.2,0.990240361,3.36359,2.045
Cs2CeAgBr6,2.6247,False,1.6,1.85,0.79,5,6.0,4,1.01,47.0,0.81,0.25,0.893187513,0,1,0,0,0.14,0.515306122,1.03,1.84,11,1.67,224.755712,0.549342105,3.11,2.97,0.292753623,0.841971393,3.36359,1.525
Cs2AlInBr6,2.2348,False,1.55,1.25,0.79,5,3.0,4,0.535,49.0,0.17,0.3,1.033412004,0,1,0,0,0.265,0.272959184,1.18,1.35,36,1.67,145.1169564,0.635585157,2.76,2.495,0.222916667,1.304036996,3.36359,1.695
Cs2HgSbBr6,0.0,False,1.5,1.45,0.79,6,5.0,4,0.76,80.0,0.05,0.05,0.939546727,0,1,0,0,0.34,0.387755102,0.96,0.91,29,1.67,193.100552,0.577854671,3.06,2.72,0.23030303,0.979996576,3.36359,2.025
Cs2InHgBr6,0.0,False,1.5,1.55,0.79,6,5.0,4,0.8,80.0,0.22,0.05,0.933089361,0,1,0,0,0.3,0.408163265,0.96,1.18,31,1.67,197.137368,0.573883162,3.06,2.76,0.242424242,0.959929017,3.36359,1.89
Cs2GaHgBr6,0.0,False,1.5,1.3,0.79,6,4.0,4,0.62,80.0,0.19,0.2,0.962868808,0,1,0,0,0.48,0.316326531,0.96,1.15,49,1.67,179.406144,0.592198582,3.06,2.58,0.187878788,1.054801556,3.36359,1.905
Cs2HgAuBr6,0.0,False,1.5,1.35,0.79,6,6.0,4,0.85,80.0,0.54,0.15,0.92514141,0,1,0,0,0.25,0.433673469,0.96,0.42,1,1.67,202.262003,0.568994889,3.06,2.81,0.257575758,0.935607663,3.36359,2.27
Cs2PrCuBr6,2.1974,False,1.35,1.85,0.79,4,6.0,4,0.99,29.0,0.77,0.5,0.956088042,0,1,0,0,0.22,0.505102041,1.06,1.83,30,1.67,183.250432,0.588028169,2.73,2.95,0.428571429,1.032673581,3.36359,1.515
Cs2SbAuBr6,0.2823,False,1.35,1.45,0.79,6,5.0,4,0.76,79.0,0.49,0.1,0.982021714,0,1,0,0,0.09,0.387755102,0.42,0.91,28,1.67,169.112377,0.6039783,2.81,2.72,0.298039216,1.119006682,3.36359,2.295
Cs2GaAuBr6,0.0,False,1.35,1.3,0.79,6,4.0,4,0.62,79.0,0.73,0.05,1.007528772,0,1,0,0,0.23,0.316326531,0.42,1.15,48,1.67,156.590819,0.619666048,2.81,2.58,0.243137255,1.20848643,3.36359,2.175
Cs2AlAuBr6,0.0,False,1.35,1.25,0.79,6,3.0,4,0.535,79.0,0.93,0.1,1.023672023,0,1,0,0,0.315,0.272959184,0.42,1.35,66,1.67,149.2987476,0.629594722,2.81,2.495,0.209803922,1.267511502,3.36359,2.075
Cs2TlAgBr6,0.0,False,1.6,1.9,0.79,6,1.5,4,81.0,1.15,0.31,0.3,0.82657231,0,1,0,0,0.35,1.34,0.586734694,3.46,34,1.67,283.593393,0.508371385,1.03,3.11,0.255555556,0.667285926,3.36359,1.775
Cs2ScAgBr6,2.8546,False,1.6,1.6,0.79,5,4.0,4,0.745,47.0,0.57,0.0,0.933891673,0,1,0,0,0.405,0.380102041,1.03,1.6,26,1.67,196.6297184,0.574376612,3.11,2.705,0.215942029,0.962407318,3.36359,1.645
Cs2InCuBr6,0.0,False,1.35,1.55,0.79,4,5.0,4,0.8,29.0,0.12,0.2,0.989176699,0,1,0,0,0.03,0.408163265,1.06,1.18,20,1.67,165.469149,0.608378871,2.73,2.76,0.346320346,1.143644486,3.36359,1.84
Cs2ScInBr6,2.1681,True,1.55,1.6,0.79,5,4.0,4,0.745,49.0,0.42,0.05,0.993701753,0,1,0,0,0.055,0.380102041,1.18,1.6,28,1.67,163.2189196,0.61116194,2.76,2.705,0.310416667,1.159411423,3.36359,1.57
Cs2GaAgBr6,0.0551,True,1.6,1.3,0.79,5,4.0,4,0.62,47.0,0.12,0.3,0.954407747,0,1,0,0,0.53,0.316326531,1.03,1.15,16,1.67,184.220009,0.586994728,3.11,2.58,0.179710145,1.027238468,3.36359,1.87
Cs2InAgBr6,0.2556,True,1.6,1.55,0.79,5,5.0,4,0.8,47.0,0.15,0.05,0.92514141,0,1,0,0,0.35,0.408163265,1.03,1.18,2,1.67,202.262003,0.568994889,3.11,2.76,0.231884058,0.935607663,3.36359,1.855
Cs2TlCuBr6,0.0,False,1.35,1.9,0.79,6,1.5,4,81.0,0.77,0.28,0.55,0.877315037,0,1,0,0,0.73,1.34,0.392857143,3.46,52,1.67,237.176659,0.539579968,1.06,2.73,0.171111111,0.797877332,3.36359,1.76
Cs2AgAuBr6,0.0,False,1.6,1.35,0.79,5,6.0,4,0.85,47.0,0.61,0.25,0.917327716,0,1,0,0,0.3,0.433673469,1.03,0.42,32,1.67,207.474688,0.564189189,3.11,2.81,0.246376812,0.912101046,3.36359,2.235
Cs2AlAgBr6,1.4697,True,1.6,1.25,0.79,5,3.0,4,0.535,47.0,0.32,0.35,0.96888137,0,1,0,0,0.615,0.272959184,1.03,1.35,34,1.67,176.0868201,0.595896521,3.11,2.495,0.155072464,1.074685088,3.36359,1.77
Cs2AgAsBr6,1.1161,False,1.6,1.15,0.79,5,4.0,4,0.58,47.0,0.25,0.45,0.961164616,0,1,0,0,0.57,0.295918367,1.03,0.78,14,1.67,180.362125,0.591150442,3.11,2.54,0.168115942,1.049210747,3.36359,2.055
Cs2LiLaBr6,3.7835,True,1.45,1.95,0.79,2,6.0,4,1.032,3.0,0.12,0.5,0.950731807,0,1,0,0,0.272,0.526530612,1.98,1.86,54,1.67,186.3651041,0.584733894,2.72,2.992,0.452631579,1.015414773,3.36359,1.04
Cs2NaYBr6,4.2176,True,1.8,1.8,0.79,3,5.0,4,0.9,11.0,0.29,0.0,0.929893849,0,1,0,0,0.12,0.459183673,2.03,1.74,28,1.67,199.176704,0.571917808,2.98,2.86,0.294117647,0.950100469,3.36359,1.075
Cs2LiInBr6,1.318,True,1.45,1.55,0.79,2,5.0,4,0.8,3.0,0.8,0.1,0.990981766,0,1,0,0,0.04,0.408163265,1.98,1.18,46,1.67,164.566592,0.609489051,2.72,2.76,0.350877193,1.149916745,3.36359,1.38
Cs2RbInBr6,2.4963,True,2.35,1.55,0.79,5,5.0,4,0.8,37.0,0.96,0.8,0.870285269,0,1,0,0,0.72,0.408163265,2.14,1.18,12,1.67,242.970624,0.53525641,3.48,2.76,0.175438596,0.778850862,3.36359,1.3
Cs2NaInBr6,1.8935,True,1.8,1.55,0.79,3,5.0,4,0.8,11.0,0.85,0.25,0.946094091,0,1,0,0,0.22,0.408163265,2.03,1.18,38,1.67,189.119224,0.581881533,2.98,2.76,0.261437908,1.000627413,3.36359,1.355
Cs2TlInBr6,1.8255,False,1.9,1.55,0.79,6,5.0,4,0.8,81.0,0.16,0.35,0.873083614,0,1,0,0,0.7,0.408163265,1.34,1.18,32,1.67,240.641848,0.536977492,3.46,2.76,0.177777778,0.786388076,3.36359,1.7
Cs2TlSbI6,0.9367,True,1.9,1.45,0.79,6,5.0,5,0.76,81.0,0.43,0.45,0.866365065,0,0,1,0,0.74,0.345454545,1.04,0.61,30,1.67,295.408296,0.501501502,3.7,2.96,0.168888889,0.905910336,3.05904,1.835
Cs2TlInI6,1.4001,False,1.9,1.55,0.79,6,5.0,5,0.8,81.0,0.16,0.35,0.861192736,0,0,1,0,0.7,0.363636364,1.04,0.88,32,1.67,300.763,0.498507463,3.7,3.0,0.177777778,0.88978175,3.05904,1.7
Cs2TlGaI6,0.574,False,1.9,1.3,0.79,6,4.0,5,0.62,81.0,0.19,0.6,0.884967996,0,0,1,0,0.88,0.281818182,1.04,0.85,50,1.67,277.167808,0.512269939,3.7,2.82,0.137777778,0.965528539,3.05904,1.715
Cs2AlTlI6,1.5911,False,1.9,1.25,0.79,6,3.0,5,0.535,81.0,0.01,0.65,0.89665755,0,0,1,0,0.965,0.243181818,1.04,1.05,68,1.67,266.4683629,0.519036519,3.7,2.735,0.118888889,1.004297192,3.05904,1.615
Cs2RbScI6,2.3929,False,2.35,1.6,0.79,5,4.0,5,0.745,37.0,0.54,0.75,0.865715129,0,0,1,0,0.775,0.338636364,1.84,1.3,16,1.67,296.0741296,0.501125281,3.72,2.945,0.163377193,0.903873057,3.05904,1.09
Cs2RbAsI6,2.286,False,2.35,1.15,0.79,5,4.0,5,0.58,37.0,1.36,1.2,0.887690975,0,0,1,0,0.94,0.263636364,1.84,0.48,4,1.67,274.625,0.513846154,3.72,2.78,0.127192982,0.974468561,3.05904,1.5
Cs2RbAlI6,1.8835,True,2.35,1.25,0.79,5,3.0,5,0.535,37.0,0.79,1.1,0.89387937,0,0,1,0,0.985,0.243181818,1.84,1.05,24,1.67,268.9606464,0.51742835,3.72,2.735,0.117324561,0.994991023,3.05904,1.215
Cs2NaYI6,3.1517,True,1.8,1.8,0.79,3,5.0,5,0.9,11.0,0.29,0.0,0.912973312,0,0,1,0,0.12,0.409090909,1.73,1.44,28,1.67,252.435968,0.528481013,3.22,3.1,0.294117647,1.060124002,3.05904,1.075
Cs2NaTlI6,0.0817,False,1.8,1.9,0.79,3,6.0,5,1.5,11.0,0.69,0.1,0.833813777,0,0,1,0,0.48,0.681818182,1.73,1.04,70,1.67,331.373888,0.48265896,3.22,3.7,0.490196078,0.807587557,3.05904,1.275
Cs2NaSbI6,1.8895,False,1.8,1.45,0.79,3,5.0,5,0.76,11.0,1.12,0.35,0.933655556,0,0,1,0,0.26,0.345454545,1.73,0.61,40,1.67,236.029032,0.540453074,3.22,2.96,0.248366013,1.133815727,3.05904,1.49
Cs2NaScI6,2.2294,False,1.8,1.6,0.79,3,4.0,5,0.745,11.0,0.43,0.2,0.935927224,0,0,1,0,0.275,0.338636364,1.73,1.3,10,1.67,234.3145421,0.541768045,3.22,2.945,0.243464052,1.142111907,3.05904,1.145
Cs2NaPrI6,3.1147,True,1.8,1.85,0.79,3,6.0,5,0.99,11.0,0.2,0.05,0.900154654,0,0,1,0,0.03,0.45,1.73,1.53,48,1.67,263.374721,0.521060842,3.22,3.19,0.323529412,1.016093829,3.05904,1.03
Cs2NaMoI6,1.0847,True,1.8,1.45,0.79,3,5.0,5,0.69,11.0,1.23,0.35,0.944352101,0,0,1,0,0.33,0.313636364,1.73,0.5,31,1.67,228.099131,0.546644845,3.22,2.89,0.225490196,1.173233004,3.05904,1.545
Cs2NaInI6,0.6998,True,1.8,1.55,0.79,3,5.0,5,0.8,11.0,0.85,0.25,0.92765134,0,0,1,0,0.22,0.363636364,1.73,0.88,38,1.67,240.641848,0.536977492,3.22,3.0,0.261437908,1.112081838,3.05904,1.355
Cs2RbGaI6,0.9753,True,2.35,1.3,0.79,5,4.0,5,0.62,37.0,0.99,1.05,0.882261672,0,0,1,0,0.9,0.281818182,1.84,0.85,6,1.67,279.726264,0.510703364,3.72,2.82,0.135964912,0.95669754,3.05904,1.315
Cs2YTlI6,3.0866,True,1.9,1.8,0.79,6,5.0,5,0.9,81.0,0.4,0.1,0.848528137,0,0,1,0,0.6,0.409090909,1.04,1.44,42,1.67,314.432,0.491176471,3.7,3.1,0.2,0.851101124,3.05904,1.42
Cs2ScTlI6,2.4146,False,1.9,1.6,0.79,6,4.0,5,0.745,81.0,0.26,0.3,0.868320743,0,0,1,0,0.755,0.338636364,1.04,1.3,60,1.67,293.4167861,0.502633559,3.7,2.945,0.165555556,0.912059027,3.05904,1.49
Cs2TlBiI6,1.3773,True,1.9,1.6,0.79,6,6.0,5,1.03,81.0,0.4,0.3,0.832610582,0,0,1,0,0.47,0.468181818,1.04,0.64,2,1.67,332.812557,0.481962482,3.7,3.23,0.228888889,0.804096549,3.05904,1.82
Cs2RbYI6,3.3296,False,2.35,1.8,0.79,5,5.0,5,0.9,37.0,0.4,0.55,0.846039785,0,0,1,0,0.62,0.409090909,1.84,1.44,2,1.67,317.214568,0.48973607,3.72,3.1,0.197368421,0.843635367,3.05904,1.02
Cs2RbTlI6,0.6116,True,2.35,1.9,0.79,5,6.0,5,1.5,37.0,0.8,0.45,0.777626864,0,0,1,0,0.02,0.681818182,1.84,1.04,44,1.67,408.518488,0.450134771,3.72,3.7,0.328947368,0.655082784,3.05904,1.22
Cs2RbSbI6,2.3768,True,2.35,1.45,0.79,5,5.0,5,0.76,37.0,1.23,0.9,0.863771158,0,0,1,0,0.76,0.345454545,1.84,0.61,14,1.67,298.077632,0.5,3.72,2.96,0.166666667,0.897797754,3.05904,1.435
Cs2RbInI6,1.3972,True,2.35,1.55,0.79,5,5.0,5,0.8,37.0,0.96,0.8,0.858629663,0,0,1,0,0.72,0.363636364,1.84,0.88,12,1.67,303.464448,0.49702381,3.72,3.0,0.175438596,0.881860891,3.05904,1.3
Cs2TlAsI6,1.0046,True,1.9,1.15,0.79,6,4.0,5,0.58,81.0,0.56,0.75,0.890430761,0,0,1,0,0.92,0.263636364,1.04,0.48,48,1.67,272.097792,0.515432099,3.7,2.78,0.128888889,0.983519295,3.05904,1.9
Cs2NaCeI6,2.3813,False,1.8,1.85,0.79,3,6.0,5,1.01,11.0,0.19,0.05,0.897354795,0,0,1,0,0.01,0.459090909,1.73,1.54,47,1.67,265.847707,0.519440124,3.22,3.21,0.330065359,1.006641854,3.05904,1.025
Cs2NaBiI6,2.1074,False,1.8,1.6,0.79,3,6.0,5,1.03,11.0,1.09,0.2,0.8945723,0,0,1,0,0.01,0.468181818,1.73,0.64,72,1.67,268.336125,0.517829457,3.22,3.23,0.336601307,0.99730675,3.05904,1.475
Cs2LiYI6,3.0085,True,1.45,1.8,0.79,2,5.0,5,0.9,3.0,0.24,0.35,0.952143785,0,0,1,0,0.14,0.409090909,1.68,1.44,36,1.67,222.545016,0.551155116,2.96,3.1,0.394736842,1.202513691,3.05904,1.1
Cs2LiSbI6,1.7376,False,1.45,1.45,0.79,2,5.0,5,0.76,3.0,1.07,0.0,0.974660698,0,0,1,0,0.0,0.345454545,1.68,0.61,48,1.67,207.474688,0.564189189,2.96,2.96,0.333333333,1.289860615,3.05904,1.515
Cs2LiCeI6,0.2572,False,1.45,1.85,0.79,2,6.0,5,1.01,3.0,0.14,0.4,0.935168774,0,0,1,0,0.25,0.459090909,1.68,1.54,55,1.67,234.885113,0.541329011,2.96,3.21,0.442982456,1.139337548,3.05904,1.05
Cs2KYI6,3.2816,False,2.2,1.8,0.79,4,5.0,5,0.9,19.0,0.4,0.4,0.863771158,0,0,1,0,0.48,0.409090909,1.84,1.44,20,1.67,298.077632,0.5,3.58,3.1,0.217391304,0.897797754,3.05904,1.02
Cs2KTlI6,0.5223,True,2.2,1.9,0.79,4,6.0,5,1.5,19.0,0.8,0.3,0.792581227,0,0,1,0,0.12,0.681818182,1.84,1.04,62,1.67,385.828352,0.458791209,3.58,3.7,0.362318841,0.693607474,3.05904,1.22
Cs2KSbI6,2.441,False,2.2,1.45,0.79,4,5.0,5,0.76,19.0,1.23,0.75,0.882261672,0,0,1,0,0.62,0.345454545,1.84,0.61,32,1.67,279.726264,0.510703364,3.58,2.96,0.183574879,0.95669754,3.05904,1.435
Cs2KScI6,2.3591,False,2.2,1.6,0.79,4,4.0,5,0.745,19.0,0.54,0.6,0.88428986,0,0,1,0,0.635,0.338636364,1.84,1.3,2,1.67,277.8059531,0.511877395,3.58,2.945,0.179951691,0.963310633,3.05904,1.09
Cs2KGaI6,0.8284,True,2.2,1.3,0.79,4,4.0,5,0.62,19.0,0.99,0.9,0.901561146,0,0,1,0,0.76,0.281818182,1.84,0.85,12,1.67,262.144,0.521875,3.58,2.82,0.149758454,1.020864214,3.05904,1.315
Cs2KCeI6,0.2768,False,2.2,1.85,0.79,4,6.0,5,1.01,19.0,0.3,0.35,0.849777811,0,0,1,0,0.37,0.459090909,1.84,1.54,39,1.67,313.046839,0.491899853,3.58,3.21,0.243961353,0.854867053,3.05904,0.97
Cs2KAsI6,1.8435,False,2.2,1.15,0.79,4,4.0,5,0.58,19.0,1.36,1.05,0.907231342,0,0,1,0,0.8,0.263636364,1.84,0.48,14,1.67,257.259456,0.525157233,3.58,2.78,0.140096618,1.040247199,3.05904,1.5
Cs2YInI6,0.0509,False,1.55,1.8,0.79,5,5.0,5,0.9,49.0,0.56,0.25,0.945900219,0,0,1,0,0.1,0.409090909,0.88,1.44,10,1.67,226.981,0.547540984,3.0,3.1,0.375,1.179012466,3.05904,1.5
Cs2LiNdI6,2.9743,True,1.45,1.85,0.79,2,6.0,5,0.983,3.0,0.16,0.4,0.939279071,0,0,1,0,0.223,0.446818182,1.68,1.52,57,1.67,231.8150062,0.543708286,2.96,3.183,0.431140351,1.154426683,3.05904,1.06
Cs2LiMoI6,0.9856,True,1.45,1.45,0.79,2,5.0,5,0.69,3.0,1.18,0.0,0.986323305,0,0,1,0,0.07,0.313636364,1.68,0.5,39,1.67,200.201625,0.570940171,2.96,2.89,0.302631579,1.336719563,3.05904,1.57
Cs2LiBiI6,1.9323,False,1.45,1.6,0.79,2,6.0,5,1.03,3.0,1.04,0.15,0.932147227,0,0,1,0,0.27,0.468181818,1.68,0.64,80,1.67,237.176659,0.539579968,2.96,3.23,0.451754386,1.128329532,3.05904,1.5
Cs2YCuI6,1.7212,False,1.35,1.8,0.79,4,5.0,5,0.9,29.0,0.68,0.45,0.950575179,0,0,1,0,0.13,0.409090909,0.76,1.44,10,1.67,223.648543,0.550247117,2.97,3.1,0.38961039,1.196580246,3.05904,1.56
Cs2CuSbI6,0.6998,False,1.35,1.45,0.79,4,5.0,5,0.76,29.0,0.15,0.1,0.973017088,0,0,1,0,0.01,0.345454545,0.76,0.61,22,1.67,208.527857,0.563237774,2.97,2.96,0.329004329,1.28334618,3.05904,1.975
Cs2PrCuI6,1.7764,False,1.35,1.85,0.79,4,6.0,5,0.99,29.0,0.77,0.5,0.936686905,0,0,1,0,0.22,0.45,0.76,1.53,30,1.67,233.744896,0.542207792,2.97,3.19,0.428571429,1.144895282,3.05904,1.515
Cs2NdCuI6,1.7889,False,1.35,1.85,0.79,4,6.0,5,0.983,29.0,0.76,0.5,0.937752533,0,0,1,0,0.213,0.446818182,0.76,1.52,31,1.67,232.9489436,0.542824638,2.97,3.183,0.425541126,1.148807221,3.05904,1.52
Cs2CuMoI6,0.0872,True,1.35,1.45,0.79,4,5.0,5,0.69,29.0,0.26,0.1,0.984640159,0,0,1,0,0.08,0.313636364,0.76,0.5,13,1.67,201.230056,0.56996587,2.97,2.89,0.298701299,1.32988796,3.05904,2.03
Cs2InBiI6,0.5816,True,1.55,1.6,0.79,6,1.03,5,83.0,0.8,0.24,0.05,0.926162333,0,0,1,0,0.23,0.64,0.363636364,3.23,34,1.67,241.804367,0.53611557,0.88,3.0,0.258899676,1.1067353,3.05904,1.9
Cs2InAsI6,0.129,True,1.55,1.15,0.79,4,0.58,5,33.0,0.8,0.4,0.4,0.998268397,0,0,1,0,0.22,0.48,0.363636364,2.78,16,1.67,193.100552,0.577854671,0.88,3.0,0.459770115,1.385876041,3.05904,1.98
Cs2YHgI6,0.0,False,1.5,1.8,0.79,6,5.0,5,0.9,80.0,0.78,0.3,0.901561146,0,0,1,0,0.2,0.409090909,0.66,1.44,41,1.67,262.144,0.521875,3.3,3.1,0.272727273,1.020864214,3.05904,1.61
Cs2AlInI6,0.9566,False,1.55,1.25,0.79,5,3.0,5,0.535,49.0,0.17,0.3,1.006101366,0,0,1,0,0.265,0.243181818,0.88,1.05,36,1.67,188.6254404,0.58238884,3.0,2.735,0.222916667,1.418755753,3.05904,1.695
Cs2ScHgI6,0.0,False,1.5,1.6,0.79,6,4.0,5,0.745,80.0,0.64,0.1,0.923937764,0,0,1,0,0.355,0.338636364,0.66,1.3,59,1.67,243.5551561,0.534827862,3.3,2.945,0.225757576,1.098779565,3.05904,1.68
Cs2InHgI6,0.0,False,1.5,1.55,0.79,6,5.0,5,0.8,80.0,0.22,0.05,0.91587164,0,0,1,0,0.3,0.363636364,0.66,0.88,31,1.67,250.047,0.53015873,3.3,3.0,0.242424242,1.070252507,3.05904,1.89
Cs2GaHgI6,0.0,False,1.5,1.3,0.79,6,4.0,5,0.62,80.0,0.19,0.2,0.942809042,0,0,1,0,0.48,0.281818182,0.66,0.85,49,1.67,229.220928,0.545751634,3.3,2.82,0.187878788,1.167491254,3.05904,1.905
Cs2HgAsI6,0.0,False,1.5,1.15,0.79,6,4.0,5,0.58,80.0,0.18,0.35,0.949011733,0,0,1,0,0.52,0.263636364,0.66,0.48,47,1.67,224.755712,0.549342105,3.3,2.78,0.175757576,1.190685773,3.05904,2.09
Cs2YAuI6,1.1517,False,1.35,1.8,0.79,6,5.0,5,0.9,79.0,1.32,0.45,0.938209973,0,0,1,0,0.05,0.409090909,0.12,1.44,40,1.67,232.608375,0.543089431,3.05,3.1,0.352941176,1.150489223,3.05904,1.88
Cs2SbAuI6,0.0,False,1.35,1.45,0.79,6,5.0,5,0.76,79.0,0.49,0.1,0.960065114,0,0,1,0,0.09,0.345454545,0.12,0.61,28,1.67,217.081801,0.555740433,3.05,2.96,0.298039216,1.232776895,3.05904,2.295
Cs2ScAuI6,1.0839,False,1.35,1.6,0.79,6,4.0,5,0.745,79.0,1.18,0.25,0.962467278,0,0,1,0,0.105,0.338636364,0.12,1.3,58,1.67,215.4604499,0.557130942,3.05,2.945,0.292156863,1.242053605,3.05904,1.95
Cs2GaAuI6,0.0,False,1.35,1.3,0.79,6,4.0,5,0.62,79.0,0.73,0.05,0.982962749,0,0,1,0,0.23,0.281818182,0.12,0.85,48,1.67,202.262003,0.568994889,3.05,2.82,0.243137255,1.32310283,3.05904,2.175
Cs2AsAuI6,0.0,False,1.35,1.15,0.79,6,4.0,5,0.58,79.0,0.36,0.2,0.989706918,0,0,1,0,0.27,0.263636364,0.12,0.48,46,1.67,198.155287,0.572898799,3.05,2.78,0.22745098,1.350523787,3.05904,2.36
Cs2YAgI6,2.4594,False,1.6,1.8,0.79,5,5.0,5,0.9,47.0,0.71,0.2,0.8945723,0,0,1,0,0.25,0.409090909,0.73,1.44,8,1.67,268.336125,0.517829457,3.35,3.1,0.260869565,0.99730675,3.05904,1.575
Cs2AlAuI6,0.0,False,1.35,1.25,0.79,6,3.0,5,0.535,79.0,0.93,0.1,0.997405589,0,0,1,0,0.315,0.243181818,0.12,1.05,66,1.67,193.6021116,0.577355229,3.05,2.735,0.209803922,1.382285691,3.05904,2.075
Cs2TlAgI6,0.0,False,1.6,1.9,0.79,6,1.5,5,81.0,1.15,0.31,0.3,0.818438487,0,0,1,0,0.35,1.04,0.522727273,3.7,34,1.67,350.402625,0.473758865,0.73,3.35,0.255555556,0.763731232,3.05904,1.775
Cs2ScAgI6,2.0571,False,1.6,1.6,0.79,5,4.0,5,0.745,47.0,0.57,0.0,0.9165991,0,0,1,0,0.405,0.338636364,0.73,1.3,26,1.67,249.4521224,0.530579825,3.35,2.945,0.215942029,1.072804777,3.05904,1.645
Cs2AgSbI6,0.4387,False,1.6,1.45,0.79,5,5.0,5,0.76,47.0,0.12,0.15,0.91442018,0,0,1,0,0.39,0.345454545,0.73,0.61,4,1.67,251.239591,0.529318542,3.35,2.96,0.220289855,1.065172203,3.05904,1.99
Cs2PrAgI6,2.5343,False,1.6,1.85,0.79,5,6.0,5,0.99,47.0,0.8,0.25,0.882261672,0,0,1,0,0.16,0.45,0.73,1.53,12,1.67,279.726264,0.510703364,3.35,3.19,0.286956522,0.95669754,3.05904,1.53
Cs2LiPrI6,2.9609,True,1.45,1.85,0.79,2,6.0,5,0.99,3.0,0.15,0.4,0.938209973,0,0,1,0,0.23,0.45,1.68,1.53,56,1.67,232.608375,0.543089431,2.96,3.19,0.434210526,1.150489223,3.05904,1.055
Cs2KPrI6,3.2328,True,2.2,1.85,0.79,4,6.0,5,0.99,19.0,0.31,0.35,0.852288233,0,0,1,0,0.39,0.45,1.84,1.53,40,1.67,310.288733,0.493353028,3.58,3.19,0.239130435,0.862465827,3.05904,0.975
Cs2KNdI6,3.2412,True,2.2,1.85,0.79,4,6.0,5,0.983,19.0,0.32,0.35,0.853170388,0,0,1,0,0.397,0.446818182,1.84,1.52,41,1.67,309.3272369,0.49386367,3.58,3.183,0.237439614,0.865146669,3.05904,0.98
Cs2KMoI6,1.4527,True,2.2,1.45,0.79,4,5.0,5,0.69,19.0,1.34,0.75,0.891807007,0,0,1,0,0.69,0.313636364,1.84,0.5,23,1.67,270.840023,0.516228748,3.58,2.89,0.166666667,0.988086715,3.05904,1.49
Cs2KInI6,1.2626,True,2.2,1.55,0.79,4,5.0,5,0.8,19.0,0.96,0.65,0.876898379,0,0,1,0,0.58,0.363636364,1.84,0.88,30,1.67,284.890312,0.507598784,3.58,3.0,0.193236715,0.939356016,3.05904,1.3
Cs2KBiI6,2.6566,False,2.2,1.6,0.79,4,6.0,5,1.03,19.0,1.2,0.6,0.847282134,0,0,1,0,0.35,0.468181818,1.84,0.64,64,1.67,315.821241,0.490455213,3.58,3.23,0.248792271,0.847357283,3.05904,1.42
Cs2KAlI6,1.7447,True,2.2,1.25,0.79,4,3.0,5,0.535,19.0,0.79,0.95,0.913696173,0,0,1,0,0.845,0.243181818,1.84,1.05,6,1.67,251.8373059,0.528899446,3.58,2.735,0.129227053,1.062644105,3.05904,1.215
Cs2ScInI6,1.9468,True,1.55,1.6,0.79,5,4.0,5,0.745,49.0,0.42,0.05,0.970562041,0,0,1,0,0.055,0.338636364,0.88,1.3,28,1.67,210.1142836,0.561816653,3.0,2.945,0.310416667,1.273656526,3.05904,1.57
Cs2CuBiI6,0.3531,False,1.35,1.6,0.79,4,6.0,5,1.03,29.0,0.12,0.25,0.930643764,0,0,1,0,0.26,0.468181818,0.76,0.64,54,1.67,238.328,0.538709677,2.97,3.23,0.445887446,1.122878674,3.05904,1.96
Cs2InGaI6,0.2835,False,1.3,1.55,0.79,4,5.0,5,0.8,31.0,0.03,0.25,0.991407446,0,0,1,0,0.18,0.363636364,0.85,0.88,18,1.67,197.137368,0.573883162,2.82,3.0,0.430107527,1.357497218,3.05904,1.795
Cs2AgBiI6,0.8526,False,1.6,1.6,0.79,5,6.0,5,1.03,47.0,0.09,0.0,0.876898379,0,0,1,0,0.12,0.468181818,0.73,0.64,36,1.67,284.890312,0.507598784,3.35,3.23,0.298550725,0.939356016,3.05904,1.975
Cs2NdAgI6,2.5429,False,1.6,1.85,0.79,5,6.0,5,0.983,47.0,0.79,0.25,0.883207001,0,0,1,0,0.167,0.446818182,0.73,1.52,13,1.67,278.8290214,0.511250574,3.35,3.183,0.284927536,0.959776092,3.05904,1.535
Cs2CeAgI6,0.2136,False,1.6,1.85,0.79,5,6.0,5,1.01,47.0,0.81,0.25,0.87957185,0,0,1,0,0.14,0.459090909,0.73,1.54,11,1.67,282.300416,0.509146341,3.35,3.21,0.292753623,0.947973908,3.05904,1.525
Cs2TlHgI6,0.0,False,1.5,1.9,0.79,6,1.5,5,81.0,1.1,0.38,0.4,0.824284476,0,0,1,0,0.4,1.04,0.5,3.7,1,1.67,343.0,0.477142857,0.66,3.3,0.244444444,0.780214078,3.05904,1.81
Cs2InSbI6,0.5824,False,1.55,1.45,0.79,5,0.76,5,51.0,0.8,0.27,0.1,0.968119351,0,0,1,0,0.04,0.61,0.363636364,2.96,2,1.67,211.708736,0.560402685,0.88,3.0,0.350877193,1.264064174,3.05904,1.915
Cs2HgSbI6,0.0,False,1.5,1.45,0.79,6,5.0,5,0.76,80.0,0.05,0.05,0.921723855,0,0,1,0,0.34,0.345454545,0.66,0.61,29,1.67,245.314376,0.533546326,3.3,2.96,0.23030303,1.090899901,3.05904,2.025
Cs2HgBiI6,0.0,False,1.5,1.6,0.79,6,6.0,5,1.03,80.0,0.02,0.1,0.883612762,0,0,1,0,0.07,0.468181818,0.66,0.64,3,1.67,278.445077,0.511485452,3.3,3.23,0.312121212,0.961099516,3.05904,2.01
Cs2CeCuI6,0.206,False,1.35,1.85,0.79,4,6.0,5,1.01,29.0,0.78,0.5,0.933655556,0,0,1,0,0.24,0.459090909,0.76,1.54,29,1.67,236.029032,0.540453074,2.97,3.21,0.437229437,1.133815727,3.05904,1.51
Cs2TlAuI6,0.0,False,1.9,1.35,0.79,6,6.0,5,0.85,81.0,0.92,0.55,0.854813531,0,0,1,0,0.65,0.386363636,1.04,0.12,2,1.67,307.546875,0.494814815,3.7,3.05,0.188888889,0.870154927,3.05904,2.08
Cs2InAuI6,0.0,False,1.55,1.35,0.79,6,0.85,5,79.0,0.8,0.76,0.2,0.953717576,0,0,1,0,0.05,0.12,0.363636364,3.05,30,1.67,221.445125,0.552066116,0.88,3.0,0.31372549,1.20848643,3.05904,2.16
Cs2BiAuI6,0.0,False,1.6,1.35,0.79,6,0.85,5,79.0,1.03,0.52,0.25,0.918788429,0,0,1,0,0.18,0.12,0.468181818,3.05,4,1.67,247.673152,0.531847134,0.64,3.23,0.403921569,1.080510449,3.05904,2.28
Cs2InAgI6,0.0,False,1.6,1.55,0.79,5,5.0,5,0.8,47.0,0.15,0.05,0.908660053,0,0,1,0,0.35,0.363636364,0.73,0.88,2,1.67,256.047875,0.525984252,3.35,3.0,0.231884058,1.045169497,3.05904,1.855
Cs2GaAgI6,0.0,False,1.6,1.3,0.79,5,4.0,5,0.62,47.0,0.12,0.3,0.935168774,0,0,1,0,0.53,0.281818182,0.73,0.85,16,1.67,234.885113,0.541329011,3.35,2.82,0.179710145,1.139337548,3.05904,1.87
Rb2NaMoI6,1.0856,True,1.8,1.45,0.82,3,5.0,5,0.69,11.0,1.23,0.35,0.907318685,0,0,1,0,0.33,0.313636364,1.73,0.5,31,1.52,228.099131,0.497545008,3.22,2.89,0.225490196,1.173233004,3.05904,1.545
Rb2LiYI6,2.9884,True,1.45,1.8,0.82,2,5.0,5,0.9,3.0,0.24,0.35,0.914804813,0,0,1,0,0.14,0.409090909,1.68,1.44,36,1.52,222.545016,0.501650165,2.96,3.1,0.394736842,1.202513691,3.05904,1.1
Rb2LiSbI6,1.7215,False,1.45,1.45,0.82,2,5.0,5,0.76,3.0,1.07,0.0,0.93643871,0,0,1,0,0.0,0.345454545,1.68,0.61,48,1.52,207.474688,0.513513514,2.96,2.96,0.333333333,1.289860615,3.05904,1.515
Rb2LiPrI6,2.9512,True,1.45,1.85,0.82,2,6.0,5,0.99,3.0,0.15,0.4,0.901417425,0,0,1,0,0.23,0.45,1.68,1.53,56,1.52,232.608375,0.494308943,2.96,3.19,0.434210526,1.150489223,3.05904,1.055
Rb2LiNdI6,2.9632,True,1.45,1.85,0.82,2,6.0,5,0.983,3.0,0.16,0.4,0.902444598,0,0,1,0,0.223,0.446818182,1.68,1.52,57,1.52,231.8150062,0.494872212,2.96,3.183,0.431140351,1.154426683,3.05904,1.06
Rb2LiMoI6,0.9752,True,1.45,1.45,0.82,2,5.0,5,0.69,3.0,1.18,0.0,0.94764396,0,0,1,0,0.07,0.313636364,1.68,0.5,39,1.52,200.201625,0.51965812,2.96,2.89,0.302631579,1.336719563,3.05904,1.57
Rb2LiCeI6,2.1287,False,1.45,1.85,0.82,2,6.0,5,1.01,3.0,0.14,0.4,0.898495489,0,0,1,0,0.25,0.459090909,1.68,1.54,55,1.52,234.885113,0.492706645,2.96,3.21,0.442982456,1.139337548,3.05904,1.05
Rb2LiBiI6,1.9334,False,1.45,1.6,0.82,2,6.0,5,1.03,3.0,1.04,0.15,0.895592434,0,0,1,0,0.27,0.468181818,1.68,0.64,80,1.52,237.176659,0.491114701,2.96,3.23,0.451754386,1.128329532,3.05904,1.5
Rb2YCuI6,1.7585,False,1.35,1.8,0.82,4,5.0,5,0.9,29.0,0.68,0.45,0.913297721,0,0,1,0,0.13,0.409090909,0.76,1.44,10,1.52,223.648543,0.500823723,2.97,3.1,0.38961039,1.196580246,3.05904,1.56
Rb2CuSbI6,0.7008,False,1.35,1.45,0.82,4,5.0,5,0.76,29.0,0.15,0.1,0.934859556,0,0,1,0,0.01,0.345454545,0.76,0.61,22,1.52,208.527857,0.512647555,2.97,2.96,0.329004329,1.28334618,3.05904,1.975
Rb2PrCuI6,1.7961,False,1.35,1.85,0.82,4,6.0,5,0.99,29.0,0.77,0.5,0.899954085,0,0,1,0,0.22,0.45,0.76,1.53,30,1.52,233.744896,0.493506494,2.97,3.19,0.428571429,1.144895282,3.05904,1.515
Rb2NdCuI6,1.8116,False,1.35,1.85,0.82,4,6.0,5,0.983,29.0,0.76,0.5,0.900977924,0,0,1,0,0.213,0.446818182,0.76,1.52,31,1.52,232.9489436,0.494067934,2.97,3.183,0.425541126,1.148807221,3.05904,1.52
Rb2CuBiI6,0.3311,False,1.35,1.6,0.82,4,6.0,5,1.03,29.0,0.12,0.25,0.89414793,0,0,1,0,0.26,0.468181818,0.76,0.64,54,1.52,238.328,0.490322581,2.97,3.23,0.445887446,1.122878674,3.05904,1.96
Rb2NaYI6,3.1384,True,1.8,1.8,0.82,3,5.0,5,0.9,11.0,0.29,0.0,0.877170437,0,0,1,0,0.12,0.409090909,1.73,1.44,28,1.52,252.435968,0.481012658,3.22,3.1,0.294117647,1.060124002,3.05904,1.075
Rb2NaSbI6,1.8884,False,1.8,1.45,0.82,3,5.0,5,0.76,11.0,1.12,0.35,0.897041612,0,0,1,0,0.26,0.345454545,1.73,0.61,40,1.52,236.029032,0.491909385,3.22,2.96,0.248366013,1.133815727,3.05904,1.49
Rb2NaPrI6,3.112,True,1.8,1.85,0.82,3,6.0,5,0.99,11.0,0.2,0.05,0.864854472,0,0,1,0,0.03,0.45,1.73,1.53,48,1.52,263.374721,0.47425897,3.22,3.19,0.323529412,1.016093829,3.05904,1.03
Rb2NaNdI6,3.1233,True,1.8,1.85,0.82,3,6.0,5,0.983,11.0,0.21,0.05,0.865799963,0,0,1,0,0.037,0.446818182,1.73,1.52,49,1.52,262.5128128,0.474777448,3.22,3.183,0.32124183,1.019429969,3.05904,1.035
Rb2NaCeI6,0.2617,False,1.8,1.85,0.82,3,6.0,5,1.01,11.0,0.19,0.05,0.862164411,0,0,1,0,0.01,0.459090909,1.73,1.54,47,1.52,265.847707,0.472783826,3.22,3.21,0.330065359,1.006641854,3.05904,1.025
Rb2NaBiI6,2.1072,False,1.8,1.6,0.82,3,6.0,5,1.03,11.0,1.09,0.2,0.859491033,0,0,1,0,0.01,0.468181818,1.73,0.64,72,1.52,268.336125,0.471317829,3.22,3.23,0.336601307,0.99730675,3.05904,1.475
Rb2YAgI6,2.4885,False,1.6,1.8,0.82,5,5.0,5,0.9,47.0,0.71,0.2,0.859491033,0,0,1,0,0.25,0.409090909,0.73,1.44,8,1.52,268.336125,0.471317829,3.35,3.1,0.260869565,0.99730675,3.05904,1.575
Rb2AgSbI6,0.4095,False,1.6,1.45,0.82,5,5.0,5,0.76,47.0,0.12,0.15,0.878560565,0,0,1,0,0.39,0.345454545,0.73,0.61,4,1.52,251.239591,0.48177496,3.35,2.96,0.220289855,1.065172203,3.05904,1.99
Rb2AgMoI6,0.694,True,1.6,1.45,0.82,5,5.0,5,0.69,47.0,0.23,0.15,0.888416212,0,0,1,0,0.46,0.313636364,0.73,0.5,5,1.52,242.970624,0.487179487,3.35,2.89,0.2,1.101422979,3.05904,2.045
Rb2AgBiI6,0.8273,False,1.6,1.6,0.82,5,6.0,5,1.03,47.0,0.09,0.0,0.842510207,0,0,1,0,0.12,0.468181818,0.73,0.64,36,1.52,284.890312,0.462006079,3.35,3.23,0.298550725,0.939356016,3.05904,1.975
Rb2PrAgI6,2.5438,False,1.6,1.85,0.82,5,6.0,5,0.99,47.0,0.8,0.25,0.847663175,0,0,1,0,0.16,0.45,0.73,1.53,12,1.52,279.726264,0.464831804,3.35,3.19,0.286956522,0.95669754,3.05904,1.53
Rb2NdAgI6,2.5524,False,1.6,1.85,0.82,5,6.0,5,0.983,47.0,0.79,0.25,0.848571432,0,0,1,0,0.167,0.446818182,0.73,1.52,13,1.52,278.8290214,0.465329864,3.35,3.183,0.284927536,0.959776092,3.05904,1.535
Rb2CeAgI6,0.2128,False,1.6,1.85,0.82,5,6.0,5,1.01,47.0,0.81,0.25,0.845078836,0,0,1,0,0.14,0.459090909,0.73,1.54,11,1.52,282.300416,0.463414634,3.35,3.21,0.292753623,0.947973908,3.05904,1.525
Rb2HgBiI6,0.0,False,1.5,1.6,0.82,6,6.0,5,1.03,80.0,0.02,0.1,0.848961281,0,0,1,0,0.07,0.468181818,0.66,0.64,3,1.52,278.445077,0.465543645,3.3,3.23,0.312121212,0.961099516,3.05904,2.01
Rb2HgSbI6,0.0,False,1.5,1.45,0.82,6,5.0,5,0.76,80.0,0.05,0.05,0.885577822,0,0,1,0,0.34,0.345454545,0.66,0.61,29,1.52,245.314376,0.485623003,3.3,2.96,0.23030303,1.090899901,3.05904,2.025
Rb2YAuI6,1.1678,False,1.35,1.8,0.82,6,5.0,5,0.9,79.0,1.32,0.45,0.901417425,0,0,1,0,0.05,0.409090909,0.12,1.44,40,1.52,232.608375,0.494308943,3.05,3.1,0.352941176,1.150489223,3.05904,1.88
Rb2TlAuI6,0.0,False,1.9,1.35,0.82,6,6.0,5,0.85,81.0,0.92,0.55,0.821291432,0,0,1,0,0.65,0.386363636,1.04,0.12,2,1.52,307.546875,0.45037037,3.7,3.05,0.188888889,0.870154927,3.05904,2.08
Rb2ScAuI6,1.1384,False,1.35,1.6,0.82,6,4.0,5,0.745,79.0,1.18,0.25,0.924723464,0,0,1,0,0.105,0.338636364,0.12,1.3,58,1.52,215.4604499,0.507089241,3.05,2.945,0.292156863,1.242053605,3.05904,1.95
Rb2SbAuI6,0.0,False,1.35,1.45,0.82,6,5.0,5,0.76,79.0,0.49,0.1,0.922415502,0,0,1,0,0.09,0.345454545,0.12,0.61,28,1.52,217.081801,0.505823627,3.05,2.96,0.298039216,1.232776895,3.05904,2.295
Rb2InAuI6,0.0,False,1.55,1.35,0.82,6,0.85,5,79.0,0.8,0.76,0.2,0.916316887,0,0,1,0,0.05,0.12,0.363636364,3.05,30,1.52,221.445125,0.502479339,0.88,3.0,0.31372549,1.20848643,3.05904,2.16
Rb2GaAuI6,0.0,False,1.35,1.3,0.82,6,4.0,5,0.62,79.0,0.73,0.05,0.94441519,0,0,1,0,0.23,0.281818182,0.12,0.85,48,1.52,202.262003,0.517887564,3.05,2.82,0.243137255,1.32310283,3.05904,2.175
Rb2BiAuI6,0.0,False,1.6,1.35,0.82,6,0.85,5,79.0,1.03,0.52,0.25,0.88275751,0,0,1,0,0.18,0.12,0.468181818,3.05,4,1.52,247.673152,0.484076433,0.64,3.23,0.403921569,1.080510449,3.05904,2.28
Rb2AsAuI6,0.0,False,1.35,1.15,0.82,6,4.0,5,0.58,79.0,0.36,0.2,0.950894882,0,0,1,0,0.27,0.263636364,0.12,0.48,46,1.52,198.155287,0.521440823,3.05,2.78,0.22745098,1.350523787,3.05904,2.36
Rb2AlAuI6,0.0,False,1.35,1.25,0.82,6,3.0,5,0.535,79.0,0.93,0.1,0.958291645,0,0,1,0,0.315,0.243181818,0.12,1.05,66,1.52,193.6021116,0.525496975,3.05,2.735,0.209803922,1.382285691,3.05904,2.075
Rb2TlAgI6,0.0,False,1.6,1.9,0.82,6,1.5,5,81.0,1.15,0.31,0.3,0.78634286,0,0,1,0,0.35,1.04,0.522727273,3.7,34,1.52,350.402625,0.431205674,0.73,3.35,0.255555556,0.763731232,3.05904,1.775
Rb2ScAgI6,2.1449,False,1.6,1.6,0.82,5,4.0,5,0.745,47.0,0.57,0.0,0.880654037,0,0,1,0,0.405,0.338636364,0.73,1.3,26,1.52,249.4521224,0.482922955,3.35,2.945,0.215942029,1.072804777,3.05904,1.645
Rb2InAgI6,0.0,False,1.6,1.55,0.82,5,5.0,5,0.8,47.0,0.15,0.05,0.873026325,0,0,1,0,0.35,0.363636364,0.73,0.88,2,1.52,256.047875,0.478740157,3.35,3.0,0.231884058,1.045169497,3.05904,1.855
Rb2GaAgI6,0.0,False,1.6,1.3,0.82,5,4.0,5,0.62,47.0,0.12,0.3,0.898495489,0,0,1,0,0.53,0.281818182,0.73,0.85,16,1.52,234.885113,0.492706645,3.35,2.82,0.179710145,1.139337548,3.05904,1.87
Rb2ScHgI6,0.0,False,1.5,1.6,0.82,6,4.0,5,0.745,80.0,0.64,0.1,0.88770491,0,0,1,0,0.355,0.338636364,0.66,1.3,59,1.52,243.5551561,0.486789432,3.3,2.945,0.225757576,1.098779565,3.05904,1.68
Rb2HgAsI6,0.0,False,1.5,1.15,0.82,6,4.0,5,0.58,80.0,0.18,0.35,0.911795586,0,0,1,0,0.52,0.263636364,0.66,0.48,47,1.52,224.755712,0.5,3.3,2.78,0.175757576,1.190685773,3.05904,2.09
Rb2GaHgI6,0.0,False,1.5,1.3,0.82,6,4.0,5,0.62,80.0,0.19,0.2,0.905836138,0,0,1,0,0.48,0.281818182,0.66,0.85,49,1.52,229.220928,0.496732026,3.3,2.82,0.187878788,1.167491254,3.05904,1.905
Rb2InHgI6,0.0,False,1.5,1.55,0.82,6,5.0,5,0.8,80.0,0.22,0.05,0.879955105,0,0,1,0,0.3,0.363636364,0.66,0.88,31,1.52,250.047,0.482539683,3.3,3.0,0.242424242,1.070252507,3.05904,1.89
Rb2AlTlI6,1.8326,False,1.9,1.25,0.82,6,3.0,5,0.535,81.0,0.01,0.65,0.861494509,0,0,1,0,0.965,0.243181818,1.04,1.05,68,1.52,266.4683629,0.472416472,3.7,2.735,0.118888889,1.004297192,3.05904,1.615
Rb2NaInI6,0.6818,True,1.8,1.55,0.82,3,5.0,5,0.8,11.0,0.85,0.25,0.891272856,0,0,1,0,0.22,0.363636364,1.73,0.88,38,1.52,240.641848,0.488745981,3.22,3.0,0.261437908,1.112081838,3.05904,1.355
Rb2NaScI6,2.2079,False,1.8,1.6,0.82,3,4.0,5,0.745,11.0,0.43,0.2,0.899224195,0,0,1,0,0.275,0.338636364,1.73,1.3,10,1.52,234.3145421,0.493106245,3.22,2.945,0.243464052,1.142111907,3.05904,1.145
Rb2InAsI6,0.0,False,1.55,1.15,0.82,4,0.58,5,33.0,0.8,0.4,0.4,0.959120617,0,0,1,0,0.22,0.48,0.363636364,2.78,16,1.52,193.100552,0.525951557,0.88,3.0,0.459770115,1.385876041,3.05904,1.98
Rb2InGaI6,0.2298,False,1.3,1.55,0.82,4,5.0,5,0.8,31.0,0.03,0.25,0.952528722,0,0,1,0,0.18,0.363636364,0.85,0.88,18,1.52,197.137368,0.52233677,2.82,3.0,0.430107527,1.357497218,3.05904,1.795
Rb2AlInI6,0.8989,False,1.55,1.25,0.82,5,3.0,5,0.535,49.0,0.17,0.3,0.966646411,0,0,1,0,0.265,0.243181818,0.88,1.05,36,1.52,188.6254404,0.530078466,3.0,2.735,0.222916667,1.418755753,3.05904,1.695
Rb2ScTlI6,2.3969,False,1.9,1.6,0.82,6,4.0,5,0.745,81.0,0.26,0.3,0.834268949,0,0,1,0,0.755,0.338636364,1.04,1.3,60,1.52,293.4167861,0.457486832,3.7,2.945,0.165555556,0.912059027,3.05904,1.49
Rb2YTlI6,3.0376,True,1.9,1.8,0.82,6,5.0,5,0.9,81.0,0.4,0.1,0.815252524,0,0,1,0,0.6,0.409090909,1.04,1.44,42,1.52,314.432,0.447058824,3.7,3.1,0.2,0.851101124,3.05904,1.42
Rb2TlInI6,0.8542,False,1.9,1.55,0.82,6,5.0,5,0.8,81.0,0.16,0.35,0.827420472,0,0,1,0,0.7,0.363636364,1.04,0.88,32,1.52,300.763,0.453731343,3.7,3.0,0.177777778,0.88978175,3.05904,1.7
Rb2TlSbI6,0.8683,True,1.9,1.45,0.82,6,5.0,5,0.76,81.0,0.43,0.45,0.832389965,0,0,1,0,0.74,0.345454545,1.04,0.61,30,1.52,295.408296,0.456456456,3.7,2.96,0.168888889,0.905910336,3.05904,1.835
Rb2TlAsI6,0.9148,True,1.9,1.15,0.82,6,4.0,5,0.58,81.0,0.56,0.75,0.855511908,0,0,1,0,0.92,0.263636364,1.04,0.48,48,1.52,272.097792,0.469135802,3.7,2.78,0.128888889,0.983519295,3.05904,1.9
Rb2TlGaI6,1.0849,False,1.9,1.3,0.82,6,4.0,5,0.62,81.0,0.19,0.6,0.850263369,0,0,1,0,0.88,0.281818182,1.04,0.85,50,1.52,277.167808,0.466257669,3.7,2.82,0.137777778,0.965528539,3.05904,1.715
Rb2NaTlI6,0.0,False,1.8,1.9,0.82,3,6.0,5,1.5,11.0,0.69,0.1,0.801115197,0,0,1,0,0.48,0.681818182,1.73,1.04,70,1.52,331.373888,0.439306358,3.22,3.7,0.490196078,0.807587557,3.05904,1.275
Rb2YInI6,2.6542,True,1.55,1.8,0.82,5,5.0,5,0.9,49.0,0.56,0.25,0.908806093,0,0,1,0,0.1,0.409090909,0.88,1.44,10,1.52,226.981,0.498360656,3.0,3.1,0.375,1.179012466,3.05904,1.5
Rb2ScInI6,2.0229,True,1.55,1.6,0.82,5,4.0,5,0.745,49.0,0.42,0.05,0.932500785,0,0,1,0,0.055,0.338636364,0.88,1.3,28,1.52,210.1142836,0.511354079,3.0,2.945,0.310416667,1.273656526,3.05904,1.57
Rb2InSbI6,0.5377,True,1.55,1.45,0.82,5,0.76,5,51.0,0.8,0.27,0.1,0.930153887,0,0,1,0,0.04,0.61,0.363636364,2.96,2,1.52,211.708736,0.510067114,0.88,3.0,0.350877193,1.264064174,3.05904,1.915
Rb2YHgI6,0.0,False,1.5,1.8,0.82,6,5.0,5,0.9,80.0,0.78,0.3,0.866205807,0,0,1,0,0.2,0.409090909,0.66,1.44,41,1.52,262.144,0.475,3.3,3.1,0.272727273,1.020864214,3.05904,1.61
Rb2TlHgI6,0.0,False,1.5,1.9,0.82,6,1.5,5,81.0,1.1,0.38,0.4,0.791959595,0,0,1,0,0.4,1.04,0.5,3.7,1,1.52,343.0,0.434285714,0.66,3.3,0.244444444,0.780214078,3.05904,1.81
Rb2LiRhCl6,1.6499,False,1.45,1.35,0.82,2,5.0,3,0.665,3.0,1.3,0.1,0.989529014,1,0,0,0,0.095,0.367403315,2.18,0.88,42,1.52,128.4054661,0.602576809,2.57,2.475,0.291666667,1.160625405,3.61272,1.63
Rb2LiVCl6,0.0,False,1.45,1.35,0.82,2,4.0,3,0.64,3.0,0.65,0.1,0.994456947,1,0,0,0,0.12,0.35359116,2.18,1.53,20,1.52,126.506008,0.605577689,2.57,2.45,0.280701754,1.178051924,3.61272,1.305
Rb2LiRuCl6,0.0,False,1.45,1.3,0.82,2,5.0,3,0.68,3.0,1.22,0.15,0.986595628,1,0,0,0,0.08,0.375690608,2.18,0.96,41,1.52,129.554216,0.600790514,2.57,2.49,0.298245614,1.150334205,3.61272,1.59
Rb2LiMoCl6,1.538,False,1.45,1.45,0.82,2,5.0,3,0.69,3.0,1.18,0.0,0.98464968,1,0,0,0,0.07,0.38121547,2.18,1.0,39,1.52,130.323843,0.599605523,2.57,2.5,0.302631579,1.143540911,3.61272,1.57
Rb2CuMoCl6,0.8542,True,1.35,1.45,0.82,4,5.0,3,0.69,29.0,0.26,0.1,0.982711393,1,0,0,0,0.08,0.38121547,1.26,1.0,13,1.52,131.096512,0.598425197,2.58,2.5,0.298701299,1.136801001,3.61272,2.03
Rb2NaMoCl6,1.6224,True,1.8,1.45,0.82,3,5.0,3,0.69,11.0,1.23,0.35,0.936617988,1,0,0,0,0.33,0.38121547,2.23,1.0,31,1.52,151.419437,0.570356473,2.83,2.5,0.225490196,0.984224014,3.61272,1.545
Rb2LiYCl6,4.9273,True,1.45,1.8,0.82,2,5.0,3,0.9,3.0,0.24,0.35,0.945487476,1,0,0,0,0.14,0.497237569,2.18,1.94,36,1.52,147.197952,0.575757576,2.57,2.71,0.394736842,1.012450541,3.61272,1.1
Rb2LiSbCl6,2.9411,False,1.45,1.45,0.82,2,5.0,3,0.76,3.0,1.07,0.0,0.971240054,1,0,0,0,0.0,0.419889503,2.18,1.11,48,1.52,135.796744,0.591439689,2.57,2.57,0.333333333,1.097453751,3.61272,1.515
Rb2LiPrCl6,4.8241,True,1.45,1.85,0.82,2,6.0,3,0.99,3.0,0.15,0.4,0.929641318,1,0,0,0,0.23,0.546961326,2.18,2.03,56,1.52,154.854153,0.566108007,2.57,2.8,0.434210526,0.962393602,3.61272,1.055
Rb2LiNdCl6,4.8504,True,1.45,1.85,0.82,2,6.0,3,0.983,3.0,0.16,0.4,0.930854722,1,0,0,0,0.223,0.543093923,2.18,2.02,57,1.52,154.2493671,0.566846914,2.57,2.793,0.431140351,0.966166986,3.61272,1.06
Rb2LiCeCl6,0.3224,False,1.45,1.85,0.82,2,6.0,3,1.01,3.0,0.14,0.4,0.926191814,1,0,0,0,0.25,0.55801105,2.18,2.04,55,1.52,156.590819,0.564007421,2.57,2.82,0.442982456,0.951720203,3.61272,1.05
Rb2LiBiCl6,3.6154,False,1.45,1.6,0.82,2,6.0,3,1.03,3.0,1.04,0.15,0.922767814,1,0,0,0,0.27,0.569060773,2.18,1.14,80,1.52,158.340421,0.561922366,2.57,2.84,0.451754386,0.941204054,3.61272,1.5
Rb2YCuCl6,2.6201,False,1.35,1.8,0.82,4,5.0,3,0.9,29.0,0.68,0.45,0.943700165,1,0,0,0,0.13,0.497237569,1.26,1.94,10,1.52,148.035889,0.574669187,2.58,2.71,0.38961039,1.006719702,3.61272,1.56
Rb2CuSbCl6,0.9005,False,1.35,1.45,0.82,4,5.0,3,0.76,29.0,0.15,0.1,0.969354151,1,0,0,0,0.01,0.419889503,1.26,1.11,22,1.52,136.590875,0.590291262,2.58,2.57,0.329004329,1.091073222,3.61272,1.975
Rb2PrCuCl6,2.3461,False,1.35,1.85,0.82,4,6.0,3,0.99,29.0,0.77,0.5,0.92791336,1,0,0,0,0.22,0.546961326,1.26,2.03,30,1.52,155.720872,0.565055762,2.58,2.8,0.428571429,0.957037064,3.61272,1.515
Rb2NdCuCl6,2.4344,False,1.35,1.85,0.82,4,6.0,3,0.983,29.0,0.76,0.5,0.929122255,1,0,0,0,0.213,0.543093923,1.26,2.02,31,1.52,155.1138301,0.565791923,2.58,2.793,0.425541126,0.960782452,3.61272,1.52
Rb2CuBiCl6,1.0756,False,1.35,1.6,0.82,4,6.0,3,1.03,29.0,0.12,0.25,0.921065291,1,0,0,0,0.26,0.569060773,1.26,1.14,54,1.52,159.220088,0.560885609,2.58,2.84,0.445887446,0.936004043,3.61272,1.96
Rb2NaYCl6,5.1042,True,1.8,1.8,0.82,3,5.0,3,0.9,11.0,0.29,0.0,0.901114418,1,0,0,0,0.12,0.497237569,2.23,1.94,28,1.52,170.031464,0.548736462,2.83,2.71,0.294117647,0.876488637,3.61272,1.075
Rb2NaPrCl6,4.9807,True,1.8,1.85,0.82,3,6.0,3,0.99,11.0,0.2,0.05,0.886709392,1,0,0,0,0.03,0.546961326,2.23,2.03,48,1.52,178.453547,0.539964476,2.83,2.8,0.323529412,0.835122914,3.61272,1.03
Rb2NaNdCl6,5.003,True,1.8,1.85,0.82,3,6.0,3,0.983,11.0,0.21,0.05,0.887813245,1,0,0,0,0.037,0.543093923,2.23,2.02,49,1.52,177.7887394,0.540636671,2.83,2.793,0.32124183,0.838245699,3.61272,1.035
Rb2NaCeCl6,3.9696,False,1.8,1.85,0.82,3,6.0,3,1.01,11.0,0.19,0.05,0.883570597,1,0,0,0,0.01,0.55801105,2.23,2.04,47,1.52,180.362125,0.538053097,2.83,2.82,0.330065359,0.826285708,3.61272,1.025
Rb2InAuCl6,0.0,False,1.55,1.35,0.82,6,0.85,3,79.0,0.8,0.76,0.2,0.94728157,1,0,0,0,0.05,0.62,0.44198895,2.66,30,1.52,146.363183,0.576850095,1.38,2.61,0.31372549,1.01822496,3.61272,2.16
Rb2ScAgCl6,3.2973,True,1.6,1.6,0.82,5,4.0,3,0.745,47.0,0.57,0.0,0.905199252,1,0,0,0,0.405,0.41160221,1.23,1.8,26,1.52,167.7399659,0.551223935,2.96,2.555,0.215942029,0.888462361,3.61272,1.645
Rb2AgMoCl6,1.0147,True,1.6,1.45,0.82,5,5.0,3,0.69,47.0,0.23,0.15,0.91431756,1,0,0,0,0.46,0.38121547,1.23,1.0,5,1.52,162.771336,0.556776557,2.96,2.5,0.2,0.915582865,3.61272,2.045
Rb2YAgCl6,3.8008,False,1.6,1.8,0.82,5,5.0,3,0.9,47.0,0.71,0.2,0.880453946,1,0,0,0,0.25,0.497237569,1.23,1.94,8,1.52,182.284263,0.536155203,2.96,2.71,0.260869565,0.81757275,3.61272,1.575
Rb2AgSbCl6,1.6275,False,1.6,1.45,0.82,5,5.0,3,0.76,47.0,0.12,0.15,0.90274392,1,0,0,0,0.39,0.419889503,1.23,1.11,4,1.52,169.112377,0.549728752,2.96,2.57,0.220289855,0.881252152,3.61272,1.99
Rb2PrAgCl6,3.6461,False,1.6,1.85,0.82,5,6.0,3,0.99,47.0,0.8,0.25,0.866696853,1,0,0,0,0.16,0.546961326,1.23,2.03,12,1.52,191.102976,0.527777778,2.96,2.8,0.286956522,0.779844716,3.61272,1.53
Rb2NdAgCl6,3.6549,False,1.6,1.85,0.82,5,6.0,3,0.983,47.0,0.79,0.25,0.867751412,1,0,0,0,0.167,0.543093923,1.23,2.02,13,1.52,190.4070928,0.528419955,2.96,2.793,0.284927536,0.782694825,3.61272,1.535
Rb2CeAgCl6,0.2738,False,1.6,1.85,0.82,5,6.0,3,1.01,47.0,0.81,0.25,0.863697902,1,0,0,0,0.14,0.55801105,1.23,2.04,11,1.52,193.100552,0.525951557,2.96,2.82,0.292753623,0.771777421,3.61272,1.525
Rb2AgBiCl6,2.06,False,1.6,1.6,0.82,5,6.0,3,1.03,47.0,0.09,0.0,0.860719634,1,0,0,0,0.12,0.569060773,1.23,1.14,36,1.52,195.112,0.524137931,2.96,2.84,0.298550725,0.763821016,3.61272,1.975
Rb2LuCuCl6,2.4367,False,1.35,1.75,0.82,4,6.0,3,0.861,29.0,0.63,0.4,0.950709174,1,0,0,0,0.091,0.475690608,1.26,1.89,42,1.52,144.7858283,0.578937345,2.58,2.671,0.372727273,1.02931791,3.61272,1.585
Rb2GaAuCl6,0.0,False,1.35,1.3,0.82,6,4.0,3,0.62,79.0,0.73,0.05,0.980780722,1,0,0,0,0.23,0.342541436,0.62,1.35,48,1.52,131.872229,0.597249509,2.66,2.43,0.243137255,1.130113954,3.61272,2.175
Rb2AlAuCl6,0.8409,True,1.35,1.25,0.82,6,3.0,3,0.535,79.0,0.93,0.1,0.997437338,1,0,0,0,0.315,0.29558011,0.62,1.55,66,1.52,125.3753751,0.607392607,2.66,2.345,0.209803922,1.188675575,3.61272,2.075
Rb2GaAgCl6,1.213,True,1.6,1.3,0.82,5,4.0,3,0.62,47.0,0.12,0.3,0.926191814,1,0,0,0,0.53,0.342541436,1.23,1.35,16,1.52,156.590819,0.564007421,2.96,2.43,0.179710145,0.951720203,3.61272,1.87
Rb2AgAuCl6,0.0,False,1.6,1.35,0.82,5,6.0,3,0.85,47.0,0.61,0.25,0.888287166,1,0,0,0,0.3,0.46961326,1.23,0.62,32,1.52,177.504328,0.540925267,2.96,2.66,0.246376812,0.839588802,3.61272,2.235
Rb2AlAgCl6,2.4448,True,1.6,1.25,0.82,5,3.0,3,0.535,47.0,0.32,0.35,0.941031833,1,0,0,0,0.615,0.29558011,1.23,1.55,34,1.52,149.2987476,0.573044298,2.96,2.345,0.155072464,0.998204261,3.61272,1.77
Rb2TlCuCl6,0.0,False,1.35,1.9,0.82,6,1.5,3,81.0,0.77,0.28,0.55,0.847567721,1,0,0,0,0.73,1.54,0.425414365,3.31,52,1.52,204.336469,0.516129032,1.26,2.58,0.171111111,0.729339441,3.61272,1.76
Rb2GdAgCl6,2.128,False,1.6,1.8,0.82,5,6.0,3,0.938,47.0,0.73,0.2,0.87459248,1,0,0,0,0.212,0.518232044,1.23,1.96,17,1.52,185.9738549,0.532585844,2.96,2.748,0.271884058,0.801352675,3.61272,1.565
Rb2TlAuCl6,0.0,False,1.9,1.35,0.82,6,6.0,3,0.85,81.0,0.92,0.55,0.836210029,1,0,0,0,0.65,0.46961326,1.54,0.62,2,1.52,212.776173,0.50921273,3.31,2.66,0.188888889,0.700410408,3.61272,2.08
Rb2ScAuCl6,2.0443,False,1.35,1.6,0.82,6,4.0,3,0.745,79.0,1.18,0.25,0.957272076,1,0,0,0,0.105,0.41160221,0.62,1.8,58,1.52,141.8283134,0.582933845,2.66,2.555,0.292156863,1.050782052,3.61272,1.95
Rb2AsAuCl6,0.2593,False,1.35,1.15,0.82,6,4.0,3,0.58,79.0,0.36,0.2,0.988549282,1,0,0,0,0.27,0.320441989,0.62,0.98,46,1.52,128.787625,0.601980198,2.66,2.39,0.22745098,1.157181415,3.61272,2.36
Rb2TmAgCl6,3.4255,False,1.6,1.75,0.82,5,6.0,3,0.88,47.0,0.68,0.15,0.883570597,1,0,0,0,0.27,0.486187845,1.23,1.91,22,1.52,180.362125,0.538053097,2.96,2.69,0.255072464,0.826285708,3.61272,1.59
Rb2TlAgCl6,0.0,False,1.6,1.9,0.82,6,1.5,3,81.0,1.15,0.31,0.3,0.79619998,1,0,0,0,0.35,1.54,0.635359116,3.31,34,1.52,246.491883,0.484848485,1.23,2.96,0.255555556,0.604606709,3.61272,1.775
Rb2LuAgCl6,3.681,False,1.6,1.75,0.82,5,6.0,3,0.861,47.0,0.66,0.15,0.886551922,1,0,0,0,0.289,0.475690608,1.23,1.89,24,1.52,178.5486546,0.539868585,2.96,2.671,0.249565217,0.834678068,3.61272,1.6
Rb2InAgCl6,1.293,True,1.6,1.55,0.82,5,5.0,3,0.8,47.0,0.15,0.05,0.896261019,1,0,0,0,0.35,0.44198895,1.23,1.38,2,1.52,172.808693,0.545780969,2.96,2.61,0.231884058,0.862402484,3.61272,1.855
Rb2ErAgCl6,3.7293,False,1.6,1.75,0.82,5,6.0,3,0.89,47.0,0.69,0.15,0.882009519,1,0,0,0,0.26,0.491712707,1.23,1.92,21,1.52,181.321496,0.537102473,2.96,2.7,0.257971014,0.821913835,3.61272,1.585
Rb2AgAsCl6,1.2354,False,1.6,1.15,0.82,5,4.0,3,0.58,47.0,0.25,0.45,0.933116612,1,0,0,0,0.57,0.320441989,1.23,0.98,14,1.52,153.130375,0.568224299,2.96,2.39,0.168115942,0.9732272,3.61272,2.055
Rb2YAuCl6,2.2513,False,1.35,1.8,0.82,6,5.0,3,0.9,79.0,1.32,0.45,0.929641318,1,0,0,0,0.05,0.497237569,0.62,1.94,40,1.52,154.854153,0.566108007,2.66,2.71,0.352941176,0.962393602,3.61272,1.88
Rb2SbAuCl6,0.3775,False,1.35,1.45,0.82,6,5.0,3,0.76,79.0,0.49,0.1,0.954526554,1,0,0,0,0.09,0.419889503,0.62,1.11,28,1.52,143.055667,0.58126195,2.66,2.57,0.298039216,1.041766812,3.61272,2.295
Rb2BiAuCl6,0.9712,False,1.6,1.35,0.82,6,0.85,3,79.0,1.03,0.52,0.25,0.907667977,1,0,0,0,0.18,0.62,0.569060773,2.66,4,1.52,166.375,0.552727273,1.14,2.84,0.403921569,0.895751442,3.61272,2.28
Rb2TbAgCl6,3.7266,False,1.6,1.75,0.82,5,6.0,3,0.923,47.0,0.83,0.15,0.876896869,1,0,0,0,0.227,0.509944751,1.23,2.06,18,1.52,184.5115476,0.533989109,2.96,2.733,0.267536232,0.807703627,3.61272,1.515
Rb2SmAgCl6,3.7291,False,1.6,1.85,0.82,5,6.0,3,0.958,47.0,0.76,0.25,0.871538735,1,0,0,0,0.192,0.529281768,1.23,1.99,15,1.52,187.9355884,0.530726257,2.96,2.768,0.277681159,0.792987892,3.61272,1.55
Rb2LaAgCl6,3.573,False,1.6,1.95,0.82,5,6.0,3,1.032,47.0,0.83,0.35,0.860422936,1,0,0,0,0.118,0.570165746,1.23,2.06,10,1.52,195.3139096,0.523957256,2.96,2.842,0.299130435,0.763031401,3.61272,1.515
Rb2EuAgCl6,0.0,False,1.6,1.85,0.82,5,6.0,3,0.947,47.0,0.73,0.25,0.873215651,1,0,0,0,0.203,0.52320442,1.23,1.96,16,1.52,186.8549368,0.53174742,2.96,2.757,0.274492754,0.797574036,3.61272,1.565
Rb2DyAgCl6,3.7248,False,1.6,1.75,0.82,5,6.0,3,0.912,47.0,0.71,0.15,0.878594487,1,0,0,0,0.238,0.503867403,1.23,1.94,19,1.52,183.4440746,0.535022879,2.96,2.722,0.264347826,0.812403706,3.61272,1.575
Rb2TmCuCl6,2.4353,False,1.35,1.75,0.82,4,6.0,3,0.88,29.0,0.65,0.4,0.94728157,1,0,0,0,0.11,0.486187845,1.26,1.91,40,1.52,146.363183,0.576850095,2.58,2.69,0.380952381,1.01822496,3.61272,1.575
Rb2TbCuCl6,2.5313,False,1.35,1.75,0.82,4,6.0,3,0.923,29.0,0.8,0.4,0.939614883,1,0,0,0,0.153,0.509944751,1.26,2.06,36,1.52,149.9751993,0.572181442,2.58,2.733,0.3995671,0.993701937,3.61272,1.5
Rb2SmCuCl6,2.5695,False,1.35,1.85,0.82,4,6.0,3,0.958,29.0,0.73,0.5,0.933465571,1,0,0,0,0.188,0.529281768,1.26,1.99,33,1.52,152.9587042,0.568436799,2.58,2.768,0.414718615,0.974319486,3.61272,1.535
Rb2CuAuCl6,0.0,False,1.35,1.35,0.82,4,6.0,3,0.85,29.0,0.64,0.0,0.952704938,1,0,0,0,0.08,0.46961326,1.26,0.62,50,1.52,143.877824,0.580152672,2.58,2.66,0.367965368,1.035813873,3.61272,2.22
Rb2ErCuCl6,2.2131,False,1.35,1.75,0.82,4,6.0,3,0.89,29.0,0.66,0.4,0.945487476,1,0,0,0,0.12,0.491712707,1.26,1.92,39,1.52,147.197952,0.575757576,2.58,2.7,0.385281385,1.012450541,3.61272,1.57
Rb2EuCuCl6,0.0,False,1.35,1.85,0.82,4,6.0,3,0.947,29.0,0.7,0.5,0.935389521,1,0,0,0,0.177,0.52320442,1.26,1.96,34,1.52,152.0168078,0.569608394,2.58,2.757,0.40995671,0.980356372,3.61272,1.55
Rb2CeCuCl6,0.2559,False,1.35,1.85,0.82,4,6.0,3,1.01,29.0,0.78,0.5,0.924476644,1,0,0,0,0.24,0.55801105,1.26,2.04,29,1.52,157.464,0.562962963,2.58,2.82,0.437229437,0.946442654,3.61272,1.51
Rb2HgAsCl6,0.0,False,1.5,1.15,0.82,6,4.0,3,0.58,80.0,0.18,0.35,0.941919599,1,0,0,0,0.52,0.320441989,1.16,0.98,47,1.52,148.877,0.573584906,2.91,2.39,0.175757576,1.001032034,3.61272,2.09
Rb2GaHgCl6,0.0,False,1.5,1.3,0.82,6,4.0,3,0.62,80.0,0.19,0.2,0.934864022,1,0,0,0,0.48,0.342541436,1.16,1.35,49,1.52,152.273304,0.56928839,2.91,2.43,0.187878788,0.978705014,3.61272,1.905
Rb2InHgCl6,0.0,False,1.5,1.55,0.82,6,5.0,3,0.8,80.0,0.22,0.05,0.904379325,1,0,0,0,0.3,0.44198895,1.16,1.38,31,1.52,168.196608,0.550724638,2.91,2.61,0.242424242,0.886050247,3.61272,1.89
Rb2LaCuCl6,2.1713,False,1.35,1.95,0.82,4,6.0,3,1.032,29.0,0.8,0.6,0.92072554,1,0,0,0,0.262,0.570165746,1.26,2.06,28,1.52,159.3964114,0.560678716,2.58,2.842,0.446753247,0.93496864,3.61272,1.5
Rb2AlHgCl6,0.0,False,1.5,1.25,0.82,6,3.0,3,0.535,80.0,0.39,0.25,0.949985514,1,0,0,0,0.565,0.29558011,1.16,1.55,67,1.52,145.1169564,0.57849667,2.91,2.345,0.162121212,1.02696921,3.61272,1.805
Rb2HgSbCl6,0.0,False,1.5,1.45,0.82,6,5.0,3,0.76,80.0,0.05,0.05,0.910980634,1,0,0,0,0.34,0.419889503,1.16,1.11,29,1.52,164.566592,0.554744526,2.91,2.57,0.23030303,0.905594777,3.61272,2.025
Rb2ScHgCl6,0.0,False,1.5,1.6,0.82,6,4.0,3,0.745,80.0,0.64,0.1,0.913481038,1,0,0,0,0.355,0.41160221,1.16,1.8,59,1.52,163.2189196,0.556267155,2.91,2.555,0.225757576,0.913072127,3.61272,1.68
Rb2CeAuCl6,0.0,False,1.35,1.85,0.82,6,6.0,3,1.01,79.0,1.42,0.5,0.910980634,1,0,0,0,0.16,0.55801105,0.62,2.04,21,1.52,164.566592,0.554744526,2.66,2.82,0.396078431,0.905594777,3.61272,1.83
Rb2DyCuCl6,2.5201,False,1.35,1.75,0.82,4,6.0,3,0.912,29.0,0.68,0.4,0.941564292,1,0,0,0,0.142,0.503867403,1.26,1.94,37,1.52,149.0456036,0.57336854,2.58,2.722,0.394805195,0.999899645,3.61272,1.56
Rb2TmAuCl6,2.1063,False,1.35,1.75,0.82,6,6.0,3,0.88,79.0,1.29,0.4,0.933116612,1,0,0,0,0.03,0.486187845,0.62,1.91,10,1.52,153.130375,0.568224299,2.66,2.69,0.345098039,0.9732272,3.61272,1.895
Rb2PrAuCl6,2.2207,False,1.35,1.85,0.82,6,6.0,3,0.99,79.0,1.41,0.5,0.91431756,1,0,0,0,0.14,0.546961326,0.62,2.03,20,1.52,162.771336,0.556776557,2.66,2.8,0.388235294,0.915582865,3.61272,1.835
Rb2LaAuCl6,2.301,False,1.35,1.95,0.82,6,6.0,3,1.032,79.0,1.44,0.6,0.907338036,1,0,0,0,0.182,0.570165746,0.62,2.06,22,1.52,166.556566,0.552526354,2.66,2.842,0.404705882,0.894774969,3.61272,1.82
Rb2EuAuCl6,0.0,False,1.35,1.85,0.82,6,6.0,3,0.947,79.0,1.34,0.5,0.921575388,1,0,0,0,0.097,0.52320442,0.62,1.96,16,1.52,158.9558467,0.561196234,2.66,2.757,0.371372549,0.937560015,3.61272,1.87
Rb2HgBiCl6,0.0,False,1.5,1.6,0.82,6,6.0,3,1.03,80.0,0.02,0.1,0.868204152,1,0,0,0,0.07,0.569060773,1.16,1.14,3,1.52,190.109375,0.528695652,2.91,2.84,0.312121212,0.783920552,3.61272,2.01
Rb2ScCuCl6,1.8951,False,1.35,1.6,0.82,4,4.0,3,0.745,29.0,0.54,0.25,0.97218576,1,0,0,0,0.025,0.41160221,1.26,1.8,8,1.52,135.4008354,0.592015579,2.58,2.555,0.322510823,1.100662678,3.61272,1.63
Rb2InCuCl6,0.0,False,1.35,1.55,0.82,4,5.0,3,0.8,29.0,0.12,0.2,0.961883213,1,0,0,0,0.03,0.44198895,1.26,1.38,20,1.52,139.798359,0.585741811,2.58,2.61,0.346320346,1.066040025,3.61272,1.84
Rb2SmAuCl6,2.2894,False,1.35,1.85,0.82,6,6.0,3,0.958,79.0,1.37,0.5,0.919707788,1,0,0,0,0.108,0.529281768,0.62,1.99,17,1.52,159.9261628,0.560058954,2.66,2.768,0.375686275,0.931871581,3.61272,1.855
Rb2TbAuCl6,2.2107,False,1.35,1.75,0.82,6,6.0,3,0.923,79.0,1.44,0.4,0.925676595,1,0,0,0,0.073,0.509944751,0.62,2.06,14,1.52,156.8524335,0.563693677,2.66,2.733,0.361960784,0.950132828,3.61272,1.82
Rb2DyAuCl6,2.189,False,1.35,1.75,0.82,6,6.0,3,0.912,79.0,1.32,0.4,0.927568539,1,0,0,0,0.062,0.503867403,0.62,1.94,13,1.52,155.894603,0.564845782,2.66,2.722,0.357647059,0.955970529,3.61272,1.88
Rb2ErAuCl6,2.1263,False,1.35,1.75,0.82,6,6.0,3,0.89,79.0,1.3,0.4,0.931375723,1,0,0,0,0.04,0.491712707,0.62,1.92,11,1.52,153.990656,0.567164179,2.66,2.7,0.349019608,0.967790189,3.61272,1.89
Rb2NdAuCl6,2.2412,False,1.35,1.85,0.82,6,6.0,3,0.983,79.0,1.4,0.5,0.915491266,1,0,0,0,0.133,0.543093923,0.62,2.02,19,1.52,162.1460947,0.557491289,2.66,2.793,0.385490196,0.919113386,3.61272,1.84
Rb2NaGaCl6,2.9042,True,1.8,1.3,0.82,3,4.0,3,0.62,11.0,0.88,0.5,0.949082486,1,0,0,0,0.4,0.342541436,2.23,1.35,20,1.52,145.531576,0.577946768,2.83,2.43,0.202614379,1.024043374,3.61272,1.37
Rb2LiScCl6,3.7539,True,1.45,1.6,0.82,2,4.0,3,0.745,3.0,0.38,0.15,0.974082707,1,0,0,0,0.015,0.41160221,2.18,1.8,18,1.52,134.6113281,0.593170732,2.57,2.555,0.326754386,1.107118161,3.61272,1.17
Rb2NaAlCl6,4.2244,True,1.8,1.25,0.82,3,3.0,3,0.535,11.0,0.68,0.55,0.96467128,1,0,0,0,0.485,0.29558011,2.23,1.55,2,1.52,138.5897344,0.587439614,2.83,2.345,0.174836601,1.075336833,3.61272,1.27
Rb2NaScCl6,3.9108,False,1.8,1.6,0.82,3,4.0,3,0.745,11.0,0.43,0.2,0.927051787,1,0,0,0,0.275,0.41160221,2.23,1.8,10,1.52,156.1554416,0.564531105,2.83,2.555,0.243464052,0.954373697,3.61272,1.145
Rb2NaAsCl6,3.1484,False,1.8,1.15,0.82,3,4.0,3,0.58,11.0,1.25,0.65,0.956355149,1,0,0,0,0.44,0.320441989,2.23,0.98,22,1.52,142.236648,0.582375479,2.83,2.39,0.189542484,1.047765454,3.61272,1.555
Rb2LiTmCl6,5.2728,True,1.45,1.75,0.82,2,6.0,3,0.88,3.0,0.27,0.3,0.949082486,1,0,0,0,0.12,0.486187845,2.18,1.91,66,1.52,145.531576,0.577946768,2.57,2.69,0.385964912,1.024043374,3.61272,1.115
Rb2LiSmCl6,4.9187,True,1.45,1.85,0.82,2,6.0,3,0.958,3.0,0.19,0.4,0.935214289,1,0,0,0,0.198,0.529281768,2.18,1.99,59,1.52,152.1022745,0.569501686,2.57,2.768,0.420175439,0.979805507,3.61272,1.075
Rb2LiTbCl6,5.0624,True,1.45,1.75,0.82,2,6.0,3,0.923,3.0,0.12,0.3,0.941386739,1,0,0,0,0.163,0.509944751,2.18,2.06,62,1.52,149.1299531,0.573260419,2.57,2.733,0.404824561,0.999334091,3.61272,1.04
Rb2LiLaCl6,4.5047,True,1.45,1.95,0.82,2,6.0,3,1.032,3.0,0.12,0.5,0.922426806,1,0,0,0,0.272,0.570165746,2.18,2.06,54,1.52,158.5160945,0.561714708,2.57,2.842,0.452631579,0.940160976,3.61272,1.04
Rb2LiEuCl6,0.0,False,1.45,1.85,0.82,2,6.0,3,0.947,3.0,0.22,0.4,0.937145462,1,0,0,0,0.187,0.52320442,2.18,1.96,60,1.52,151.1639008,0.57067768,2.57,2.757,0.415350877,0.985887803,3.61272,1.09
Rb2LiGdCl6,2.8184,True,1.45,1.8,0.82,2,6.0,3,0.938,3.0,0.22,0.35,0.938731455,1,0,0,0,0.178,0.518232044,2.18,1.96,61,1.52,150.3990174,0.571643475,2.57,2.748,0.411403509,0.990901727,3.61272,1.09
Rb2LiDyCl6,5.1062,True,1.45,1.75,0.82,2,6.0,3,0.912,3.0,0.24,0.3,0.943343514,1,0,0,0,0.152,0.503867403,2.18,1.94,63,1.52,148.2038571,0.574452003,2.57,2.722,0.4,1.005578728,3.61272,1.1
Rb2LiErCl6,5.2115,True,1.45,1.75,0.82,2,6.0,3,0.89,3.0,0.26,0.3,0.94728157,1,0,0,0,0.13,0.491712707,2.18,1.92,65,1.52,146.363183,0.576850095,2.57,2.7,0.390350877,1.01822496,3.61272,1.11
Rb2YTlCl6,4.1524,True,1.9,1.8,0.82,6,5.0,3,0.9,81.0,0.4,0.1,0.829264763,1,0,0,0,0.6,0.497237569,1.54,1.94,42,1.52,218.167208,0.504983389,3.31,2.71,0.2,0.683102871,3.61272,1.42
Rb2TlSbCl6,1.9551,True,1.9,1.45,0.82,6,5.0,3,0.76,81.0,0.43,0.45,0.849009162,1,0,0,0,0.74,0.419889503,1.54,1.11,30,1.52,203.297472,0.517006803,3.31,2.57,0.168888889,0.733066893,3.61272,1.835
Rb2ScTlCl6,3.4475,True,1.9,1.6,0.82,6,4.0,3,0.745,81.0,0.26,0.3,0.851180541,1,0,0,0,0.755,0.41160221,1.54,1.8,60,1.52,201.7455896,0.518329071,3.31,2.555,0.165555556,0.738705844,3.61272,1.49
Rb2TlGaCl6,2.5867,False,1.9,1.3,0.82,6,4.0,3,0.62,81.0,0.19,0.6,0.869716703,1,0,0,0,0.88,0.342541436,1.54,1.35,50,1.52,189.119224,0.529616725,3.31,2.43,0.137777778,0.788024839,3.61272,1.715
Rb2AlTlCl6,3.8791,False,1.9,1.25,0.82,6,3.0,3,0.535,81.0,0.01,0.65,0.882789368,1,0,0,0,0.965,0.29558011,1.54,1.55,68,1.52,180.8413864,0.537577365,3.31,2.345,0.118888889,0.824095906,3.61272,1.615
Rb2TlAsCl6,1.9544,True,1.9,1.15,0.82,6,4.0,3,0.58,81.0,0.56,0.75,0.875819978,1,0,0,0,0.92,0.320441989,1.54,0.98,48,1.52,185.193,0.533333333,3.31,2.39,0.128888889,0.804731529,3.61272,1.9
Rb2NaSmCl6,5.0726,True,1.8,1.85,0.82,3,6.0,3,0.958,11.0,0.24,0.05,0.891778113,1,0,0,0,0.062,0.529281768,2.23,1.99,51,1.52,175.4279072,0.54305109,2.83,2.768,0.313071895,0.849526444,3.61272,1.05
Rb2NaTbCl6,5.1216,True,1.8,1.75,0.82,3,6.0,3,0.923,11.0,0.17,0.05,0.897388797,1,0,0,0,0.097,0.509944751,2.23,2.06,54,1.52,172.1579885,0.546467733,2.83,2.733,0.301633987,0.865662101,3.61272,1.015
Rb2NaLaCl6,4.6431,True,1.8,1.95,0.82,3,6.0,3,1.032,11.0,0.17,0.15,0.88014349,1,0,0,0,0.012,0.570165746,2.23,2.06,46,1.52,182.4772244,0.53596615,2.83,2.842,0.337254902,0.816708203,3.61272,1.015
Rb2NaGdCl6,2.711,True,1.8,1.8,0.82,3,6.0,3,0.938,11.0,0.27,0.0,0.894975596,1,0,0,0,0.082,0.518232044,2.23,1.96,53,1.52,173.5543606,0.544998207,2.83,2.748,0.306535948,0.858697215,3.61272,1.065
Rb2NaEuCl6,0.0,False,1.8,1.85,0.82,3,6.0,3,0.947,11.0,0.27,0.05,0.893533896,1,0,0,0,0.073,0.52320442,2.23,1.96,52,1.52,174.395797,0.544120279,2.83,2.757,0.309477124,0.854554116,3.61272,1.065
Rb2NaDyCl6,5.1403,True,1.8,1.75,0.82,3,6.0,3,0.912,11.0,0.29,0.05,0.899166764,1,0,0,0,0.108,0.503867403,2.23,1.94,55,1.52,171.1387566,0.547550432,2.83,2.722,0.298039216,0.870817628,3.61272,1.075
Rb2NaErCl6,5.1645,True,1.8,1.75,0.82,3,6.0,3,0.89,11.0,0.31,0.05,0.90274392,1,0,0,0,0.13,0.491712707,2.23,1.92,57,1.52,169.112377,0.549728752,2.83,2.7,0.290849673,0.881252152,3.61272,1.085
Rb2YInCl6,3.3242,False,1.55,1.8,0.82,5,5.0,3,0.9,49.0,0.56,0.25,0.938378548,1,0,0,0,0.1,0.497237569,1.38,1.94,10,1.52,150.568768,0.571428571,2.61,2.71,0.375,0.989784589,3.61272,1.5
Rb2ScInCl6,2.6355,True,1.55,1.6,0.82,5,4.0,3,0.745,49.0,0.42,0.05,0.966538988,1,0,0,0,0.055,0.41160221,1.38,1.8,28,1.52,137.7878671,0.58857696,2.61,2.555,0.310416667,1.08159484,3.61272,1.57
Rb2InGaCl6,1.5346,False,1.3,1.55,0.82,4,5.0,3,0.8,31.0,0.03,0.25,0.99051069,1,0,0,0,0.18,0.44198895,1.35,1.38,18,1.52,128.024064,0.603174603,2.43,2.61,0.430107527,1.164083075,3.61272,1.795
Rb2InSbCl6,1.2828,True,1.55,1.45,0.82,5,0.76,3,51.0,0.8,0.27,0.1,0.96374013,1,0,0,0,0.04,1.11,0.44198895,2.57,2,1.52,138.991832,0.586872587,1.38,2.61,0.350877193,1.072225928,3.61272,1.915
Rb2InBiCl6,1.6916,True,1.55,1.6,0.82,6,1.03,3,83.0,0.8,0.24,0.05,0.915995206,1,0,0,0,0.23,1.14,0.44198895,2.84,34,1.52,161.878625,0.557798165,1.38,2.61,0.258899676,0.920632024,3.61272,1.9
Rb2InAsCl6,1.2307,True,1.55,1.15,0.82,4,0.58,3,33.0,0.8,0.4,0.4,0.998434775,1,0,0,0,0.22,0.98,0.44198895,2.39,16,1.52,125.0,0.608,1.38,2.61,0.459770115,1.192245169,3.61272,1.98
Rb2AlInCl6,2.9942,False,1.55,1.25,0.82,5,3.0,3,0.535,49.0,0.17,0.3,1.007502296,1,0,0,0,0.265,0.29558011,1.38,1.55,36,1.52,121.6552839,0.613521695,2.61,2.345,0.222916667,1.22502403,3.61272,1.695
Rb2TlHgCl6,0.0,False,1.5,1.9,0.82,6,1.5,3,81.0,1.1,0.38,0.4,0.802600301,1,0,0,0,0.4,1.54,0.607734807,3.31,1,1.52,240.641848,0.488745981,1.16,2.91,0.244444444,0.619304777,3.61272,1.81
Rb2YHgCl6,0.0,False,1.5,1.8,0.82,6,5.0,3,0.9,80.0,0.78,0.3,0.888287166,1,0,0,0,0.2,0.497237569,1.16,1.94,41,1.52,177.504328,0.540925267,2.91,2.71,0.272727273,0.839588802,3.61272,1.61
Rb2LiAuCl6,0.0,False,1.45,1.35,0.82,2,6.0,3,0.85,3.0,1.56,0.1,0.954526554,1,0,0,0,0.09,0.46961326,2.18,0.62,76,1.52,143.055667,0.58126195,2.57,2.66,0.372807018,1.041766812,3.61272,1.76
Rb2NaAuCl6,0.0,False,1.8,1.35,0.82,3,6.0,3,0.85,11.0,1.61,0.45,0.909321289,1,0,0,0,0.17,0.46961326,2.23,0.62,68,1.52,165.469149,0.553734062,2.83,2.66,0.277777778,0.90065518,3.61272,1.735
Rb2LiYbCl6,0.0,False,1.45,1.75,0.82,2,6.0,3,0.868,3.0,0.12,0.3,0.951252644,1,0,0,0,0.108,0.479558011,2.18,2.06,67,1.52,144.537813,0.579268293,2.57,2.678,0.380701754,1.031084137,3.61272,1.04
Rb2LiHoCl6,5.1901,True,1.45,1.75,0.82,2,6.0,3,0.901,3.0,0.25,0.3,0.945308441,1,0,0,0,0.141,0.497790055,2.18,1.93,64,1.52,147.281603,0.575648551,2.57,2.711,0.395175439,1.011875503,3.61272,1.105
Rb2NaCrCl6,1.3631,True,1.8,1.4,0.82,3,4.0,3,0.615,11.0,0.73,0.4,0.949985514,1,0,0,0,0.405,0.339779006,2.23,1.5,13,1.52,145.1169564,0.57849667,2.83,2.425,0.200980392,1.02696921,3.61272,1.295
Rb2NaVCl6,0.0,False,1.8,1.35,0.82,3,4.0,3,0.64,11.0,0.7,0.45,0.945487476,1,0,0,0,0.38,0.35359116,2.23,1.53,12,1.52,147.197952,0.575757576,2.83,2.45,0.209150327,1.012450541,3.61272,1.28
Rb2NaTmCl6,5.0572,True,1.8,1.75,0.82,3,6.0,3,0.88,11.0,0.32,0.05,0.904379325,1,0,0,0,0.14,0.486187845,2.23,1.91,58,1.52,168.196608,0.550724638,2.83,2.69,0.287581699,0.886050247,3.61272,1.09
Rb2NaBiCl6,3.7342,False,1.8,1.6,0.82,3,6.0,3,1.03,11.0,1.09,0.2,0.880453946,1,0,0,0,0.01,0.569060773,2.23,1.14,72,1.52,182.284263,0.536155203,2.83,2.84,0.336601307,0.81757275,3.61272,1.475
Rb2NaSbCl6,3.0525,False,1.8,1.45,0.82,3,5.0,3,0.76,11.0,1.12,0.35,0.924476644,1,0,0,0,0.26,0.419889503,2.23,1.11,40,1.52,157.464,0.562962963,2.83,2.57,0.248366013,0.946442654,3.61272,1.49
Rb2NaInCl6,3.0533,True,1.8,1.55,0.82,3,5.0,3,0.8,11.0,0.85,0.25,0.917679021,1,0,0,0,0.22,0.44198895,2.23,1.38,38,1.52,160.989184,0.558823529,2.83,2.61,0.261437908,0.925718377,3.61272,1.355
Rb2TlInCl6,2.3962,False,1.9,1.55,0.82,6,5.0,3,0.8,81.0,0.16,0.35,0.843272614,1,0,0,0,0.7,0.44198895,1.54,1.38,32,1.52,207.474688,0.513513514,3.31,2.61,0.177777778,0.718307604,3.61272,1.7
Rb2NaTlCl6,1.8121,True,1.8,1.9,0.82,3,6.0,3,1.5,11.0,0.69,0.1,0.813057634,1,0,0,0,0.48,0.828729282,2.23,1.54,70,1.52,231.475544,0.495114007,2.83,3.31,0.490196078,0.643828905,3.61272,1.275
Rb2LiTlCl6,1.5593,True,1.45,1.9,0.82,2,6.0,3,1.5,3.0,0.64,0.45,0.849009162,1,0,0,0,0.74,0.828729282,2.18,1.54,78,1.52,203.297472,0.517006803,2.57,3.31,0.657894737,0.733066893,3.61272,1.3
Rb2LiInCl6,2.8282,True,1.45,1.55,0.82,2,5.0,3,0.8,3.0,0.8,0.1,0.96374013,1,0,0,0,0.04,0.44198895,2.18,1.38,46,1.52,138.991832,0.586872587,2.57,2.61,0.350877193,1.072225928,3.61272,1.38
Rb2NaGaBr6,1.6024,True,1.8,1.3,0.82,3,4.0,4,0.62,11.0,0.88,0.5,0.936026243,0,1,0,0,0.4,0.316326531,2.03,1.15,20,1.52,171.879616,0.54676259,2.98,2.58,0.202614379,1.100990823,3.36359,1.37
Rb2InAsBr6,0.6249,True,1.55,1.15,0.82,4,0.58,4,33.0,0.8,0.4,0.4,0.981944511,0,1,0,0,0.22,0.78,0.408163265,2.54,16,1.52,148.877,0.573584906,1.18,2.76,0.459770115,1.271102184,3.36359,1.98
Rb2CuMoBr6,0.4005,True,1.35,1.45,0.82,4,5.0,4,0.69,29.0,0.26,0.1,0.967343106,0,1,0,0,0.08,0.352040816,1.06,0.8,13,1.52,155.720872,0.565055762,2.73,2.65,0.298701299,1.215237736,3.36359,2.03
Rb2NaYBr6,4.1918,True,1.8,1.8,0.82,3,5.0,4,0.9,11.0,0.29,0.0,0.891148272,0,1,0,0,0.12,0.459183673,2.03,1.74,28,1.52,199.176704,0.520547945,2.98,2.86,0.294117647,0.950100469,3.36359,1.075
Rb2NaSbBr6,2.5605,False,1.8,1.45,0.82,3,5.0,4,0.76,11.0,1.12,0.35,0.913036124,0,1,0,0,0.26,0.387755102,2.03,0.91,40,1.52,185.193,0.533333333,2.98,2.72,0.248366013,1.02184143,3.36359,1.49
Rb2NaMoBr6,1.4757,True,1.8,1.45,0.82,3,5.0,4,0.69,11.0,1.23,0.35,0.924388261,0,1,0,0,0.33,0.352040816,2.03,0.8,31,1.52,178.453547,0.539964476,2.98,2.65,0.225490196,1.060432158,3.36359,1.545
Rb2LiYBr6,4.042,True,1.45,1.8,0.82,2,5.0,4,0.9,3.0,0.24,0.35,0.93267131,0,1,0,0,0.14,0.459183673,1.98,1.74,36,1.52,173.741112,0.544802867,2.72,2.86,0.394736842,1.089194594,3.36359,1.1
Rb2LiSbBr6,2.3274,False,1.45,1.45,0.82,2,5.0,4,0.76,3.0,1.07,0.0,0.95667388,0,1,0,0,0.0,0.387755102,1.98,0.91,48,1.52,160.989184,0.558823529,2.72,2.72,0.333333333,1.175469526,3.36359,1.515
Rb2LiPrBr6,3.9853,True,1.45,1.85,0.82,2,6.0,4,0.99,3.0,0.15,0.4,0.917867003,0,1,0,0,0.23,0.505102041,1.98,1.83,56,1.52,182.284263,0.536155203,2.72,2.95,0.434210526,1.038147105,3.36359,1.055
Rb2LiNdBr6,4.001,True,1.45,1.85,0.82,2,6.0,4,0.983,3.0,0.16,0.4,0.919001573,0,1,0,0,0.223,0.501530612,1.98,1.82,57,1.52,181.6099692,0.536817941,2.72,2.943,0.431140351,1.042001607,3.36359,1.06
Rb2LiMoBr6,1.2695,True,1.45,1.45,0.82,2,5.0,4,0.69,3.0,1.18,0.0,0.96914449,0,1,0,0,0.07,0.352040816,1.98,0.8,39,1.52,154.854153,0.566108007,2.72,2.65,0.302631579,1.222039424,3.36359,1.57
Rb2LiCeBr6,0.2925,False,1.45,1.85,0.82,2,6.0,4,1.01,3.0,0.14,0.4,0.914640757,0,1,0,0,0.25,0.515306122,1.98,1.84,55,1.52,184.220009,0.53427065,2.72,2.97,0.442982456,1.027238468,3.36359,1.05
Rb2LiBiBr6,2.9149,False,1.45,1.6,0.82,2,6.0,4,1.03,3.0,1.04,0.15,0.911437112,0,1,0,0,0.27,0.525510204,1.98,0.94,80,1.52,186.169411,0.532399299,2.72,2.99,0.451754386,1.016482132,3.36359,1.5
Rb2CuSbBr6,0.4021,False,1.35,1.45,0.82,4,5.0,4,0.76,29.0,0.15,0.1,0.954918516,0,1,0,0,0.01,0.387755102,1.06,0.91,22,1.52,161.878625,0.557798165,2.73,2.72,0.329004329,1.169010917,3.36359,1.975
Rb2PrCuBr6,1.9411,False,1.35,1.85,0.82,4,6.0,4,0.99,29.0,0.77,0.5,0.91625104,0,1,0,0,0.22,0.505102041,1.06,1.83,30,1.52,183.250432,0.535211268,2.73,2.95,0.428571429,1.032673581,3.36359,1.515
Rb2NdCuBr6,2.2883,False,1.35,1.85,0.82,4,6.0,4,0.983,29.0,0.76,0.5,0.917381616,0,1,0,0,0.213,0.501530612,1.06,1.82,31,1.52,182.5737562,0.535871673,2.73,2.943,0.425541126,1.036500994,3.36359,1.52
Rb2CuBiBr6,0.846,False,1.35,1.6,0.82,4,6.0,4,1.03,29.0,0.12,0.25,0.90984369,0,1,0,0,0.26,0.525510204,1.06,0.94,54,1.52,187.149248,0.531468531,2.73,2.99,0.445887446,1.011160247,3.36359,1.96
Rb2NaPrBr6,4.0373,True,1.8,1.85,0.82,3,6.0,4,0.99,11.0,0.2,0.05,0.877623256,0,1,0,0,0.03,0.505102041,2.03,1.83,48,1.52,208.527857,0.512647555,2.98,2.95,0.323529412,0.907494483,3.36359,1.03
Rb2NaNdBr6,4.0334,True,1.8,1.85,0.82,3,6.0,4,0.983,11.0,0.21,0.05,0.878660461,0,1,0,0,0.037,0.501530612,2.03,1.82,49,1.52,207.7902655,0.513253419,2.98,2.943,0.32124183,0.91071581,3.36359,1.035
Rb2NaCeBr6,3.2334,False,1.8,1.85,0.82,3,6.0,4,1.01,11.0,0.19,0.05,0.874673262,0,1,0,0,0.01,0.515306122,2.03,1.84,47,1.52,210.644875,0.51092437,2.98,2.97,0.330065359,0.898374004,3.36359,1.025
Rb2NaBiBr6,3.136,False,1.8,1.6,0.82,3,6.0,4,1.03,11.0,1.09,0.2,0.871743033,0,1,0,0,0.01,0.525510204,2.03,0.94,72,1.52,212.776173,0.50921273,2.98,2.99,0.336601307,0.889375334,3.36359,1.475
Rb2YAgBr6,3.3104,False,1.6,1.8,0.82,5,5.0,4,0.9,47.0,0.71,0.2,0.871743033,0,1,0,0,0.25,0.459183673,1.03,1.74,8,1.52,212.776173,0.50921273,3.11,2.86,0.260869565,0.889375334,3.36359,1.575
Rb2AgSbBr6,1.1538,False,1.6,1.45,0.82,5,5.0,4,0.76,47.0,0.12,0.15,0.892676828,0,1,0,0,0.39,0.387755102,1.03,0.91,4,1.52,198.155287,0.521440823,3.11,2.72,0.220289855,0.954997884,3.36359,1.99
Rb2NdAgBr6,3.3063,False,1.6,1.85,0.82,5,6.0,4,0.983,47.0,0.79,0.25,0.859789511,0,1,0,0,0.167,0.501530612,1.03,1.82,13,1.52,221.7747109,0.502230299,3.11,2.943,0.284927536,0.853288813,3.36359,1.535
Rb2AgMoBr6,0.6687,True,1.6,1.45,0.82,5,5.0,4,0.69,47.0,0.23,0.15,0.903525332,0,1,0,0,0.46,0.352040816,1.03,0.8,5,1.52,191.102976,0.527777778,3.11,2.65,0.2,0.990240361,3.36359,2.045
Rb2AgBiBr6,1.582,False,1.6,1.6,0.82,5,6.0,4,1.03,47.0,0.09,0.0,0.853164903,0,1,0,0,0.12,0.525510204,1.03,0.94,36,1.52,226.981,0.498360656,3.11,2.99,0.298550725,0.83371683,3.36359,1.975
Rb2PrAgBr6,3.2758,False,1.6,1.85,0.82,5,6.0,4,0.99,47.0,0.8,0.25,0.858796355,0,1,0,0,0.16,0.505102041,1.03,1.83,12,1.52,222.545016,0.501650165,3.11,2.95,0.286956522,0.850335286,3.36359,1.53
Rb2CeAgBr6,0.2433,False,1.6,1.85,0.82,5,6.0,4,1.01,47.0,0.81,0.25,0.855971367,0,1,0,0,0.14,0.515306122,1.03,1.84,11,1.52,224.755712,0.5,3.11,2.97,0.292753623,0.841971393,3.36359,1.525
Rb2TlCuBr6,0.0,False,1.35,1.9,0.82,6,1.5,4,81.0,0.77,0.28,0.55,0.840760244,0,1,0,0,0.73,1.34,0.392857143,3.46,52,1.52,237.176659,0.491114701,1.06,2.73,0.171111111,0.797877332,3.36359,1.76
Rb2YAuBr6,1.5649,False,1.35,1.8,0.82,6,5.0,4,0.9,79.0,1.32,0.45,0.917867003,0,1,0,0,0.05,0.459183673,0.42,1.74,40,1.52,182.284263,0.536155203,2.81,2.86,0.352941176,1.038147105,3.36359,1.88
Rb2TlAuBr6,0.0,False,1.9,1.35,0.82,6,6.0,4,0.85,81.0,0.92,0.55,0.83003284,0,1,0,0,0.65,0.433673469,1.34,0.42,2,1.52,246.491883,0.484848485,3.46,2.81,0.188888889,0.76772459,3.36359,2.08
Rb2ScAuBr6,1.7436,False,1.35,1.6,0.82,6,4.0,4,0.745,79.0,1.18,0.25,0.94366381,0,1,0,0,0.105,0.380102041,0.42,1.6,58,1.52,167.7399659,0.551223935,2.81,2.705,0.292156863,1.128162146,3.36359,1.95
Rb2SbAuBr6,0.0,False,1.35,1.45,0.82,6,5.0,4,0.76,79.0,0.49,0.1,0.941104143,0,1,0,0,0.09,0.387755102,0.42,0.91,28,1.52,169.112377,0.549728752,2.81,2.72,0.298039216,1.119006682,3.36359,2.295
Rb2InAuBr6,0.0,False,1.55,1.35,0.82,6,0.85,4,79.0,0.8,0.76,0.2,0.934345765,0,1,0,0,0.05,0.42,0.408163265,2.81,30,1.52,172.808693,0.545780969,1.18,2.76,0.31372549,1.09507153,3.36359,2.16
Rb2GaAuBr6,0.0,False,1.35,1.3,0.82,6,4.0,4,0.62,79.0,0.73,0.05,0.965548406,0,1,0,0,0.23,0.316326531,0.42,1.15,48,1.52,156.590819,0.564007421,2.81,2.58,0.243137255,1.20848643,3.36359,2.175
Rb2BiAuBr6,0.4108,False,1.6,1.35,0.82,6,0.85,4,79.0,1.03,0.52,0.25,0.897294122,0,1,0,0,0.18,0.42,0.525510204,2.81,4,1.52,195.112,0.524137931,0.94,2.99,0.403921569,0.969893599,3.36359,2.28
Rb2AsAuBr6,0.0,False,1.35,1.15,0.82,6,4.0,4,0.58,79.0,0.36,0.2,0.97276746,0,1,0,0,0.27,0.295918367,0.42,0.78,46,1.52,153.130375,0.568224299,2.81,2.54,0.22745098,1.235795836,3.36359,2.36
Rb2AlAuBr6,0.0,False,1.35,1.25,0.82,6,3.0,4,0.535,79.0,0.93,0.1,0.981019022,0,1,0,0,0.315,0.272959184,0.42,1.35,66,1.52,149.2987476,0.573044298,2.81,2.495,0.209803922,1.267511502,3.36359,2.075
Rb2TlAgBr6,0.0,False,1.6,1.9,0.82,6,1.5,4,81.0,1.15,0.31,0.3,0.792131797,0,1,0,0,0.35,1.34,0.586734694,3.46,34,1.52,283.593393,0.462709285,1.03,3.11,0.255555556,0.667285926,3.36359,1.775
Rb2ScAgBr6,2.8738,False,1.6,1.6,0.82,5,4.0,4,0.745,47.0,0.57,0.0,0.89497952,0,1,0,0,0.405,0.380102041,1.03,1.6,26,1.52,196.6297184,0.522785899,3.11,2.705,0.215942029,0.962407318,3.36359,1.645
Rb2InAgBr6,0.2143,True,1.6,1.55,0.82,5,5.0,4,0.8,47.0,0.15,0.05,0.886593852,0,1,0,0,0.35,0.408163265,1.03,1.18,2,1.52,202.262003,0.517887564,3.11,2.76,0.231884058,0.935607663,3.36359,1.855
Rb2GaAgBr6,0.3661,False,1.6,1.3,0.82,5,4.0,4,0.62,47.0,0.12,0.3,0.914640757,0,1,0,0,0.53,0.316326531,1.03,1.15,16,1.52,184.220009,0.53427065,3.11,2.58,0.179710145,1.027238468,3.36359,1.87
Rb2AgAuBr6,0.0,False,1.6,1.35,0.82,5,6.0,4,0.85,47.0,0.61,0.25,0.879105728,0,1,0,0,0.3,0.433673469,1.03,0.42,32,1.52,207.474688,0.513513514,3.11,2.81,0.246376812,0.912101046,3.36359,2.235
Rb2AgAsBr6,1.0799,False,1.6,1.15,0.82,5,4.0,4,0.58,47.0,0.25,0.45,0.92111609,0,1,0,0,0.57,0.295918367,1.03,0.78,14,1.52,180.362125,0.538053097,3.11,2.54,0.168115942,1.049210747,3.36359,2.055
Rb2AlAgBr6,1.4709,True,1.6,1.25,0.82,5,3.0,4,0.535,47.0,0.32,0.35,0.928511313,0,1,0,0,0.615,0.272959184,1.03,1.35,34,1.52,176.0868201,0.542372881,3.11,2.495,0.155072464,1.074685088,3.36359,1.77
Rb2YCuBr6,2.3405,False,1.35,1.8,0.82,4,5.0,4,0.9,29.0,0.68,0.45,0.931002846,0,1,0,0,0.13,0.459183673,1.06,1.74,10,1.52,174.676879,0.543828265,2.73,2.86,0.38961039,1.083359635,3.36359,1.56
Rb2GaHgBr6,0.0,False,1.5,1.3,0.82,6,4.0,4,0.62,80.0,0.19,0.2,0.922749275,0,1,0,0,0.48,0.316326531,0.96,1.15,49,1.52,179.406144,0.539007092,3.06,2.58,0.187878788,1.054801556,3.36359,1.905
Rb2ScHgBr6,0.0,False,1.5,1.6,0.82,6,4.0,4,0.745,80.0,0.64,0.1,0.902741702,0,1,0,0,0.355,0.380102041,0.96,1.6,59,1.52,191.6010721,0.527320035,3.06,2.705,0.225757576,0.98766608,3.36359,1.68
Rb2InCuBr6,0.0,False,1.35,1.55,0.82,4,5.0,4,0.8,29.0,0.12,0.2,0.947961004,0,1,0,0,0.03,0.408163265,1.06,1.18,20,1.52,165.469149,0.553734062,2.73,2.76,0.346320346,1.143644486,3.36359,1.84
Rb2HgAuBr6,0.0,False,1.5,1.35,0.82,6,6.0,4,0.85,80.0,0.54,0.15,0.886593852,0,1,0,0,0.25,0.433673469,0.96,0.42,1,1.52,202.262003,0.517887564,3.06,2.81,0.257575758,0.935607663,3.36359,2.27
Rb2HgBiBr6,0.0,False,1.5,1.6,0.82,6,6.0,4,1.03,80.0,0.02,0.1,0.860215853,0,1,0,0,0.07,0.525510204,0.96,0.94,3,1.52,221.445125,0.502479339,3.06,2.99,0.312121212,0.854558798,3.36359,2.01
Rb2InHgBr6,0.0,False,1.5,1.55,0.82,6,5.0,4,0.8,80.0,0.22,0.05,0.894210637,0,1,0,0,0.3,0.408163265,0.96,1.18,31,1.52,197.137368,0.52233677,3.06,2.76,0.242424242,0.959929017,3.36359,1.89
Rb2HgSbBr6,0.0,False,1.5,1.45,0.82,6,5.0,4,0.76,80.0,0.05,0.05,0.900398946,0,1,0,0,0.34,0.387755102,0.96,0.91,29,1.52,193.100552,0.525951557,3.06,2.72,0.23030303,0.979996576,3.36359,2.025
Rb2AlHgBr6,0.0,False,1.5,1.25,0.82,6,3.0,4,0.535,80.0,0.39,0.25,0.936868751,0,1,0,0,0.565,0.272959184,0.96,1.35,67,1.52,171.4163289,0.547254725,3.06,2.495,0.162121212,1.103966472,3.36359,1.805
Rb2HgAsBr6,0.0,False,1.5,1.15,0.82,6,4.0,4,0.58,80.0,0.18,0.35,0.929340341,0,1,0,0,0.52,0.295918367,0.96,0.78,47,1.52,175.616,0.542857143,3.06,2.54,0.175757576,1.07756628,3.36359,2.09
Rb2CeCuBr6,1.5744,False,1.35,1.85,0.82,4,6.0,4,1.01,29.0,0.78,0.5,0.913036124,0,1,0,0,0.24,0.515306122,1.06,1.84,29,1.52,185.193,0.533333333,2.73,2.97,0.437229437,1.02184143,3.36359,1.51
Rb2TlGaBr6,1.6518,False,1.9,1.3,0.82,6,4.0,4,0.62,81.0,0.19,0.6,0.861640051,0,1,0,0,0.88,0.316326531,1.34,1.15,50,1.52,220.348864,0.503311258,3.46,2.58,0.137777778,0.858810327,3.36359,1.715
Rb2AlTlBr6,2.8889,False,1.9,1.25,0.82,6,3.0,4,0.535,81.0,0.01,0.65,0.87393886,0,1,0,0,0.965,0.272959184,1.34,1.35,68,1.52,211.1763589,0.510495382,3.46,2.495,0.118888889,0.896112997,3.36359,1.615
Rb2NaTlBr6,1.0102,True,1.8,1.9,0.82,3,6.0,4,1.5,11.0,0.69,0.1,0.808122036,0,1,0,0,0.48,0.765306122,2.03,1.34,70,1.52,267.089984,0.472049689,2.98,3.46,0.490196078,0.708517321,3.36359,1.275
Rb2NaScBr6,3.1115,False,1.8,1.6,0.82,3,4.0,4,0.745,11.0,0.43,0.2,0.915445191,0,1,0,0,0.275,0.380102041,2.03,1.6,10,1.52,183.7347941,0.534740545,2.98,2.705,0.243464052,1.029951244,3.36359,1.145
Rb2NaInBr6,2.0049,True,1.8,1.55,0.82,3,5.0,4,0.8,11.0,0.85,0.25,0.906673503,0,1,0,0,0.22,0.408163265,2.03,1.18,38,1.52,189.119224,0.529616725,2.98,2.76,0.261437908,1.000627413,3.36359,1.355
Rb2NaAuBr6,0.0,False,1.8,1.35,0.82,3,6.0,4,0.85,11.0,1.61,0.45,0.898843853,0,1,0,0,0.17,0.433673469,2.03,0.42,68,1.52,194.104539,0.525043178,2.98,2.81,0.277777778,0.974927639,3.36359,1.735
Rb2LiTlBr6,0.5529,True,1.45,1.9,0.82,2,6.0,4,1.5,3.0,0.64,0.45,0.842120697,0,1,0,0,0.74,0.765306122,1.98,1.34,78,1.52,236.029032,0.491909385,2.72,3.46,0.657894737,0.801756793,3.36359,1.3
Rb2InGaBr6,1.1462,False,1.3,1.55,0.82,4,5.0,4,0.8,31.0,0.03,0.25,0.974589122,0,1,0,0,0.18,0.408163265,1.15,1.18,18,1.52,152.273304,0.56928839,2.58,2.76,0.430107527,1.242751519,3.36359,1.795
Rb2AlInBr6,2.1004,False,1.55,1.25,0.82,5,3.0,4,0.535,49.0,0.17,0.3,0.99035317,0,1,0,0,0.265,0.272959184,1.18,1.35,36,1.52,145.1169564,0.57849667,2.76,2.495,0.222916667,1.304036996,3.36359,1.695
Rb2TlHgBr6,0.0,False,1.5,1.9,0.82,6,1.5,4,81.0,1.1,0.38,0.4,0.798206428,0,1,0,0,0.4,1.34,0.56122449,3.46,1,1.52,277.167808,0.466257669,0.96,3.06,0.244444444,0.682755625,3.36359,1.81
Rb2ScTlBr6,3.0758,True,1.9,1.6,0.82,6,4.0,4,0.745,81.0,0.26,0.3,0.844169653,0,1,0,0,0.755,0.380102041,1.34,1.6,60,1.52,234.3145421,0.493106245,3.46,2.705,0.165555556,0.807623283,3.36359,1.49
Rb2YTlBr6,3.5841,True,1.9,1.8,0.82,6,5.0,4,0.9,81.0,0.4,0.1,0.823466125,0,1,0,0,0.6,0.459183673,1.34,1.74,42,1.52,252.435968,0.481012658,3.46,2.86,0.2,0.749647054,3.36359,1.42
Rb2TlSbBr6,1.1629,True,1.9,1.45,0.82,6,5.0,4,0.76,81.0,0.43,0.45,0.842120697,0,1,0,0,0.74,0.387755102,1.34,0.91,30,1.52,236.029032,0.491909385,3.46,2.72,0.168888889,0.801756793,3.36359,1.835
Rb2TlBiBr6,1.6711,True,1.9,1.6,0.82,6,6.0,4,1.03,81.0,0.4,0.3,0.806869133,0,1,0,0,0.47,0.525510204,1.34,0.94,2,1.52,268.336125,0.471317829,3.46,2.99,0.228888889,0.705226998,3.36359,1.82
Rb2TlInBr6,1.8455,False,1.9,1.55,0.82,6,5.0,4,0.8,81.0,0.16,0.35,0.83670513,0,1,0,0,0.7,0.408163265,1.34,1.18,32,1.52,240.641848,0.488745981,3.46,2.76,0.177777778,0.786388076,3.36359,1.7
Rb2TlAsBr6,1.1412,True,1.9,1.15,0.82,6,4.0,4,0.58,81.0,0.56,0.75,0.867384318,0,1,0,0,0.92,0.295918367,1.34,0.78,48,1.52,216.0,0.506666667,3.46,2.54,0.128888889,0.876101296,3.36359,1.9
Rb2YInBr6,2.8332,True,1.55,1.8,0.82,5,5.0,4,0.9,49.0,0.56,0.25,0.92603308,0,1,0,0,0.1,0.459183673,1.18,1.74,10,1.52,177.504328,0.540925267,2.76,2.86,0.375,1.066102906,3.36359,1.5
Rb2InSbBr6,0.6829,True,1.55,1.45,0.82,5,0.76,4,51.0,0.8,0.27,0.1,0.949690859,0,1,0,0,0.04,0.91,0.408163265,2.72,2,1.52,164.566592,0.554744526,1.18,2.76,0.350877193,1.149916745,3.36359,1.915
Rb2ScInBr6,2.4052,True,1.55,1.6,0.82,5,4.0,4,0.745,49.0,0.42,0.05,0.952297513,0,1,0,0,0.055,0.380102041,1.18,1.6,28,1.52,163.2189196,0.556267155,2.76,2.705,0.310416667,1.159411423,3.36359,1.57
Rb2YHgBr6,0.0,False,1.5,1.8,0.82,6,5.0,4,0.9,80.0,0.78,0.3,0.879105728,0,1,0,0,0.2,0.459183673,0.96,1.74,41,1.52,207.474688,0.513513514,3.06,2.86,0.272727273,0.912101046,3.36359,1.61
Rb2LiDyBr6,4.1439,True,1.45,1.75,0.82,2,6.0,4,0.912,3.0,0.24,0.3,0.930669869,0,1,0,0,0.152,0.465306122,1.98,1.74,63,1.52,174.8644347,0.543633763,2.72,2.872,0.4,1.082197648,3.36359,1.1
K2InAsBr6,0.5636,True,1.55,1.15,0.82,4,0.58,4,33.0,0.8,0.4,0.4,0.960597891,0,1,0,0,0.22,0.78,0.408163265,2.54,16,1.38,148.877,0.520754717,1.18,2.76,0.459770115,1.271102184,3.36359,1.98
K2RbYBr6,3.71,True,2.35,1.8,0.82,5,5.0,4,0.9,37.0,0.4,0.55,0.803023474,0,1,0,0,0.62,0.459183673,2.14,1.74,2,1.38,254.840104,0.43533123,3.48,2.86,0.197368421,0.742574959,3.36359,1.02
K2RbSbBr6,2.8383,True,2.35,1.45,0.82,5,5.0,4,0.76,37.0,1.23,0.9,0.821156262,0,1,0,0,0.76,0.387755102,2.14,0.91,14,1.38,238.328,0.44516129,3.48,2.72,0.166666667,0.794022859,3.36359,1.435
K2RbMoBr6,1.6014,True,2.35,1.45,0.82,5,5.0,4,0.69,37.0,1.34,0.9,0.83053325,0,1,0,0,0.83,0.352040816,2.14,0.8,5,1.38,230.346397,0.450244698,3.48,2.65,0.151315789,0.821536097,3.36359,1.49
K2RbBiBr6,3.4181,True,2.35,1.6,0.82,5,6.0,4,1.03,37.0,1.2,0.75,0.786888535,0,1,0,0,0.49,0.525510204,2.14,0.94,46,1.38,270.840023,0.426584235,3.48,2.99,0.225877193,0.698707221,3.36359,1.42
K2RbPrBr6,3.6885,True,2.35,1.85,0.82,5,6.0,4,0.99,37.0,0.31,0.5,0.791783643,0,1,0,0,0.53,0.505102041,2.14,1.83,22,1.38,265.847707,0.429237947,3.48,2.95,0.217105263,0.711828144,3.36359,0.975
K2RbNdBr6,3.6907,True,2.35,1.85,0.82,5,6.0,4,0.983,37.0,0.32,0.5,0.792646555,0,1,0,0,0.537,0.501530612,2.14,1.82,23,1.38,264.980409,0.429705745,3.48,2.943,0.215570175,0.714158004,3.36359,0.98
K2RbCeBr6,0.3159,False,2.35,1.85,0.82,5,6.0,4,1.01,37.0,0.3,0.5,0.7893285,0,1,0,0,0.51,0.515306122,2.14,1.84,21,1.38,268.336125,0.427906977,3.48,2.97,0.221491228,0.705226998,3.36359,0.97
K2LiMoBr6,1.2722,True,1.45,1.45,0.82,2,5.0,4,0.69,3.0,1.18,0.0,0.948076131,0,1,0,0,0.07,0.352040816,1.98,0.8,39,1.38,154.854153,0.51396648,2.72,2.65,0.302631579,1.222039424,3.36359,1.57
K2CuMoBr6,0.3972,True,1.35,1.45,0.82,4,5.0,4,0.69,29.0,0.26,0.1,0.946313908,0,1,0,0,0.08,0.352040816,1.06,0.8,13,1.38,155.720872,0.513011152,2.73,2.65,0.298701299,1.215237736,3.36359,2.03
K2NaYBr6,4.0741,True,1.8,1.8,0.82,3,5.0,4,0.9,11.0,0.29,0.0,0.871775484,0,1,0,0,0.12,0.459183673,2.03,1.74,28,1.38,199.176704,0.47260274,2.98,2.86,0.294117647,0.950100469,3.36359,1.075
K2NaSbBr6,2.5456,False,1.8,1.45,0.82,3,5.0,4,0.76,11.0,1.12,0.35,0.893187513,0,1,0,0,0.26,0.387755102,2.03,0.91,40,1.38,185.193,0.484210526,2.98,2.72,0.248366013,1.02184143,3.36359,1.49
K2NaMoBr6,1.4723,True,1.8,1.45,0.82,3,5.0,4,0.69,11.0,1.23,0.35,0.904292864,0,1,0,0,0.33,0.352040816,2.03,0.8,31,1.38,178.453547,0.490230906,2.98,2.65,0.225490196,1.060432158,3.36359,1.545
K2NaBiBr6,3.1276,False,1.8,1.6,0.82,3,6.0,4,1.03,11.0,1.09,0.2,0.852792098,0,1,0,0,0.01,0.525510204,2.03,0.94,72,1.38,212.776173,0.462311558,2.98,2.99,0.336601307,0.889375334,3.36359,1.475
K2LiYBr6,4.036,True,1.45,1.8,0.82,2,5.0,4,0.9,3.0,0.24,0.35,0.912395847,0,1,0,0,0.14,0.459183673,1.98,1.74,36,1.38,173.741112,0.494623656,2.72,2.86,0.394736842,1.089194594,3.36359,1.1
K2LiSbBr6,2.3188,False,1.45,1.45,0.82,2,5.0,4,0.76,3.0,1.07,0.0,0.935876622,0,1,0,0,0.0,0.387755102,1.98,0.91,48,1.38,160.989184,0.507352941,2.72,2.72,0.333333333,1.175469526,3.36359,1.515
K2LiPrBr6,3.9531,True,1.45,1.85,0.82,2,6.0,4,0.99,3.0,0.15,0.4,0.897913373,0,1,0,0,0.23,0.505102041,1.98,1.83,56,1.38,182.284263,0.486772487,2.72,2.95,0.434210526,1.038147105,3.36359,1.055
K2LiNdBr6,3.973,True,1.45,1.85,0.82,2,6.0,4,0.983,3.0,0.16,0.4,0.899023278,0,1,0,0,0.223,0.501530612,1.98,1.82,57,1.38,181.6099692,0.487374183,2.72,2.943,0.431140351,1.042001607,3.36359,1.06
K2LiBiBr6,2.9174,False,1.45,1.6,0.82,2,6.0,4,1.03,3.0,1.04,0.15,0.891623262,0,1,0,0,0.27,0.525510204,1.98,0.94,80,1.38,186.169411,0.483362522,2.72,2.99,0.451754386,1.016482132,3.36359,1.5
K2CuSbBr6,0.4007,False,1.35,1.45,0.82,4,5.0,4,0.76,29.0,0.15,0.1,0.934159417,0,1,0,0,0.01,0.387755102,1.06,0.91,22,1.38,161.878625,0.506422018,2.73,2.72,0.329004329,1.169010917,3.36359,1.975
K2PrCuBr6,2.2293,False,1.35,1.85,0.82,4,6.0,4,0.99,29.0,0.77,0.5,0.89633254,0,1,0,0,0.22,0.505102041,1.06,1.83,30,1.38,183.250432,0.485915493,2.73,2.95,0.428571429,1.032673581,3.36359,1.515
K2NdCuBr6,2.2312,False,1.35,1.85,0.82,4,6.0,4,0.983,29.0,0.76,0.5,0.897438538,0,1,0,0,0.213,0.501530612,1.06,1.82,31,1.38,182.5737562,0.486515071,2.73,2.943,0.425541126,1.036500994,3.36359,1.52
K2CuBiBr6,0.8862,False,1.35,1.6,0.82,4,6.0,4,1.03,29.0,0.12,0.25,0.89006448,0,1,0,0,0.26,0.525510204,1.06,0.94,54,1.38,187.149248,0.482517483,2.73,2.99,0.445887446,1.011160247,3.36359,1.96
K2YAgBr6,3.2941,False,1.6,1.8,0.82,5,5.0,4,0.9,47.0,0.71,0.2,0.852792098,0,1,0,0,0.25,0.459183673,1.03,1.74,8,1.38,212.776173,0.462311558,3.11,2.86,0.260869565,0.889375334,3.36359,1.575
K2AgSbBr6,1.1248,False,1.6,1.45,0.82,5,5.0,4,0.76,47.0,0.12,0.15,0.87327081,0,1,0,0,0.39,0.387755102,1.03,0.91,4,1.38,198.155287,0.473413379,3.11,2.72,0.220289855,0.954997884,3.36359,1.99
K2PrAgBr6,3.1831,False,1.6,1.85,0.82,5,6.0,4,0.99,47.0,0.8,0.25,0.840126869,0,1,0,0,0.16,0.505102041,1.03,1.83,12,1.38,222.545016,0.455445545,3.11,2.95,0.286956522,0.850335286,3.36359,1.53
K2NdAgBr6,3.2105,False,1.6,1.85,0.82,5,6.0,4,0.983,47.0,0.79,0.25,0.841098435,0,1,0,0,0.167,0.501530612,1.03,1.82,13,1.38,221.7747109,0.455972245,3.11,2.943,0.284927536,0.853288813,3.36359,1.535
K2AgMoBr6,0.6656,True,1.6,1.45,0.82,5,5.0,4,0.69,47.0,0.23,0.15,0.883883476,0,1,0,0,0.46,0.352040816,1.03,0.8,5,1.38,191.102976,0.479166667,3.11,2.65,0.2,0.990240361,3.36359,2.045
K2CeAgBr6,2.5986,False,1.6,1.85,0.82,5,6.0,4,1.01,47.0,0.81,0.25,0.837363294,0,1,0,0,0.14,0.515306122,1.03,1.84,11,1.38,224.755712,0.453947368,3.11,2.97,0.292753623,0.841971393,3.36359,1.525
K2AgBiBr6,1.5765,False,1.6,1.6,0.82,5,6.0,4,1.03,47.0,0.09,0.0,0.83461784,0,1,0,0,0.12,0.525510204,1.03,0.94,36,1.38,226.981,0.452459016,3.11,2.99,0.298550725,0.83371683,3.36359,1.975
K2NaPrBr6,3.9823,True,1.8,1.85,0.82,3,6.0,4,0.99,11.0,0.2,0.05,0.85854449,0,1,0,0,0.03,0.505102041,2.03,1.83,48,1.38,208.527857,0.465430017,2.98,2.95,0.323529412,0.907494483,3.36359,1.03
K2NaNdBr6,4.0009,True,1.8,1.85,0.82,3,6.0,4,0.983,11.0,0.21,0.05,0.859559146,0,1,0,0,0.037,0.501530612,2.03,1.82,49,1.38,207.7902655,0.465980078,2.98,2.943,0.32124183,0.91071581,3.36359,1.035
K2NaCeBr6,0.3152,False,1.8,1.85,0.82,3,6.0,4,1.01,11.0,0.19,0.05,0.855658626,0,1,0,0,0.01,0.515306122,2.03,1.84,47,1.38,210.644875,0.463865546,2.98,2.97,0.330065359,0.898374004,3.36359,1.025
K2TlGaBr6,1.6,False,1.9,1.3,0.82,6,4.0,4,0.62,81.0,0.19,0.6,0.842908746,0,1,0,0,0.88,0.316326531,1.34,1.15,50,1.38,220.348864,0.456953642,3.46,2.58,0.137777778,0.858810327,3.36359,1.715
K2LiCeBr6,0.2916,False,1.45,1.85,0.82,2,6.0,4,1.01,3.0,0.14,0.4,0.894757263,0,1,0,0,0.25,0.515306122,1.98,1.84,55,1.38,184.220009,0.485061511,2.72,2.97,0.442982456,1.027238468,3.36359,1.05
K2ScTlBr6,3.0604,True,1.9,1.6,0.82,6,4.0,4,0.745,81.0,0.26,0.3,0.825818139,0,1,0,0,0.755,0.380102041,1.34,1.6,60,1.38,234.3145421,0.447688564,3.46,2.705,0.165555556,0.807623283,3.36359,1.49
K2YTlBr6,3.4148,False,1.9,1.8,0.82,6,5.0,4,0.9,81.0,0.4,0.1,0.805564687,0,1,0,0,0.6,0.459183673,1.34,1.74,42,1.38,252.435968,0.436708861,3.46,2.86,0.2,0.749647054,3.36359,1.42
K2RbTlBr6,1.5429,True,2.35,1.9,0.82,5,6.0,4,1.5,37.0,0.8,0.45,0.733597813,0,1,0,0,0.02,0.765306122,2.14,1.34,44,1.38,334.255384,0.397694524,3.48,3.46,0.328947368,0.566147589,3.36359,1.22
K2RbInBr6,2.5232,True,2.35,1.55,0.82,5,5.0,4,0.8,37.0,0.96,0.8,0.81589244,0,1,0,0,0.72,0.408163265,2.14,1.18,12,1.38,242.970624,0.442307692,3.48,2.76,0.175438596,0.778850862,3.36359,1.3
K2RbGaBr6,2.3254,True,2.35,1.3,0.82,5,4.0,4,0.62,37.0,0.99,1.05,0.840126869,0,1,0,0,0.9,0.316326531,2.14,1.15,6,1.38,222.545016,0.455445545,3.48,2.58,0.135964912,0.850335286,3.36359,1.315
K2NaAsBr6,2.5764,False,1.8,1.15,0.82,3,4.0,4,0.58,11.0,1.25,0.65,0.922313193,0,1,0,0,0.44,0.295918367,2.03,0.78,22,1.38,168.196608,0.5,2.98,2.54,0.189542484,1.125099264,3.36359,1.555
K2NaAuBr6,0.0,False,1.8,1.35,0.82,3,6.0,4,0.85,11.0,1.61,0.45,0.879303769,0,1,0,0,0.17,0.433673469,2.03,0.42,68,1.38,194.104539,0.476683938,2.98,2.81,0.277777778,0.974927639,3.36359,1.735
K2LiTlBr6,0.5593,True,1.45,1.9,0.82,2,6.0,4,1.5,3.0,0.64,0.45,0.823813726,0,1,0,0,0.74,0.765306122,1.98,1.34,78,1.38,236.029032,0.446601942,2.72,3.46,0.657894737,0.801756793,3.36359,1.3
K2TlInBr6,2.1232,False,1.9,1.55,0.82,6,5.0,4,0.8,81.0,0.16,0.35,0.818515888,0,1,0,0,0.7,0.408163265,1.34,1.18,32,1.38,240.641848,0.443729904,3.46,2.76,0.177777778,0.786388076,3.36359,1.7
K2TlAuBr6,0.0,False,1.9,1.35,0.82,6,6.0,4,0.85,81.0,0.92,0.55,0.811988648,0,1,0,0,0.65,0.433673469,1.34,0.42,2,1.38,246.491883,0.440191388,3.46,2.81,0.188888889,0.76772459,3.36359,2.08
K2TlAsBr6,1.5711,True,1.9,1.15,0.82,6,4.0,4,0.58,81.0,0.56,0.75,0.848528137,0,1,0,0,0.92,0.295918367,1.34,0.78,48,1.38,216.0,0.46,3.46,2.54,0.128888889,0.876101296,3.36359,1.9
K2AlTlBr6,2.8488,False,1.9,1.25,0.82,6,3.0,4,0.535,81.0,0.01,0.65,0.854940189,0,1,0,0,0.965,0.272959184,1.34,1.35,68,1.38,211.1763589,0.463476071,3.46,2.495,0.118888889,0.896112997,3.36359,1.615
K2RbScBr6,3.2468,False,2.35,1.6,0.82,5,4.0,4,0.745,37.0,0.54,0.75,0.823147749,0,1,0,0,0.775,0.380102041,2.14,1.6,16,1.38,236.6023816,0.446240905,3.48,2.705,0.163377193,0.799813926,3.36359,1.09
K2RbAuBr6,0.0,False,2.35,1.35,0.82,5,6.0,4,0.85,37.0,1.72,1.0,0.809406808,0,1,0,0,0.67,0.433673469,2.14,0.42,42,1.38,248.858189,0.438791733,3.48,2.81,0.186403509,0.760424564,3.36359,1.68
K2RbAsBr6,3.0965,True,2.35,1.15,0.82,5,4.0,4,0.58,37.0,1.36,1.2,0.845709107,0,1,0,0,0.94,0.295918367,2.14,0.78,4,1.38,218.167208,0.458471761,3.48,2.54,0.127192982,0.867398367,3.36359,1.5
K2RbAlBr6,3.3626,True,2.35,1.25,0.82,5,3.0,4,0.535,37.0,0.79,1.1,0.852078464,0,1,0,0,0.985,0.272959184,2.14,1.35,24,1.38,213.3112344,0.461924686,3.48,2.495,0.117324561,0.88714446,3.36359,1.215
K2NaInBr6,2.0195,True,1.8,1.55,0.82,3,5.0,4,0.8,11.0,0.85,0.25,0.88696321,0,1,0,0,0.22,0.408163265,2.03,1.18,38,1.38,189.119224,0.480836237,2.98,2.76,0.261437908,1.000627413,3.36359,1.355
K2NaGaBr6,1.6303,True,1.8,1.3,0.82,3,4.0,4,0.62,11.0,0.88,0.5,0.915677846,0,1,0,0,0.4,0.316326531,2.03,1.15,20,1.38,171.879616,0.496402878,2.98,2.58,0.202614379,1.100990823,3.36359,1.37
K2NaScBr6,3.0952,False,1.8,1.6,0.82,3,4.0,4,0.745,11.0,0.43,0.2,0.895544208,0,1,0,0,0.275,0.380102041,2.03,1.6,10,1.38,183.7347941,0.485488127,2.98,2.705,0.243464052,1.029951244,3.36359,1.145
K2NaTlBr6,1.0308,True,1.8,1.9,0.82,3,6.0,4,1.5,11.0,0.69,0.1,0.790554165,0,1,0,0,0.48,0.765306122,2.03,1.34,70,1.38,267.089984,0.428571429,2.98,3.46,0.490196078,0.708517321,3.36359,1.275
K2ScHgBr6,0.0,False,1.5,1.6,0.82,6,4.0,4,0.745,80.0,0.64,0.1,0.883116882,0,1,0,0,0.355,0.380102041,0.96,1.6,59,1.38,191.6010721,0.478751084,3.06,2.705,0.225757576,0.98766608,3.36359,1.68
K2HgAuBr6,0.0,False,1.5,1.35,0.82,6,6.0,4,0.85,80.0,0.54,0.15,0.867320072,0,1,0,0,0.25,0.433673469,0.96,0.42,1,1.38,202.262003,0.470187394,3.06,2.81,0.257575758,0.935607663,3.36359,2.27
K2ScAuBr6,1.7408,False,1.35,1.6,0.82,6,4.0,4,0.745,79.0,1.18,0.25,0.923149379,0,1,0,0,0.105,0.380102041,0.42,1.6,58,1.38,167.7399659,0.500453309,2.81,2.705,0.292156863,1.128162146,3.36359,1.95
K2BiAuBr6,0.389,False,1.6,1.35,0.82,6,0.85,4,79.0,1.03,0.52,0.25,0.877787728,0,1,0,0,0.18,0.42,0.525510204,2.81,4,1.38,195.112,0.475862069,0.94,2.99,0.403921569,0.969893599,3.36359,2.28
K2ScAgBr6,2.8359,False,1.6,1.6,0.82,5,4.0,4,0.745,47.0,0.57,0.0,0.875523444,0,1,0,0,0.405,0.380102041,1.03,1.6,26,1.38,196.6297184,0.474634566,3.11,2.705,0.215942029,0.962407318,3.36359,1.645
K2AlAuBr6,0.0,False,1.35,1.25,0.82,6,3.0,4,0.535,79.0,0.93,0.1,0.959692521,0,1,0,0,0.315,0.272959184,0.42,1.35,66,1.38,149.2987476,0.520263902,2.81,2.495,0.209803922,1.267511502,3.36359,2.075
K2AgAsBr6,0.7592,False,1.6,1.15,0.82,5,4.0,4,0.58,47.0,0.25,0.45,0.901091827,0,1,0,0,0.57,0.295918367,1.03,0.78,14,1.38,180.362125,0.488495575,3.11,2.54,0.168115942,1.049210747,3.36359,2.055
K2ScInBr6,2.3286,True,1.55,1.6,0.82,5,4.0,4,0.745,49.0,0.42,0.05,0.931595393,0,1,0,0,0.055,0.380102041,1.18,1.6,28,1.38,163.2189196,0.505032022,2.76,2.705,0.310416667,1.159411423,3.36359,1.57
K2YHgBr6,0.0,False,1.5,1.8,0.82,6,5.0,4,0.9,80.0,0.78,0.3,0.859994734,0,1,0,0,0.2,0.459183673,0.96,1.74,41,1.38,207.474688,0.466216216,3.06,2.86,0.272727273,0.912101046,3.36359,1.61
K2TlHgBr6,0.0,False,1.5,1.9,0.82,6,1.5,4,81.0,1.1,0.38,0.4,0.780854114,0,1,0,0,0.4,1.34,0.56122449,3.46,1,1.38,277.167808,0.423312883,0.96,3.06,0.244444444,0.682755625,3.36359,1.81
K2HgSbBr6,0.0,False,1.5,1.45,0.82,6,5.0,4,0.76,80.0,0.05,0.05,0.880825056,0,1,0,0,0.34,0.387755102,0.96,0.91,29,1.38,193.100552,0.477508651,3.06,2.72,0.23030303,0.979996576,3.36359,2.025
K2YCuBr6,2.3227,False,1.35,1.8,0.82,4,5.0,4,0.9,29.0,0.68,0.45,0.910763654,0,1,0,0,0.13,0.459183673,1.06,1.74,10,1.38,174.676879,0.493738819,2.73,2.86,0.38961039,1.083359635,3.36359,1.56
K2YAuBr6,1.8862,False,1.35,1.8,0.82,6,5.0,4,0.9,79.0,1.32,0.45,0.897913373,0,1,0,0,0.05,0.459183673,0.42,1.74,40,1.38,182.284263,0.486772487,2.81,2.86,0.352941176,1.038147105,3.36359,1.88
K2InAuBr6,0.0,False,1.55,1.35,0.82,6,0.85,4,79.0,0.8,0.76,0.2,0.9140339,0,1,0,0,0.05,0.42,0.408163265,2.81,30,1.38,172.808693,0.49551167,1.18,2.76,0.31372549,1.09507153,3.36359,2.16
K2GaAuBr6,0.0,False,1.35,1.3,0.82,6,4.0,4,0.62,79.0,0.73,0.05,0.944558223,0,1,0,0,0.23,0.316326531,0.42,1.15,48,1.38,156.590819,0.512059369,2.81,2.58,0.243137255,1.20848643,3.36359,2.175
K2AgAuBr6,0.0,False,1.6,1.35,0.82,5,6.0,4,0.85,47.0,0.61,0.25,0.859994734,0,1,0,0,0.3,0.433673469,1.03,0.42,32,1.38,207.474688,0.466216216,3.11,2.81,0.246376812,0.912101046,3.36359,2.235
K2AlAgBr6,1.4617,True,1.6,1.25,0.82,5,3.0,4,0.535,47.0,0.32,0.35,0.908326284,0,1,0,0,0.615,0.272959184,1.03,1.35,34,1.38,176.0868201,0.492417484,3.11,2.495,0.155072464,1.074685088,3.36359,1.77
K2InCuBr6,0.0,False,1.35,1.55,0.82,4,5.0,4,0.8,29.0,0.12,0.2,0.927353156,0,1,0,0,0.03,0.408163265,1.06,1.18,20,1.38,165.469149,0.50273224,2.73,2.76,0.346320346,1.143644486,3.36359,1.84
K2InSbBr6,0.6289,True,1.55,1.45,0.82,5,0.76,4,51.0,0.8,0.27,0.1,0.929045406,0,1,0,0,0.04,0.91,0.408163265,2.72,2,1.38,164.566592,0.503649635,1.18,2.76,0.350877193,1.149916745,3.36359,1.915
K2InGaBr6,1.0688,False,1.3,1.55,0.82,4,5.0,4,0.8,31.0,0.03,0.25,0.953402402,0,1,0,0,0.18,0.408163265,1.15,1.18,18,1.38,152.273304,0.516853933,2.58,2.76,0.430107527,1.242751519,3.36359,1.795
K2AlInBr6,1.7287,False,1.55,1.25,0.82,5,3.0,4,0.535,49.0,0.17,0.3,0.968823753,0,1,0,0,0.265,0.272959184,1.18,1.35,36,1.38,145.1169564,0.525214082,2.76,2.495,0.222916667,1.304036996,3.36359,1.695
K2InHgBr6,0.0,False,1.5,1.55,0.82,6,5.0,4,0.8,80.0,0.22,0.05,0.874771276,0,1,0,0,0.3,0.408163265,0.96,1.18,31,1.38,197.137368,0.474226804,3.06,2.76,0.242424242,0.959929017,3.36359,1.89
K2GaHgBr6,0.0,False,1.5,1.3,0.82,6,4.0,4,0.62,80.0,0.19,0.2,0.902689508,0,1,0,0,0.48,0.316326531,0.96,1.15,49,1.38,179.406144,0.489361702,3.06,2.58,0.187878788,1.054801556,3.36359,1.905
K2HgBiBr6,0.0,False,1.5,1.6,0.82,6,6.0,4,1.03,80.0,0.02,0.1,0.841515508,0,1,0,0,0.07,0.525510204,0.96,0.94,3,1.38,221.445125,0.456198347,3.06,2.99,0.312121212,0.854558798,3.36359,2.01
K2HgAsBr6,0.0,False,1.5,1.15,0.82,6,4.0,4,0.58,80.0,0.18,0.35,0.90913729,0,1,0,0,0.52,0.295918367,0.96,0.78,47,1.38,175.616,0.492857143,3.06,2.54,0.175757576,1.07756628,3.36359,2.09
K2AlHgBr6,0.0,False,1.5,1.25,0.82,6,3.0,4,0.535,80.0,0.39,0.25,0.916502039,0,1,0,0,0.565,0.272959184,0.96,1.35,67,1.38,171.4163289,0.496849685,3.06,2.495,0.162121212,1.103966472,3.36359,1.805
K2TlCuBr6,0.0,False,1.35,1.9,0.82,6,1.5,4,81.0,0.77,0.28,0.55,0.822482847,0,1,0,0,0.73,1.34,0.392857143,3.46,52,1.38,237.176659,0.445880452,1.06,2.73,0.171111111,0.797877332,3.36359,1.76
K2SbAuBr6,0.238,False,1.35,1.45,0.82,6,5.0,4,0.76,79.0,0.49,0.1,0.920645357,0,1,0,0,0.09,0.387755102,0.42,0.91,28,1.38,169.112377,0.499095841,2.81,2.72,0.298039216,1.119006682,3.36359,2.295
K2AsAuBr6,0.1518,False,1.35,1.15,0.82,6,4.0,4,0.58,79.0,0.36,0.2,0.951620341,0,1,0,0,0.27,0.295918367,0.42,0.78,46,1.38,153.130375,0.51588785,2.81,2.54,0.22745098,1.235795836,3.36359,2.36
K2TlAgBr6,0.0,False,1.6,1.9,0.82,6,1.5,4,81.0,1.15,0.31,0.3,0.774911541,0,1,0,0,0.35,1.34,0.586734694,3.46,34,1.38,283.593393,0.420091324,1.03,3.11,0.255555556,0.667285926,3.36359,1.775
K2InAgBr6,0.1875,True,1.6,1.55,0.82,5,5.0,4,0.8,47.0,0.15,0.05,0.867320072,0,1,0,0,0.35,0.408163265,1.03,1.18,2,1.38,202.262003,0.470187394,3.11,2.76,0.231884058,0.935607663,3.36359,1.855
K2GaAgBr6,0.0,False,1.6,1.3,0.82,5,4.0,4,0.62,47.0,0.12,0.3,0.894757263,0,1,0,0,0.53,0.316326531,1.03,1.15,16,1.38,184.220009,0.485061511,3.11,2.58,0.179710145,1.027238468,3.36359,1.87
K2CeCuBr6,0.2116,False,1.35,1.85,0.82,4,6.0,4,1.01,29.0,0.78,0.5,0.893187513,0,1,0,0,0.24,0.515306122,1.06,1.84,29,1.38,185.193,0.484210526,2.73,2.97,0.437229437,1.02184143,3.36359,1.51
K2RbYCl6,4.4925,True,2.35,1.8,0.82,5,5.0,3,0.9,37.0,0.4,0.55,0.807787548,1,0,0,0,0.62,0.497237569,2.34,1.94,2,1.38,220.348864,0.456953642,3.33,2.71,0.197368421,0.676339525,3.61272,1.02
K2RbSbCl6,3.3633,True,2.35,1.45,0.82,5,5.0,3,0.76,37.0,1.23,0.9,0.826955388,1,0,0,0,0.76,0.419889503,2.34,1.11,14,1.38,205.379,0.46779661,3.33,2.57,0.166666667,0.725637218,3.61272,1.435
K2RbMoCl6,1.6332,True,2.35,1.45,0.82,5,5.0,3,0.69,37.0,1.34,0.9,0.836884527,1,0,0,0,0.83,0.38121547,2.34,1.0,5,1.38,198.155287,0.473413379,3.33,2.5,0.151315789,0.752090183,3.61272,1.49
K2RbPrCl6,4.3496,True,2.35,1.85,0.82,5,6.0,3,0.99,37.0,0.31,0.5,0.795927698,1,0,0,0,0.53,0.546961326,2.34,2.03,22,1.38,230.346397,0.450244698,3.33,2.8,0.217105263,0.646984924,3.61272,0.975
K2RbNdCl6,4.3595,True,2.35,1.85,0.82,5,6.0,3,0.983,37.0,0.32,0.5,0.796837627,1,0,0,0,0.537,0.543093923,2.34,2.02,23,1.38,229.5581829,0.450759432,3.33,2.793,0.215570175,0.64920642,3.61272,0.98
K2RbCeCl6,0.3325,False,2.35,1.85,0.82,5,6.0,3,1.01,37.0,0.3,0.5,0.793339315,1,0,0,0,0.51,0.55801105,2.34,2.04,21,1.38,232.608375,0.448780488,3.33,2.82,0.221491228,0.64069338,3.61272,0.97
K2RbBiCl6,3.9638,False,2.35,1.6,0.82,5,6.0,3,1.03,37.0,1.2,0.75,0.790767713,1,0,0,0,0.49,0.569060773,2.34,1.14,46,1.38,234.885113,0.44732577,3.33,2.84,0.225877193,0.634483149,3.61272,1.42
K2LiMoCl6,1.4862,False,1.45,1.45,0.82,2,5.0,3,0.69,3.0,1.18,0.0,0.962334673,1,0,0,0,0.07,0.38121547,2.18,1.0,39,1.38,130.323843,0.544378698,2.57,2.5,0.302631579,1.143540911,3.61272,1.57
K2CuSbCl6,0.583,False,1.35,1.45,0.82,4,5.0,3,0.76,29.0,0.15,0.1,0.947385785,1,0,0,0,0.01,0.419889503,1.26,1.11,22,1.38,136.590875,0.53592233,2.58,2.57,0.329004329,1.091073222,3.61272,1.975
K2AgMoCl6,1.0353,True,1.6,1.45,0.82,5,5.0,3,0.69,47.0,0.23,0.15,0.893596482,1,0,0,0,0.46,0.38121547,1.23,1.0,5,1.38,162.771336,0.505494505,2.96,2.5,0.2,0.915582865,3.61272,2.045
K2NaYCl6,4.9526,True,1.8,1.8,0.82,3,5.0,3,0.9,11.0,0.29,0.0,0.880692561,1,0,0,0,0.12,0.497237569,2.23,1.94,28,1.38,170.031464,0.498194946,2.83,2.71,0.294117647,0.876488637,3.61272,1.075
K2NaMoCl6,1.5542,False,1.8,1.45,0.82,3,5.0,3,0.69,11.0,1.23,0.35,0.915391518,1,0,0,0,0.33,0.38121547,2.23,1.0,31,1.38,151.419437,0.51782364,2.83,2.5,0.225490196,0.984224014,3.61272,1.545
K2NaInCl6,3.2151,True,1.8,1.55,0.82,3,5.0,3,0.8,11.0,0.85,0.25,0.896881763,1,0,0,0,0.22,0.44198895,2.23,1.38,38,1.38,160.989184,0.507352941,2.83,2.61,0.261437908,0.925718377,3.61272,1.355
K2LiYCl6,4.9248,True,1.45,1.8,0.82,2,5.0,3,0.9,3.0,0.24,0.35,0.924059998,1,0,0,0,0.14,0.497237569,2.18,1.94,36,1.38,147.197952,0.522727273,2.57,2.71,0.394736842,1.012450541,3.61272,1.1
K2LiTbCl6,4.9973,True,1.45,1.75,0.82,2,6.0,3,0.923,3.0,0.12,0.3,0.920052195,1,0,0,0,0.163,0.509944751,2.18,2.06,62,1.38,149.1299531,0.520460117,2.57,2.733,0.404824561,0.999334091,3.61272,1.04
K2LiSbCl6,2.9339,False,1.45,1.45,0.82,2,5.0,3,0.76,3.0,1.07,0.0,0.949228948,1,0,0,0,0.0,0.419889503,2.18,1.11,48,1.38,135.796744,0.536964981,2.57,2.57,0.333333333,1.097453751,3.61272,1.515
K2LiPrCl6,4.8264,True,1.45,1.85,0.82,2,6.0,3,0.99,3.0,0.15,0.4,0.908572959,1,0,0,0,0.23,0.546961326,2.18,2.03,56,1.38,154.854153,0.51396648,2.57,2.8,0.434210526,0.962393602,3.61272,1.055
K2LiNdCl6,4.8605,True,1.45,1.85,0.82,2,6.0,3,0.983,3.0,0.16,0.4,0.909758864,1,0,0,0,0.223,0.543093923,2.18,2.02,57,1.38,154.2493671,0.51463733,2.57,2.793,0.431140351,0.966166986,3.61272,1.06
K2LiBiCl6,3.6182,False,1.45,1.6,0.82,2,6.0,3,1.03,3.0,1.04,0.15,0.901855229,1,0,0,0,0.27,0.569060773,2.18,1.14,80,1.38,158.340421,0.510166359,2.57,2.84,0.451754386,0.941204054,3.61272,1.5
K2CuBiCl6,1.1617,False,1.35,1.6,0.82,4,6.0,3,1.03,29.0,0.12,0.25,0.90019129,1,0,0,0,0.26,0.569060773,1.26,1.14,54,1.38,159.220088,0.509225092,2.58,2.84,0.445887446,0.936004043,3.61272,1.96
K2YAgCl6,3.6689,False,1.6,1.8,0.82,5,5.0,3,0.9,47.0,0.71,0.2,0.860500316,1,0,0,0,0.25,0.497237569,1.23,1.94,8,1.38,182.284263,0.486772487,2.96,2.71,0.260869565,0.81757275,3.61272,1.575
K2AgSbCl6,1.6025,False,1.6,1.45,0.82,5,5.0,3,0.76,47.0,0.12,0.15,0.882285134,1,0,0,0,0.39,0.419889503,1.23,1.11,4,1.38,169.112377,0.499095841,2.96,2.57,0.220289855,0.881252152,3.61272,1.99
K2InAgCl6,1.2922,True,1.6,1.55,0.82,5,5.0,3,0.8,47.0,0.15,0.05,0.875949154,1,0,0,0,0.35,0.44198895,1.23,1.38,2,1.38,172.808693,0.49551167,2.96,2.61,0.231884058,0.862402484,3.61272,1.855
K2NaSbCl6,3.1323,False,1.8,1.45,0.82,3,5.0,3,0.76,11.0,1.12,0.35,0.903525332,1,0,0,0,0.26,0.419889503,2.23,1.11,40,1.38,157.464,0.511111111,2.83,2.57,0.248366013,0.946442654,3.61272,1.49
K2NaPrCl6,4.7855,True,1.8,1.85,0.82,3,6.0,3,0.99,11.0,0.2,0.05,0.866613995,1,0,0,0,0.03,0.546961326,2.23,2.03,48,1.38,178.453547,0.490230906,2.83,2.8,0.323529412,0.835122914,3.61272,1.03
K2NaNdCl6,4.8337,True,1.8,1.85,0.82,3,6.0,3,0.983,11.0,0.21,0.05,0.867692831,1,0,0,0,0.037,0.543093923,2.23,2.02,49,1.38,177.7887394,0.490841188,2.83,2.793,0.32124183,0.838245699,3.61272,1.035
K2NaCeCl6,0.3201,False,1.8,1.85,0.82,3,6.0,3,1.01,11.0,0.19,0.05,0.863546335,1,0,0,0,0.01,0.55801105,2.23,2.04,47,1.38,180.362125,0.488495575,2.83,2.82,0.330065359,0.826285708,3.61272,1.025
K2NaBiCl6,3.7886,False,1.8,1.6,0.82,3,6.0,3,1.03,11.0,1.09,0.2,0.860500316,1,0,0,0,0.01,0.569060773,2.23,1.14,72,1.38,182.284263,0.486772487,2.83,2.84,0.336601307,0.81757275,3.61272,1.475
K2PrAgCl6,3.4664,False,1.6,1.85,0.82,5,6.0,3,0.99,47.0,0.8,0.25,0.847054998,1,0,0,0,0.16,0.546961326,1.23,2.03,12,1.38,191.102976,0.479166667,2.96,2.8,0.286956522,0.779844716,3.61272,1.53
K2NdAgCl6,3.4986,False,1.6,1.85,0.82,5,6.0,3,0.983,47.0,0.79,0.25,0.848085658,1,0,0,0,0.167,0.543093923,1.23,2.02,13,1.38,190.4070928,0.479749696,2.96,2.793,0.284927536,0.782694825,3.61272,1.535
K2CeAgCl6,2.8498,False,1.6,1.85,0.82,5,6.0,3,1.01,47.0,0.81,0.25,0.844124012,1,0,0,0,0.14,0.55801105,1.23,2.04,11,1.38,193.100552,0.477508651,2.96,2.82,0.292753623,0.771777421,3.61272,1.525
K2AgBiCl6,2.0583,False,1.6,1.6,0.82,5,6.0,3,1.03,47.0,0.09,0.0,0.84121324,1,0,0,0,0.12,0.569060773,1.23,1.14,36,1.38,195.112,0.475862069,2.96,2.84,0.298550725,0.763821016,3.61272,1.975
K2LiLuCl6,5.0952,True,1.45,1.75,0.82,2,6.0,3,0.861,3.0,0.29,0.3,0.930936232,1,0,0,0,0.101,0.475690608,2.18,1.89,68,1.38,143.9602125,0.526617058,2.57,2.671,0.377631579,1.035221076,3.61272,1.125
K2NaGaCl6,2.9202,True,1.8,1.3,0.82,3,4.0,3,0.62,11.0,0.88,0.5,0.927573534,1,0,0,0,0.4,0.342541436,2.23,1.35,20,1.38,145.531576,0.524714829,2.83,2.43,0.202614379,1.024043374,3.61272,1.37
K2NaAuCl6,0.0,False,1.8,1.35,0.82,3,6.0,3,0.85,11.0,1.61,0.45,0.888713441,1,0,0,0,0.17,0.46961326,2.23,0.62,68,1.38,165.469149,0.50273224,2.83,2.66,0.277777778,0.90065518,3.61272,1.735
K2ScTlCl6,3.3972,True,1.9,1.6,0.82,6,4.0,3,0.745,81.0,0.26,0.3,0.831890331,1,0,0,0,0.755,0.41160221,1.54,1.8,60,1.38,201.7455896,0.470588235,3.31,2.555,0.165555556,0.738705844,3.61272,1.49
K2RbAuCl6,0.1648,False,2.35,1.35,0.82,5,6.0,3,0.85,37.0,1.72,1.0,0.814530349,1,0,0,0,0.67,0.46961326,2.34,0.62,42,1.38,214.921799,0.460767947,3.33,2.66,0.186403509,0.69341801,3.61272,1.68
K2NaLaCl6,4.6105,True,1.8,1.95,0.82,3,6.0,3,1.032,11.0,0.17,0.15,0.860196895,1,0,0,0,0.012,0.570165746,2.23,2.06,46,1.38,182.4772244,0.486600846,2.83,2.842,0.337254902,0.816708203,3.61272,1.015
K2TlSbCl6,1.9155,True,1.9,1.45,0.82,6,5.0,3,0.76,81.0,0.43,0.45,0.829768162,1,0,0,0,0.74,0.419889503,1.54,1.11,30,1.38,203.297472,0.469387755,3.31,2.57,0.168888889,0.733066893,3.61272,1.835
K2RbTmCl6,4.5162,True,2.35,1.75,0.82,5,6.0,3,0.88,37.0,0.43,0.6,0.810471228,1,0,0,0,0.64,0.486187845,2.34,1.91,32,1.38,218.167208,0.458471761,3.33,2.69,0.192982456,0.683102871,3.61272,1.035
K2RbTbCl6,4.2001,True,2.35,1.75,0.82,5,6.0,3,0.923,37.0,0.28,0.6,0.804723205,1,0,0,0,0.597,0.509944751,2.34,2.06,28,1.38,222.875692,0.455220188,3.33,2.733,0.202412281,0.668671602,3.61272,0.96
K2RbScCl6,4.0698,False,2.35,1.6,0.82,5,4.0,3,0.745,37.0,0.54,0.75,0.829063176,1,0,0,0,0.775,0.41160221,2.34,1.8,16,1.38,203.8165291,0.468988955,3.33,2.555,0.163377193,0.7312,3.61272,1.09
K2RbLuCl6,4.5442,True,2.35,1.75,0.82,5,6.0,3,0.861,37.0,0.45,0.6,0.813037292,1,0,0,0,0.659,0.475690608,2.34,1.89,34,1.38,216.108018,0.459923346,3.33,2.671,0.188815789,0.689611832,3.61272,1.045
K2RbInCl6,3.7137,True,2.35,1.55,0.82,5,5.0,3,0.8,37.0,0.96,0.8,0.821386665,1,0,0,0,0.72,0.44198895,2.34,1.38,12,1.38,209.584584,0.464646465,3.33,2.61,0.175438596,0.711076374,3.61272,1.3
K2RbGdCl6,3.2314,True,2.35,1.8,0.82,5,6.0,3,0.938,37.0,0.38,0.55,0.802737215,1,0,0,0,0.582,0.518232044,2.34,1.96,27,1.38,224.5339866,0.454096742,3.33,2.748,0.205701754,0.663733132,3.61272,1.01
K2RbDyCl6,4.5105,True,2.35,1.75,0.82,5,6.0,3,0.912,37.0,0.4,0.6,0.806185854,1,0,0,0,0.608,0.503867403,2.34,1.94,29,1.38,221.6648126,0.456047588,3.33,2.722,0.2,0.672324328,3.61272,1.02
K2RbErCl6,4.5391,True,2.35,1.75,0.82,5,6.0,3,0.89,37.0,0.42,0.6,0.809127163,1,0,0,0,0.63,0.491712707,2.34,1.92,31,1.38,219.256227,0.457711443,3.33,2.7,0.195175439,0.679709982,3.61272,1.03
K2NaSmCl6,4.8597,True,1.8,1.85,0.82,3,6.0,3,0.958,11.0,0.24,0.05,0.871567844,1,0,0,0,0.062,0.529281768,2.23,1.99,51,1.38,175.4279072,0.493033226,2.83,2.768,0.313071895,0.849526444,3.61272,1.05
K2NaGdCl6,3.1345,True,1.8,1.8,0.82,3,6.0,3,0.938,11.0,0.27,0.0,0.874692863,1,0,0,0,0.082,0.518232044,2.23,1.96,53,1.38,173.5543606,0.494801004,2.83,2.748,0.306535948,0.858697215,3.61272,1.065
K2LiSmCl6,4.9171,True,1.45,1.85,0.82,2,6.0,3,0.958,3.0,0.19,0.4,0.914019631,1,0,0,0,0.198,0.529281768,2.18,1.99,59,1.38,152.1022745,0.517047583,2.57,2.768,0.420175439,0.979805507,3.61272,1.075
K2LiErCl6,5.0496,True,1.45,1.75,0.82,2,6.0,3,0.89,3.0,0.26,0.3,0.925813433,1,0,0,0,0.13,0.491712707,2.18,1.92,65,1.38,146.363183,0.523719165,2.57,2.7,0.390350877,1.01822496,3.61272,1.11
K2LiLaCl6,4.554,True,1.45,1.95,0.82,2,6.0,3,1.032,3.0,0.12,0.5,0.901521949,1,0,0,0,0.272,0.570165746,2.18,2.06,54,1.38,158.5160945,0.509977827,2.57,2.842,0.452631579,0.940160976,3.61272,1.04
K2LiDyCl6,5.0198,True,1.45,1.75,0.82,2,6.0,3,0.912,3.0,0.24,0.3,0.921964624,1,0,0,0,0.152,0.503867403,2.18,1.94,63,1.38,148.2038571,0.52154195,2.57,2.722,0.4,1.005578728,3.61272,1.1
K2LiEuCl6,0.0,False,1.45,1.85,0.82,2,6.0,3,0.947,3.0,0.22,0.4,0.915907038,1,0,0,0,0.187,0.52320442,2.18,1.96,60,1.38,151.1639008,0.518115262,2.57,2.757,0.415350877,0.985887803,3.61272,1.09
K2TlInCl6,2.5682,False,1.9,1.55,0.82,6,5.0,3,0.8,81.0,0.16,0.35,0.82416162,1,0,0,0,0.7,0.44198895,1.54,1.38,32,1.38,207.474688,0.466216216,3.31,2.61,0.177777778,0.718307604,3.61272,1.7
K2TlGaCl6,2.5197,False,1.9,1.3,0.82,6,4.0,3,0.62,81.0,0.19,0.6,0.850006409,1,0,0,0,0.88,0.342541436,1.54,1.35,50,1.38,189.119224,0.480836237,3.31,2.43,0.137777778,0.788024839,3.61272,1.715
K2TlAsCl6,1.905,True,1.9,1.15,0.82,6,4.0,3,0.58,81.0,0.56,0.75,0.855971367,1,0,0,0,0.92,0.320441989,1.54,0.98,48,1.38,185.193,0.484210526,3.31,2.39,0.128888889,0.804731529,3.61272,1.9
K2AlTlCl6,3.8301,False,1.9,1.25,0.82,6,3.0,3,0.535,81.0,0.01,0.65,0.86278281,1,0,0,0,0.965,0.29558011,1.54,1.55,68,1.38,180.8413864,0.48806366,3.31,2.345,0.118888889,0.824095906,3.61272,1.615
K2RbGaCl6,3.5572,True,2.35,1.3,0.82,5,4.0,3,0.62,37.0,0.99,1.05,0.847054998,1,0,0,0,0.9,0.342541436,2.34,1.35,6,1.38,191.102976,0.479166667,3.33,2.43,0.135964912,0.779844716,3.61272,1.315
K2RbAlCl6,4.487,True,2.35,1.25,0.82,5,3.0,3,0.535,37.0,0.79,1.1,0.859742166,1,0,0,0,0.985,0.29558011,2.34,1.55,24,1.38,182.7669219,0.486343612,3.33,2.345,0.117324561,0.815413668,3.61272,1.215
K2NaTmCl6,4.9718,True,1.8,1.75,0.82,3,6.0,3,0.88,11.0,0.32,0.05,0.883883476,1,0,0,0,0.14,0.486187845,2.23,1.91,58,1.38,168.196608,0.5,2.83,2.69,0.287581699,0.886050247,3.61272,1.09
K2NaTlCl6,1.9894,True,1.8,1.9,0.82,3,6.0,3,1.5,11.0,0.69,0.1,0.794631399,1,0,0,0,0.48,0.828729282,2.23,1.54,70,1.38,231.475544,0.449511401,2.83,3.31,0.490196078,0.643828905,3.61272,1.275
K2NaScCl6,3.9133,True,1.8,1.6,0.82,3,4.0,3,0.745,11.0,0.43,0.2,0.906042115,1,0,0,0,0.275,0.41160221,2.23,1.8,10,1.38,156.1554416,0.512534819,2.83,2.555,0.243464052,0.954373697,3.61272,1.145
K2NaTbCl6,4.9113,True,1.8,1.75,0.82,3,6.0,3,0.923,11.0,0.17,0.05,0.877051373,1,0,0,0,0.097,0.509944751,2.23,2.06,54,1.38,172.1579885,0.496135179,2.83,2.733,0.301633987,0.865662101,3.61272,1.015
K2NaLuCl6,5.0025,True,1.8,1.75,0.82,3,6.0,3,0.861,11.0,0.34,0.05,0.886936337,1,0,0,0,0.159,0.475690608,2.23,1.89,60,1.38,166.4657665,0.501726959,2.83,2.671,0.281372549,0.895263028,3.61272,1.1
K2NaEuCl6,0.0,False,1.8,1.85,0.82,3,6.0,3,0.947,11.0,0.27,0.05,0.873283836,1,0,0,0,0.073,0.52320442,2.23,1.96,52,1.38,174.395797,0.494003938,2.83,2.757,0.309477124,0.854554116,3.61272,1.065
K2NaErCl6,4.9656,True,1.8,1.75,0.82,3,6.0,3,0.89,11.0,0.31,0.05,0.882285134,1,0,0,0,0.13,0.491712707,2.23,1.92,57,1.38,169.112377,0.499095841,2.83,2.7,0.290849673,0.881252152,3.61272,1.085
K2NaDyCl6,4.9377,True,1.8,1.75,0.82,3,6.0,3,0.912,11.0,0.29,0.05,0.878789047,1,0,0,0,0.108,0.503867403,2.23,1.94,55,1.38,171.1387566,0.497118156,2.83,2.722,0.298039216,0.870817628,3.61272,1.075
K2NaAsCl6,3.145,False,1.8,1.15,0.82,3,4.0,3,0.58,11.0,1.25,0.65,0.934681377,1,0,0,0,0.44,0.320441989,2.23,0.98,22,1.38,142.236648,0.528735632,2.83,2.39,0.189542484,1.047765454,3.61272,1.555
K2NaAlCl6,4.3079,True,1.8,1.25,0.82,3,3.0,3,0.535,11.0,0.68,0.55,0.942809042,1,0,0,0,0.485,0.29558011,2.23,1.55,2,1.38,138.5897344,0.533333333,2.83,2.345,0.174836601,1.075336833,3.61272,1.27
K2LiTlCl6,1.5798,True,1.45,1.9,0.82,2,6.0,3,1.5,3.0,0.64,0.45,0.829768162,1,0,0,0,0.74,0.828729282,2.18,1.54,78,1.38,203.297472,0.469387755,2.57,3.31,0.657894737,0.733066893,3.61272,1.3
K2LiInCl6,2.865,True,1.45,1.55,0.82,2,5.0,3,0.8,3.0,0.8,0.1,0.941898994,1,0,0,0,0.04,0.44198895,2.18,1.38,46,1.38,138.991832,0.532818533,2.57,2.61,0.350877193,1.072225928,3.61272,1.38
K2LiGdCl6,2.8434,True,1.45,1.8,0.82,2,6.0,3,0.938,3.0,0.22,0.35,0.917457087,1,0,0,0,0.178,0.518232044,2.18,1.96,61,1.38,150.3990174,0.518992102,2.57,2.748,0.411403509,0.990901727,3.61272,1.09
K2LiCeCl6,0.3231,False,1.45,1.85,0.82,2,6.0,3,1.01,3.0,0.14,0.4,0.905201631,1,0,0,0,0.25,0.55801105,2.18,2.04,55,1.38,156.590819,0.512059369,2.57,2.82,0.442982456,0.951720203,3.61272,1.05
K2LiAuCl6,0.0,False,1.45,1.35,0.82,2,6.0,3,0.85,3.0,1.56,0.1,0.932894224,1,0,0,0,0.09,0.46961326,2.18,0.62,76,1.38,143.055667,0.527724665,2.57,2.66,0.372807018,1.041766812,3.61272,1.76
K2YInCl6,3.1685,False,1.55,1.8,0.82,5,5.0,3,0.9,49.0,0.56,0.25,0.917112179,1,0,0,0,0.1,0.497237569,1.38,1.94,10,1.38,150.568768,0.518796992,2.61,2.71,0.375,0.989784589,3.61272,1.5
K2RbAsCl6,3.4807,True,2.35,1.15,0.82,5,4.0,3,0.58,37.0,1.36,1.2,0.85297846,1,0,0,0,0.94,0.320441989,2.34,0.98,4,1.38,187.149248,0.482517483,3.33,2.39,0.127192982,0.79631977,3.61272,1.5
K2LiScCl6,3.7414,True,1.45,1.6,0.82,2,4.0,3,0.745,3.0,0.38,0.15,0.952007179,1,0,0,0,0.015,0.41160221,2.18,1.8,18,1.38,134.6113281,0.538536585,2.57,2.555,0.326754386,1.107118161,3.61272,1.17
K2TlCuCl6,0.0,False,1.35,1.9,0.82,6,1.5,3,81.0,0.77,0.28,0.55,0.828359387,1,0,0,0,0.73,1.54,0.425414365,3.31,52,1.38,204.336469,0.468590832,1.26,2.58,0.171111111,0.729339441,3.61272,1.76
K2CuAuCl6,0.0,False,1.35,1.35,0.82,4,6.0,3,0.85,29.0,0.64,0.0,0.931113891,1,0,0,0,0.08,0.46961326,1.26,0.62,50,1.38,143.877824,0.526717557,2.58,2.66,0.367965368,1.035813873,3.61272,2.22
K2AlAgCl6,2.4737,True,1.6,1.25,0.82,5,3.0,3,0.535,47.0,0.32,0.35,0.919705333,1,0,0,0,0.615,0.29558011,1.23,1.55,34,1.38,149.2987476,0.520263902,2.96,2.345,0.155072464,0.998204261,3.61272,1.77
K2GaHgCl6,0.0,False,1.5,1.3,0.82,6,4.0,3,0.62,80.0,0.19,0.2,0.913677302,1,0,0,0,0.48,0.342541436,1.16,1.35,49,1.38,152.273304,0.516853933,2.91,2.43,0.187878788,0.978705014,3.61272,1.905
K2InGaCl6,1.7475,False,1.3,1.55,0.82,4,5.0,3,0.8,31.0,0.03,0.25,0.968062855,1,0,0,0,0.18,0.44198895,1.35,1.38,18,1.38,128.024064,0.547619048,2.43,2.61,0.430107527,1.164083075,3.61272,1.795
K2InAuCl6,0.0,False,1.55,1.35,0.82,6,0.85,3,79.0,0.8,0.76,0.2,0.925813433,1,0,0,0,0.05,0.62,0.44198895,2.66,30,1.38,146.363183,0.523719165,1.38,2.61,0.31372549,1.01822496,3.61272,2.16
K2EuCuCl6,0.0,False,1.35,1.85,0.82,4,6.0,3,0.947,29.0,0.7,0.5,0.914190892,1,0,0,0,0.177,0.52320442,1.26,1.96,34,1.38,152.0168078,0.517144463,2.58,2.757,0.40995671,0.980356372,3.61272,1.55
K2LuAgCl6,3.6296,False,1.6,1.75,0.82,5,6.0,3,0.861,47.0,0.66,0.15,0.866460094,1,0,0,0,0.289,0.475690608,1.23,1.89,24,1.38,178.5486546,0.490143847,2.96,2.671,0.249565217,0.834678068,3.61272,1.6
K2ScHgCl6,0.0,False,1.5,1.6,0.82,6,4.0,3,0.745,80.0,0.64,0.1,0.892778919,1,0,0,0,0.355,0.41160221,1.16,1.8,59,1.38,163.2189196,0.505032022,2.91,2.555,0.225757576,0.913072127,3.61272,1.68
K2TbCuCl6,2.4713,False,1.35,1.75,0.82,4,6.0,3,0.923,29.0,0.8,0.4,0.918320495,1,0,0,0,0.153,0.509944751,1.26,2.06,36,1.38,149.9751993,0.519480519,2.58,2.733,0.3995671,0.993701937,3.61272,1.5
K2DyCuCl6,2.4629,False,1.35,1.75,0.82,4,6.0,3,0.912,29.0,0.68,0.4,0.920225724,1,0,0,0,0.142,0.503867403,1.26,1.94,37,1.38,149.0456036,0.52055828,2.58,2.722,0.394805195,0.999899645,3.61272,1.56
K2CeAuCl6,2.2375,False,1.35,1.85,0.82,6,6.0,3,1.01,79.0,1.42,0.5,0.890335181,1,0,0,0,0.16,0.55801105,0.62,2.04,21,1.38,164.566592,0.503649635,2.66,2.82,0.396078431,0.905594777,3.61272,1.83
K2InSbCl6,1.2295,True,1.55,1.45,0.82,5,0.76,3,51.0,0.8,0.27,0.1,0.941898994,1,0,0,0,0.04,1.11,0.44198895,2.57,2,1.38,138.991832,0.532818533,1.38,2.61,0.350877193,1.072225928,3.61272,1.915
K2TlHgCl6,0.0,False,1.5,1.9,0.82,6,1.5,3,81.0,1.1,0.38,0.4,0.78441106,1,0,0,0,0.4,1.54,0.607734807,3.31,1,1.38,240.641848,0.443729904,1.16,2.91,0.244444444,0.619304777,3.61272,1.81
K2HgBiCl6,0.0,False,1.5,1.6,0.82,6,6.0,3,1.03,80.0,0.02,0.1,0.848528137,1,0,0,0,0.07,0.569060773,1.16,1.14,3,1.38,190.109375,0.48,2.91,2.84,0.312121212,0.783920552,3.61272,2.01
K2YAuCl6,2.2731,False,1.35,1.8,0.82,6,5.0,3,0.9,79.0,1.32,0.45,0.908572959,1,0,0,0,0.05,0.497237569,0.62,1.94,40,1.38,154.854153,0.51396648,2.66,2.71,0.352941176,0.962393602,3.61272,1.88
K2TbAuCl6,1.9175,False,1.35,1.75,0.82,6,6.0,3,0.923,79.0,1.44,0.4,0.904698088,1,0,0,0,0.073,0.509944751,0.62,2.06,14,1.38,156.8524335,0.511774523,2.66,2.733,0.361960784,0.950132828,3.61272,1.82
K2TmAuCl6,2.1163,False,1.35,1.75,0.82,6,6.0,3,0.88,79.0,1.29,0.4,0.911969493,1,0,0,0,0.03,0.486187845,0.62,1.91,10,1.38,153.130375,0.51588785,2.66,2.69,0.345098039,0.9732272,3.61272,1.895
K2SmAuCl6,2.2805,False,1.35,1.85,0.82,6,6.0,3,0.958,79.0,1.37,0.5,0.898864552,1,0,0,0,0.108,0.529281768,0.62,1.99,17,1.38,159.9261628,0.508474576,2.66,2.768,0.375686275,0.931871581,3.61272,1.855
K2ScAuCl6,2.0353,False,1.35,1.6,0.82,6,4.0,3,0.745,79.0,1.18,0.25,0.935577524,1,0,0,0,0.105,0.41160221,0.62,1.8,58,1.38,141.8283134,0.52924257,2.66,2.555,0.292156863,1.050782052,3.61272,1.95
K2LuAuCl6,2.0732,False,1.35,1.75,0.82,6,6.0,3,0.861,79.0,1.27,0.4,0.915219807,1,0,0,0,0.011,0.475690608,0.62,1.89,8,1.38,151.5046797,0.517726505,2.66,2.671,0.337647059,0.98367025,3.61272,1.905
K2SbAuCl6,0.351,False,1.35,1.45,0.82,6,5.0,3,0.76,79.0,0.49,0.1,0.932894224,1,0,0,0,0.09,0.419889503,0.62,1.11,28,1.38,143.055667,0.527724665,2.66,2.57,0.298039216,1.041766812,3.61272,2.295
K2GdAuCl6,1.5862,False,1.35,1.8,0.82,6,6.0,3,0.938,79.0,1.34,0.45,0.902188756,1,0,0,0,0.088,0.518232044,0.62,1.96,15,1.38,158.1648773,0.51035503,2.66,2.748,0.367843137,0.942248675,3.61272,1.87
K2ErAuCl6,2.1632,False,1.35,1.75,0.82,6,6.0,3,0.89,79.0,1.3,0.4,0.910268058,1,0,0,0,0.04,0.491712707,0.62,1.92,11,1.38,153.990656,0.514925373,2.66,2.7,0.349019608,0.967790189,3.61272,1.89
K2BiAuCl6,0.9633,False,1.6,1.35,0.82,6,0.85,3,79.0,1.03,0.52,0.25,0.887097598,1,0,0,0,0.18,0.62,0.569060773,2.66,4,1.38,166.375,0.501818182,1.14,2.84,0.403921569,0.895751442,3.61272,2.28
K2DyAuCl6,2.1841,False,1.35,1.75,0.82,6,6.0,3,0.912,79.0,1.32,0.4,0.906547155,1,0,0,0,0.062,0.503867403,0.62,1.94,13,1.38,155.894603,0.512820513,2.66,2.722,0.357647059,0.955970529,3.61272,1.88
K2TlAgCl6,0.0,False,1.6,1.9,0.82,6,1.5,3,81.0,1.15,0.31,0.3,0.778155788,1,0,0,0,0.35,1.54,0.635359116,3.31,34,1.38,246.491883,0.440191388,1.23,2.96,0.255555556,0.604606709,3.61272,1.775
K2SmAgCl6,3.5685,False,1.6,1.85,0.82,5,6.0,3,0.958,47.0,0.76,0.25,0.851787149,1,0,0,0,0.192,0.529281768,1.23,1.99,15,1.38,187.9355884,0.481843575,2.96,2.768,0.277681159,0.792987892,3.61272,1.55
K2DyAgCl6,3.6341,False,1.6,1.75,0.82,5,6.0,3,0.912,47.0,0.71,0.15,0.858682997,1,0,0,0,0.238,0.503867403,1.23,1.94,19,1.38,183.4440746,0.485744456,2.96,2.722,0.264347826,0.812403706,3.61272,1.575
K2YCuCl6,2.6002,False,1.35,1.8,0.82,4,5.0,3,0.9,29.0,0.68,0.45,0.922313193,1,0,0,0,0.13,0.497237569,1.26,1.94,10,1.38,148.035889,0.52173913,2.58,2.71,0.38961039,1.006719702,3.61272,1.56
K2ScCuCl6,1.8772,False,1.35,1.6,0.82,4,4.0,3,0.745,29.0,0.54,0.25,0.950153221,1,0,0,0,0.025,0.41160221,1.26,1.8,8,1.38,135.4008354,0.537487829,2.58,2.555,0.322510823,1.100662678,3.61272,1.63
K2GdCuCl6,0.3878,False,1.35,1.8,0.82,4,6.0,3,0.938,29.0,0.7,0.45,0.915735133,1,0,0,0,0.168,0.518232044,1.26,1.96,35,1.38,151.2490476,0.518018018,2.58,2.748,0.406060606,0.985332791,3.61272,1.55
K2ErCuCl6,2.4197,False,1.35,1.75,0.82,4,6.0,3,0.89,29.0,0.66,0.4,0.924059998,1,0,0,0,0.12,0.491712707,1.26,1.92,39,1.38,147.197952,0.522727273,2.58,2.7,0.385281385,1.012450541,3.61272,1.57
K2ScInCl6,2.5251,True,1.55,1.6,0.82,5,4.0,3,0.745,49.0,0.42,0.05,0.944634422,1,0,0,0,0.055,0.41160221,1.38,1.8,28,1.38,137.7878671,0.534365924,2.61,2.555,0.310416667,1.08159484,3.61272,1.57
K2InAsCl6,0.5022,True,1.55,1.15,0.82,4,0.58,3,33.0,0.8,0.4,0.4,0.975807358,1,0,0,0,0.22,0.98,0.44198895,2.39,16,1.38,125.0,0.552,1.38,2.61,0.459770115,1.192245169,3.61272,1.98
K2AlInCl6,2.9258,False,1.55,1.25,0.82,5,3.0,3,0.535,49.0,0.17,0.3,0.984669382,1,0,0,0,0.265,0.29558011,1.38,1.55,36,1.38,121.6552839,0.557013118,2.61,2.345,0.222916667,1.22502403,3.61272,1.695
K2YHgCl6,0.0,False,1.5,1.8,0.82,6,5.0,3,0.9,80.0,0.78,0.3,0.868156012,1,0,0,0,0.2,0.497237569,1.16,1.94,41,1.38,177.504328,0.491103203,2.91,2.71,0.272727273,0.839588802,3.61272,1.61
K2HgSbCl6,0.0,False,1.5,1.45,0.82,6,5.0,3,0.76,80.0,0.05,0.05,0.890335181,1,0,0,0,0.34,0.419889503,1.16,1.11,29,1.38,164.566592,0.503649635,2.91,2.57,0.23030303,0.905594777,3.61272,2.025
K2InHgCl6,0.0,False,1.5,1.55,0.82,6,5.0,3,0.8,80.0,0.22,0.05,0.883883476,1,0,0,0,0.3,0.44198895,1.16,1.38,31,1.38,168.196608,0.5,2.91,2.61,0.242424242,0.886050247,3.61272,1.89
K2AlHgCl6,0.0,False,1.5,1.25,0.82,6,3.0,3,0.535,80.0,0.39,0.25,0.928456097,1,0,0,0,0.565,0.29558011,1.16,1.55,67,1.38,145.1169564,0.525214082,2.91,2.345,0.162121212,1.02696921,3.61272,1.805
K2HgAsCl6,0.0,False,1.5,1.15,0.82,6,4.0,3,0.58,80.0,0.18,0.35,0.920572979,1,0,0,0,0.52,0.320441989,1.16,0.98,47,1.38,148.877,0.520754717,2.91,2.39,0.175757576,1.001032034,3.61272,2.09
K2TmCuCl6,2.4668,False,1.35,1.75,0.82,4,6.0,3,0.88,29.0,0.65,0.4,0.925813433,1,0,0,0,0.11,0.486187845,1.26,1.91,40,1.38,146.363183,0.523719165,2.58,2.69,0.380952381,1.01822496,3.61272,1.575
K2SmCuCl6,2.3789,False,1.35,1.85,0.82,4,6.0,3,0.958,29.0,0.73,0.5,0.912310544,1,0,0,0,0.188,0.529281768,1.26,1.99,33,1.38,152.9587042,0.516080778,2.58,2.768,0.414718615,0.974319486,3.61272,1.535
K2PrCuCl6,2.2912,False,1.35,1.85,0.82,4,6.0,3,0.99,29.0,0.77,0.5,0.906884162,1,0,0,0,0.22,0.546961326,1.26,2.03,30,1.38,155.720872,0.513011152,2.58,2.8,0.428571429,0.957037064,3.61272,1.515
K2NdCuCl6,2.4258,False,1.35,1.85,0.82,4,6.0,3,0.983,29.0,0.76,0.5,0.90806566,1,0,0,0,0.213,0.543093923,1.26,2.02,31,1.38,155.1138301,0.513679509,2.58,2.793,0.425541126,0.960782452,3.61272,1.52
K2LuCuCl6,2.4709,False,1.35,1.75,0.82,4,6.0,3,0.861,29.0,0.63,0.4,0.929163357,1,0,0,0,0.091,0.475690608,1.26,1.89,42,1.38,144.7858283,0.525614169,2.58,2.671,0.372727273,1.02931791,3.61272,1.585
K2LaCuCl6,2.1254,False,1.35,1.95,0.82,4,6.0,3,1.032,29.0,0.8,0.6,0.899859238,1,0,0,0,0.262,0.570165746,1.26,2.06,28,1.38,159.3964114,0.509037256,2.58,2.842,0.446753247,0.93496864,3.61272,1.5
K2CeCuCl6,1.5332,False,1.35,1.85,0.82,4,6.0,3,1.01,29.0,0.78,0.5,0.903525332,1,0,0,0,0.24,0.55801105,1.26,2.04,29,1.38,157.464,0.511111111,2.58,2.82,0.437229437,0.946442654,3.61272,1.51
K2CuMoCl6,0.7574,True,1.35,1.45,0.82,4,5.0,3,0.69,29.0,0.26,0.1,0.960440313,1,0,0,0,0.08,0.38121547,1.26,1.0,13,1.38,131.096512,0.543307087,2.58,2.5,0.298701299,1.136801001,3.61272,2.03
K2InCuCl6,0.0445,False,1.35,1.55,0.82,4,5.0,3,0.8,29.0,0.12,0.2,0.94008416,1,0,0,0,0.03,0.44198895,1.26,1.38,20,1.38,139.798359,0.531791908,2.58,2.61,0.346320346,1.066040025,3.61272,1.84
K2TlAuCl6,0.0,False,1.9,1.35,0.82,6,6.0,3,0.85,81.0,0.92,0.55,0.817259094,1,0,0,0,0.65,0.46961326,1.54,0.62,2,1.38,212.776173,0.462311558,3.31,2.66,0.188888889,0.700410408,3.61272,2.08
K2PrAuCl6,2.2392,False,1.35,1.85,0.82,6,6.0,3,0.99,79.0,1.41,0.5,0.893596482,1,0,0,0,0.14,0.546961326,0.62,2.03,20,1.38,162.771336,0.505494505,2.66,2.8,0.388235294,0.915582865,3.61272,1.835
K2NdAuCl6,2.2347,False,1.35,1.85,0.82,6,6.0,3,0.983,79.0,1.4,0.5,0.894743589,1,0,0,0,0.133,0.543093923,0.62,2.02,19,1.38,162.1460947,0.506143407,2.66,2.793,0.385490196,0.919113386,3.61272,1.84
K2LaAuCl6,2.324,False,1.35,1.95,0.82,6,6.0,3,1.032,79.0,1.44,0.6,0.886775135,1,0,0,0,0.182,0.570165746,0.62,2.06,22,1.38,166.556566,0.501635769,2.66,2.842,0.404705882,0.894774969,3.61272,1.82
K2GaAuCl6,0.0,False,1.35,1.3,0.82,6,4.0,3,0.62,79.0,0.73,0.05,0.958553397,1,0,0,0,0.23,0.342541436,0.62,1.35,48,1.38,131.872229,0.542239686,2.66,2.43,0.243137255,1.130113954,3.61272,2.175
K2EuAuCl6,0.0,False,1.35,1.85,0.82,6,6.0,3,0.947,79.0,1.34,0.5,0.900689827,1,0,0,0,0.097,0.52320442,0.62,1.96,16,1.38,158.9558467,0.509507107,2.66,2.757,0.371372549,0.937560015,3.61272,1.87
K2AsAuCl6,0.22,False,1.35,1.15,0.82,6,4.0,3,0.58,79.0,0.36,0.2,0.966145899,1,0,0,0,0.27,0.320441989,0.62,0.98,46,1.38,128.787625,0.546534653,2.66,2.39,0.22745098,1.157181415,3.61272,2.36
K2AlAuCl6,0.86,True,1.35,1.25,0.82,6,3.0,3,0.535,79.0,0.93,0.1,0.974832526,1,0,0,0,0.315,0.29558011,0.62,1.55,66,1.38,125.3753751,0.551448551,2.66,2.345,0.209803922,1.188675575,3.61272,2.075
K2TmAgCl6,3.6439,False,1.6,1.75,0.82,5,6.0,3,0.88,47.0,0.68,0.15,0.863546335,1,0,0,0,0.27,0.486187845,1.23,1.91,22,1.38,180.362125,0.488495575,2.96,2.69,0.255072464,0.826285708,3.61272,1.59
K2TbAgCl6,3.6214,False,1.6,1.75,0.82,5,6.0,3,0.923,47.0,0.83,0.15,0.857023852,1,0,0,0,0.227,0.509944751,1.23,2.06,18,1.38,184.5115476,0.484805902,2.96,2.733,0.267536232,0.807703627,3.61272,1.515
K2ScAgCl6,3.248,True,1.6,1.6,0.82,5,4.0,3,0.745,47.0,0.57,0.0,0.884684821,1,0,0,0,0.405,0.41160221,1.23,1.8,26,1.38,167.7399659,0.500453309,2.96,2.555,0.215942029,0.888462361,3.61272,1.645
K2GaAgCl6,1.1817,True,1.6,1.3,0.82,5,4.0,3,0.62,47.0,0.12,0.3,0.905201631,1,0,0,0,0.53,0.342541436,1.23,1.35,16,1.38,156.590819,0.512059369,2.96,2.43,0.179710145,0.951720203,3.61272,1.87
K2EuAgCl6,0.0,False,1.6,1.85,0.82,5,6.0,3,0.947,47.0,0.73,0.25,0.853426061,1,0,0,0,0.203,0.52320442,1.23,1.96,16,1.38,186.8549368,0.482770684,2.96,2.757,0.274492754,0.797574036,3.61272,1.565
K2ErAgCl6,3.6443,False,1.6,1.75,0.82,5,6.0,3,0.89,47.0,0.69,0.15,0.862020634,1,0,0,0,0.26,0.491712707,1.23,1.92,21,1.38,181.321496,0.487632509,2.96,2.7,0.257971014,0.821913835,3.61272,1.585
K2AgAuCl6,0.0,False,1.6,1.35,0.82,5,6.0,3,0.85,47.0,0.61,0.25,0.868156012,1,0,0,0,0.3,0.46961326,1.23,0.62,32,1.38,177.504328,0.491103203,2.96,2.66,0.246376812,0.839588802,3.61272,2.235
K2AgAsCl6,1.519,False,1.6,1.15,0.82,5,4.0,3,0.58,47.0,0.25,0.45,0.911969493,1,0,0,0,0.57,0.320441989,1.23,0.98,14,1.38,153.130375,0.51588785,2.96,2.39,0.168115942,0.9732272,3.61272,2.055
K2LaAgCl6,3.4632,False,1.6,1.95,0.82,5,6.0,3,1.032,47.0,0.83,0.35,0.840923266,1,0,0,0,0.118,0.570165746,1.23,2.06,10,1.38,195.3139096,0.475698035,2.96,2.842,0.299130435,0.763031401,3.61272,1.515
K2NaCrCl6,1.3875,True,1.8,1.4,0.82,3,4.0,3,0.615,11.0,0.73,0.4,0.928456097,1,0,0,0,0.405,0.339779006,2.23,1.5,13,1.38,145.1169564,0.525214082,2.83,2.425,0.200980392,1.02696921,3.61272,1.295
K2RbYI6,3.1008,True,2.35,1.8,0.82,5,5.0,5,0.9,37.0,0.4,0.55,0.796272739,0,0,1,0,0.62,0.409090909,1.84,1.44,2,1.38,317.214568,0.404692082,3.72,3.1,0.197368421,0.843635367,3.05904,1.02
K2RbSbI6,2.3768,True,2.35,1.45,0.82,5,5.0,5,0.76,37.0,1.23,0.9,0.81296109,0,0,1,0,0.76,0.345454545,1.84,0.61,14,1.38,298.077632,0.413173653,3.72,2.96,0.166666667,0.897797754,3.05904,1.435
K2RbPrI6,3.1256,True,2.35,1.85,0.82,5,6.0,5,0.99,37.0,0.31,0.5,0.785901603,0,0,1,0,0.53,0.45,1.84,1.53,22,1.38,329.939371,0.399421129,3.72,3.19,0.217105263,0.811098802,3.05904,0.975
K2RbNdI6,3.1287,True,2.35,1.85,0.82,5,6.0,5,0.983,37.0,0.32,0.5,0.786698548,0,0,1,0,0.537,0.446818182,1.84,1.52,23,1.38,328.9376763,0.399826163,3.72,3.183,0.215570175,0.813568794,3.05904,0.98
K2RbMoI6,1.4308,True,2.35,1.45,0.82,5,5.0,5,0.69,37.0,1.34,0.9,0.82157036,0,0,1,0,0.83,0.313636364,1.84,0.5,5,1.38,288.804781,0.417549168,3.72,2.89,0.151315789,0.926623956,3.05904,1.49
K2RbCeI6,0.2794,False,2.35,1.85,0.82,5,6.0,5,1.01,37.0,0.3,0.5,0.783633489,0,0,1,0,0.51,0.459090909,1.84,1.54,21,1.38,332.812557,0.398268398,3.72,3.21,0.221491228,0.804096549,3.05904,0.97
K2NaYI6,3.1299,True,1.8,1.8,0.82,3,5.0,5,0.9,11.0,0.29,0.0,0.859269,0,0,1,0,0.12,0.409090909,1.73,1.44,28,1.38,252.435968,0.436708861,3.22,3.1,0.294117647,1.060124002,3.05904,1.075
K2CuMoI6,0.087,True,1.35,1.45,0.82,4,5.0,5,0.69,29.0,0.26,0.1,0.92672015,0,0,1,0,0.08,0.313636364,0.76,0.5,13,1.38,201.230056,0.470989761,2.97,2.89,0.298701299,1.32988796,3.05904,2.03
K2NaMoI6,1.0859,True,1.8,1.45,0.82,3,5.0,5,0.69,11.0,1.23,0.35,0.888801977,0,0,1,0,0.33,0.313636364,1.73,0.5,31,1.38,228.099131,0.451718494,3.22,2.89,0.225490196,1.173233004,3.05904,1.545
K2LiYI6,2.9702,True,1.45,1.8,0.82,2,5.0,5,0.9,3.0,0.24,0.35,0.896135327,0,0,1,0,0.14,0.409090909,1.68,1.44,36,1.38,222.545016,0.455445545,2.96,3.1,0.394736842,1.202513691,3.05904,1.1
K2LiSbI6,1.7108,False,1.45,1.45,0.82,2,5.0,5,0.76,3.0,1.07,0.0,0.917327716,0,0,1,0,0.0,0.345454545,1.68,0.61,48,1.38,207.474688,0.466216216,2.96,2.96,0.333333333,1.289860615,3.05904,1.515
K2LiPrI6,2.9382,True,1.45,1.85,0.82,2,6.0,5,0.99,3.0,0.15,0.4,0.883021151,0,0,1,0,0.23,0.45,1.68,1.53,56,1.38,232.608375,0.448780488,2.96,3.19,0.434210526,1.150489223,3.05904,1.055
K2LiNdI6,2.9488,True,1.45,1.85,0.82,2,6.0,5,0.983,3.0,0.16,0.4,0.884027361,0,0,1,0,0.223,0.446818182,1.68,1.52,57,1.38,231.8150062,0.449291877,2.96,3.183,0.431140351,1.154426683,3.05904,1.06
K2LiMoI6,0.974,True,1.45,1.45,0.82,2,5.0,5,0.69,3.0,1.18,0.0,0.928304287,0,0,1,0,0.07,0.313636364,1.68,0.5,39,1.38,200.201625,0.471794872,2.96,2.89,0.302631579,1.336719563,3.05904,1.57
K2LiBiI6,1.9247,False,1.45,1.6,0.82,2,6.0,5,1.03,3.0,1.04,0.15,0.877315037,0,0,1,0,0.27,0.468181818,1.68,0.64,80,1.38,237.176659,0.445880452,2.96,3.23,0.451754386,1.128329532,3.05904,1.5
K2YCuI6,1.8261,False,1.35,1.8,0.82,4,5.0,5,0.9,29.0,0.68,0.45,0.894658992,0,0,1,0,0.13,0.409090909,0.76,1.44,10,1.38,223.648543,0.454695222,2.97,3.1,0.38961039,1.196580246,3.05904,1.56
K2CuSbI6,0.6999,False,1.35,1.45,0.82,4,5.0,5,0.76,29.0,0.15,0.1,0.915780789,0,0,1,0,0.01,0.345454545,0.76,0.61,22,1.38,208.527857,0.465430017,2.97,2.96,0.329004329,1.28334618,3.05904,1.975
K2PrCuI6,1.8073,False,1.35,1.85,0.82,4,6.0,5,0.99,29.0,0.77,0.5,0.881587675,0,0,1,0,0.22,0.45,0.76,1.53,30,1.38,233.744896,0.448051948,2.97,3.19,0.428571429,1.144895282,3.05904,1.515
K2NdCuI6,1.8245,False,1.35,1.85,0.82,4,6.0,5,0.983,29.0,0.76,0.5,0.882590619,0,0,1,0,0.213,0.446818182,0.76,1.52,31,1.38,232.9489436,0.448561677,2.97,3.183,0.425541126,1.148807221,3.05904,1.52
K2CuBiI6,0.8293,False,1.35,1.6,0.82,4,6.0,5,1.03,29.0,0.12,0.25,0.875900013,0,0,1,0,0.26,0.468181818,0.76,0.64,54,1.38,238.328,0.44516129,2.97,3.23,0.445887446,1.122878674,3.05904,1.96
K2YAgI6,2.5089,False,1.6,1.8,0.82,5,5.0,5,0.9,47.0,0.71,0.2,0.8419504,0,0,1,0,0.25,0.409090909,0.73,1.44,8,1.38,268.336125,0.427906977,3.35,3.1,0.260869565,0.99730675,3.05904,1.575
K2AgSbI6,0.381,False,1.6,1.45,0.82,5,5.0,5,0.76,47.0,0.12,0.15,0.860630757,0,0,1,0,0.39,0.345454545,0.73,0.61,4,1.38,251.239591,0.437400951,3.35,2.96,0.220289855,1.065172203,3.05904,1.99
K2NdAgI6,2.5576,False,1.6,1.85,0.82,5,6.0,5,0.983,47.0,0.79,0.25,0.831253648,0,0,1,0,0.167,0.446818182,0.73,1.52,13,1.38,278.8290214,0.422470534,3.35,3.183,0.284927536,0.959776092,3.05904,1.535
K2AgMoI6,0.6874,True,1.6,1.45,0.82,5,5.0,5,0.69,47.0,0.23,0.15,0.870285269,0,0,1,0,0.46,0.313636364,0.73,0.5,5,1.38,242.970624,0.442307692,3.35,2.89,0.2,1.101422979,3.05904,2.045
K2AgBiI6,0.8096,False,1.6,1.6,0.82,5,6.0,5,1.03,47.0,0.09,0.0,0.825316122,0,0,1,0,0.12,0.468181818,0.73,0.64,36,1.38,284.890312,0.419452888,3.35,3.23,0.298550725,0.939356016,3.05904,1.975
K2NaSbI6,2.0979,False,1.8,1.45,0.82,3,5.0,5,0.76,11.0,1.12,0.35,0.878734641,0,0,1,0,0.26,0.345454545,1.73,0.61,40,1.38,236.029032,0.446601942,3.22,2.96,0.248366013,1.133815727,3.05904,1.49
K2NaPrI6,3.1022,True,1.8,1.85,0.82,3,6.0,5,0.99,11.0,0.2,0.05,0.847204381,0,0,1,0,0.03,0.45,1.73,1.53,48,1.38,263.374721,0.430577223,3.22,3.19,0.323529412,1.016093829,3.05904,1.03
K2NaNdI6,3.1158,True,1.8,1.85,0.82,3,6.0,5,0.983,11.0,0.21,0.05,0.848130576,0,0,1,0,0.037,0.446818182,1.73,1.52,49,1.38,262.5128128,0.431047946,3.22,3.183,0.32124183,1.019429969,3.05904,1.035
K2NaCeI6,0.0,False,1.8,1.85,0.82,3,6.0,5,1.01,11.0,0.19,0.05,0.844569219,0,0,1,0,0.01,0.459090909,1.73,1.54,47,1.38,265.847707,0.429237947,3.22,3.21,0.330065359,1.006641854,3.05904,1.025
K2NaBiI6,2.1103,False,1.8,1.6,0.82,3,6.0,5,1.03,11.0,1.09,0.2,0.8419504,0,0,1,0,0.01,0.468181818,1.73,0.64,72,1.38,268.336125,0.427906977,3.22,3.23,0.336601307,0.99730675,3.05904,1.475
K2PrAgI6,2.5488,False,1.6,1.85,0.82,5,6.0,5,0.99,47.0,0.8,0.25,0.830363927,0,0,1,0,0.16,0.45,0.73,1.53,12,1.38,279.726264,0.422018349,3.35,3.19,0.286956522,0.95669754,3.05904,1.53
K2CeAgI6,0.2137,False,1.6,1.85,0.82,5,6.0,5,1.01,47.0,0.81,0.25,0.827832329,0,0,1,0,0.14,0.459090909,0.73,1.54,11,1.38,282.300416,0.420731707,3.35,3.21,0.292753623,0.947973908,3.05904,1.525
K2TlGaI6,0.4975,False,1.9,1.3,0.82,6,4.0,5,0.62,81.0,0.19,0.6,0.832911055,0,0,1,0,0.88,0.281818182,1.04,0.85,50,1.38,277.167808,0.423312883,3.7,2.82,0.137777778,0.965528539,3.05904,1.715
K2AlTlI6,1.5653,False,1.9,1.25,0.82,6,3.0,5,0.535,81.0,0.01,0.65,0.843912988,0,0,1,0,0.965,0.243181818,1.04,1.05,68,1.38,266.4683629,0.428904429,3.7,2.735,0.118888889,1.004297192,3.05904,1.615
K2TlAsI6,0.8611,True,1.9,1.15,0.82,6,4.0,5,0.58,81.0,0.56,0.75,0.838052481,0,0,1,0,0.92,0.263636364,1.04,0.48,48,1.38,272.097792,0.425925926,3.7,2.78,0.128888889,0.983519295,3.05904,1.9
K2NaTlI6,0.0749,False,1.8,1.9,0.82,3,6.0,5,1.5,11.0,0.69,0.1,0.784765907,0,0,1,0,0.48,0.681818182,1.73,1.04,70,1.38,331.373888,0.398843931,3.22,3.7,0.490196078,0.807587557,3.05904,1.275
K2NaInI6,0.6835,True,1.8,1.55,0.82,3,5.0,5,0.8,11.0,0.85,0.25,0.873083614,0,0,1,0,0.22,0.363636364,1.73,0.88,38,1.38,240.641848,0.443729904,3.22,3.0,0.261437908,1.112081838,3.05904,1.355
K2TlInI6,0.8333,False,1.9,1.55,0.82,6,5.0,5,0.8,81.0,0.16,0.35,0.81053434,0,0,1,0,0.7,0.363636364,1.04,0.88,32,1.38,300.763,0.411940299,3.7,3.0,0.177777778,0.88978175,3.05904,1.7
K2RbGaI6,0.9854,True,2.35,1.3,0.82,5,4.0,5,0.62,37.0,0.99,1.05,0.830363927,0,0,1,0,0.9,0.281818182,1.84,0.85,6,1.38,279.726264,0.422018349,3.72,2.82,0.135964912,0.95669754,3.05904,1.315
K2RbAsI6,2.3175,False,2.35,1.15,0.82,5,4.0,5,0.58,37.0,1.36,1.2,0.835473858,0,0,1,0,0.94,0.263636364,1.84,0.48,4,1.38,274.625,0.424615385,3.72,2.78,0.127192982,0.974468561,3.05904,1.5
K2RbAlI6,1.9161,True,2.35,1.25,0.82,5,3.0,5,0.535,37.0,0.79,1.1,0.841298231,0,0,1,0,0.985,0.243181818,1.84,1.05,24,1.38,268.9606464,0.427575523,3.72,2.735,0.117324561,0.994991023,3.05904,1.215
K2NaScI6,2.1954,False,1.8,1.6,0.82,3,4.0,5,0.745,11.0,0.43,0.2,0.880872681,0,0,1,0,0.275,0.338636364,1.73,1.3,10,1.38,234.3145421,0.447688564,3.22,2.945,0.243464052,1.142111907,3.05904,1.145
K2LiCeI6,0.2548,False,1.45,1.85,0.82,2,6.0,5,1.01,3.0,0.14,0.4,0.880158846,0,0,1,0,0.25,0.459090909,1.68,1.54,55,1.38,234.885113,0.44732577,2.96,3.21,0.442982456,1.139337548,3.05904,1.05
K2ScInI6,1.9864,True,1.55,1.6,0.82,5,4.0,5,0.745,49.0,0.42,0.05,0.913470156,0,0,1,0,0.055,0.338636364,0.88,1.3,28,1.38,210.1142836,0.464255677,3.0,2.945,0.310416667,1.273656526,3.05904,1.57
K2InAsI6,0.0,False,1.55,1.15,0.82,4,0.58,5,33.0,0.8,0.4,0.4,0.939546727,0,0,1,0,0.22,0.48,0.363636364,2.78,16,1.38,193.100552,0.477508651,0.88,3.0,0.459770115,1.385876041,3.05904,1.98
K2InGaI6,0.156,False,1.3,1.55,0.82,4,5.0,5,0.8,31.0,0.03,0.25,0.933089361,0,0,1,0,0.18,0.363636364,0.85,0.88,18,1.38,197.137368,0.474226804,2.82,3.0,0.430107527,1.357497218,3.05904,1.795
K2YHgI6,0.0,False,1.5,1.8,0.82,6,5.0,5,0.9,80.0,0.78,0.3,0.848528137,0,0,1,0,0.2,0.409090909,0.66,1.44,41,1.38,262.144,0.43125,3.3,3.1,0.272727273,1.020864214,3.05904,1.61
K2AlInI6,0.8125,False,1.55,1.25,0.82,5,3.0,5,0.535,49.0,0.17,0.3,0.946918933,0,0,1,0,0.265,0.243181818,0.88,1.05,36,1.38,188.6254404,0.481255449,3.0,2.735,0.222916667,1.418755753,3.05904,1.695
K2TlHgI6,0.0,False,1.5,1.9,0.82,6,1.5,5,81.0,1.1,0.38,0.4,0.775797154,0,0,1,0,0.4,1.04,0.5,3.7,1,1.38,343.0,0.394285714,0.66,3.3,0.244444444,0.780214078,3.05904,1.81
K2ScHgI6,0.0,False,1.5,1.6,0.82,6,4.0,5,0.745,80.0,0.64,0.1,0.869588484,0,0,1,0,0.355,0.338636364,0.66,1.3,59,1.38,243.5551561,0.441953563,3.3,2.945,0.225757576,1.098779565,3.05904,1.68
K2HgBiI6,0.0,False,1.5,1.6,0.82,6,6.0,5,1.03,80.0,0.02,0.1,0.831635541,0,0,1,0,0.07,0.468181818,0.66,0.64,3,1.38,278.445077,0.422664625,3.3,3.23,0.312121212,0.961099516,3.05904,2.01
K2InHgI6,0.0,False,1.5,1.55,0.82,6,5.0,5,0.8,80.0,0.22,0.05,0.861996838,0,0,1,0,0.3,0.363636364,0.66,0.88,31,1.38,250.047,0.438095238,3.3,3.0,0.242424242,1.070252507,3.05904,1.89
K2HgAsI6,0.0,False,1.5,1.15,0.82,6,4.0,5,0.58,80.0,0.18,0.35,0.893187513,0,0,1,0,0.52,0.263636364,0.66,0.48,47,1.38,224.755712,0.453947368,3.3,2.78,0.175757576,1.190685773,3.05904,2.09
K2CeCuI6,0.3701,False,1.35,1.85,0.82,4,6.0,5,1.01,29.0,0.78,0.5,0.878734641,0,0,1,0,0.24,0.459090909,0.76,1.54,29,1.38,236.029032,0.446601942,2.97,3.21,0.437229437,1.133815727,3.05904,1.51
K2YAuI6,1.1783,False,1.35,1.8,0.82,6,5.0,5,0.9,79.0,1.32,0.45,0.883021151,0,0,1,0,0.05,0.409090909,0.12,1.44,40,1.38,232.608375,0.448780488,3.05,3.1,0.352941176,1.150489223,3.05904,1.88
K2ScAuI6,1.131,False,1.35,1.6,0.82,6,4.0,5,0.745,79.0,1.18,0.25,0.905851556,0,0,1,0,0.105,0.338636364,0.12,1.3,58,1.38,215.4604499,0.460383653,3.05,2.945,0.292156863,1.242053605,3.05904,1.95
K2SbAuI6,0.0,False,1.35,1.45,0.82,6,5.0,5,0.76,79.0,0.49,0.1,0.903590695,0,0,1,0,0.09,0.345454545,0.12,0.61,28,1.38,217.081801,0.459234609,3.05,2.96,0.298039216,1.232776895,3.05904,2.295
K2GaAuI6,0.0,False,1.35,1.3,0.82,6,4.0,5,0.62,79.0,0.73,0.05,0.92514141,0,0,1,0,0.23,0.281818182,0.12,0.85,48,1.38,202.262003,0.470187394,3.05,2.82,0.243137255,1.32310283,3.05904,2.175
K2TlAgI6,0.0,False,1.6,1.9,0.82,6,1.5,5,81.0,1.15,0.31,0.3,0.770295047,0,0,1,0,0.35,1.04,0.522727273,3.7,34,1.38,350.402625,0.391489362,0.73,3.35,0.255555556,0.763731232,3.05904,1.775
K2ScAgI6,2.1618,False,1.6,1.6,0.82,5,4.0,5,0.745,47.0,0.57,0.0,0.862681506,0,0,1,0,0.405,0.338636364,0.73,1.3,26,1.38,249.4521224,0.438443209,3.35,2.945,0.215942029,1.072804777,3.05904,1.645
K2InAgI6,0.0,False,1.6,1.55,0.82,5,5.0,5,0.8,47.0,0.15,0.05,0.855209461,0,0,1,0,0.35,0.363636364,0.73,0.88,2,1.38,256.047875,0.434645669,3.35,3.0,0.231884058,1.045169497,3.05904,1.855
K2HgSbI6,0.0,False,1.5,1.45,0.82,6,5.0,5,0.76,80.0,0.05,0.05,0.867504805,0,0,1,0,0.34,0.345454545,0.66,0.61,29,1.38,245.314376,0.440894569,3.3,2.96,0.23030303,1.090899901,3.05904,2.025
K2GaHgI6,0.0,False,1.5,1.3,0.82,6,4.0,5,0.62,80.0,0.19,0.2,0.887349686,0,0,1,0,0.48,0.281818182,0.66,0.85,49,1.38,229.220928,0.450980392,3.3,2.82,0.187878788,1.167491254,3.05904,1.905
K2TlAuI6,0.0,False,1.9,1.35,0.82,6,6.0,5,0.85,81.0,0.92,0.55,0.804530382,0,0,1,0,0.65,0.386363636,1.04,0.12,2,1.38,307.546875,0.408888889,3.7,3.05,0.188888889,0.870154927,3.05904,2.08
K2AsAuI6,0.0,False,1.35,1.15,0.82,6,4.0,5,0.58,79.0,0.36,0.2,0.931488864,0,0,1,0,0.27,0.263636364,0.12,0.48,46,1.38,198.155287,0.473413379,3.05,2.78,0.22745098,1.350523787,3.05904,2.36
K2AlAuI6,0.0,False,1.35,1.25,0.82,6,3.0,5,0.535,79.0,0.93,0.1,0.938734672,0,0,1,0,0.315,0.243181818,0.12,1.05,66,1.38,193.6021116,0.477095938,3.05,2.735,0.209803922,1.382285691,3.05904,2.075
K2InAuI6,0.0,False,1.55,1.35,0.82,6,0.85,5,79.0,0.8,0.76,0.2,0.897616542,0,0,1,0,0.05,0.12,0.363636364,3.05,30,1.38,221.445125,0.456198347,0.88,3.0,0.31372549,1.20848643,3.05904,2.16
K2GaAgI6,0.0,False,1.6,1.3,0.82,5,4.0,5,0.62,47.0,0.12,0.3,0.880158846,0,0,1,0,0.53,0.281818182,0.73,0.85,16,1.38,234.885113,0.44732577,3.35,2.82,0.179710145,1.139337548,3.05904,1.87
